experiment_family,scenario_name,condition_name,persona_name,chat_atmosphere,repeat_index,timestep,n_agents,n_active_agents,n_inactive_agents,n_public_events,n_post,n_reply,n_like,n_repost,n_observe,nsb_active,gcr_step_public,ssa_step_public,scm_step_active,positive_public_signals,negative_public_signals,visible_hyperedge_count,dominant_hyperedge_id,visible_negative_pressure,mean_latent_neg_all,mean_latent_neg_active,mean_latent_neg_inactive
main,influenza_a,high_interaction,main_baseline_neutral,none,1,1,300,15,285,15,15,0,0,0,0,0.5333,0.5333,0.0667,,7,8,4,seed_4,,0.4934,0.5387,0.491
main,influenza_a,high_interaction,main_baseline_neutral,none,1,2,300,15,285,14,0,14,0,0,1,0.2667,0.7143,-0.4286,,10,4,5,t1_e15,0.6,0.494,0.4714,0.4952
main,influenza_a,high_interaction,main_baseline_neutral,none,1,3,300,15,285,15,0,15,0,0,0,0.8,0.8,0.6,0.5,3,12,1,t1_e15,0.3333333333333333,0.4962,0.586,0.4915
main,influenza_a,high_interaction,main_baseline_neutral,none,1,4,300,15,285,15,0,15,0,0,0,1.0,1.0,1.0,2.9,0,15,1,t1_e15,0.5666666666666667,0.5039,0.5946,0.4991
main,influenza_a,high_interaction,main_baseline_neutral,none,1,5,300,15,285,15,0,15,0,0,0,1.0,1.0,1.0,3.0,0,15,1,t1_e15,0.7111111111111111,0.5133,0.6253,0.5074
main,influenza_a,high_interaction,main_baseline_neutral,none,1,6,300,15,285,15,0,15,0,0,0,1.0,1.0,1.0,0.7692,0,15,1,t1_e15,0.7833333333333333,0.5227,0.7158,0.5125
main,influenza_a,high_interaction,main_baseline_neutral,none,2,1,300,15,285,15,15,0,0,0,0,0.5333,0.5333,0.0667,,7,8,4,seed_4,,0.4933,0.5429,0.4907
main,influenza_a,high_interaction,main_baseline_neutral,none,2,2,300,15,285,14,0,14,0,0,1,0.8667,0.9286,0.8571,,1,13,5,t1_e9,0.8,0.5029,0.6201,0.4968
main,influenza_a,high_interaction,main_baseline_neutral,none,2,3,300,15,285,15,0,15,0,0,0,1.0,1.0,1.0,0.0,0,15,1,t1_e9,0.9333333333333333,0.515,0.6515,0.5078
main,influenza_a,high_interaction,main_baseline_neutral,none,2,4,300,15,285,15,0,15,0,0,0,1.0,1.0,1.0,0.4286,0,15,1,t1_e9,0.9666666666666667,0.5268,0.7005,0.5176
main,influenza_a,high_interaction,main_baseline_neutral,none,2,5,300,15,285,15,0,15,0,0,0,1.0,1.0,1.0,0.0,0,15,1,t1_e9,0.9777777777777777,0.5387,0.7115,0.5296
main,influenza_a,high_interaction,main_baseline_neutral,none,3,1,300,15,285,15,15,0,0,0,0,0.5333,0.5333,0.0667,,7,8,4,seed_4,,0.4917,0.5384,0.4892
main,influenza_a,high_interaction,main_baseline_neutral,none,3,2,300,15,285,13,0,13,0,0,2,0.2,0.7692,-0.5385,,10,3,5,t1_e15,0.6,0.4921,0.4782,0.4929
main,influenza_a,high_interaction,main_baseline_neutral,none,3,3,300,15,285,14,0,14,0,0,1,0.1333,0.8571,-0.7143,4.0,12,2,1,t1_e15,0.2857142857142857,0.4877,0.4569,0.4893
main,influenza_a,high_interaction,main_baseline_neutral,none,3,4,300,15,285,15,0,15,0,0,0,0.4,0.6,-0.2,0.4444,9,6,1,t1_e15,0.21428571428571427,0.4854,0.4983,0.4847
main,influenza_a,high_interaction,main_baseline_neutral,none,3,5,300,15,285,15,0,15,0,0,0,0.6,0.6,0.2,1.1667,6,9,1,t1_e15,0.27906976744186046,0.4848,0.5405,0.4819
main,influenza_a,high_interaction,main_baseline_neutral,none,3,6,300,15,285,15,0,15,0,0,0,0.8667,0.8667,0.7333,2.0,2,13,1,t1_e15,0.3620689655172414,0.4886,0.5998,0.4827
main,influenza_a,high_interaction,main_baseline_neutral,none,3,7,300,15,285,15,0,15,0,0,0,0.2,0.8,-0.6,0.6154,12,3,1,t1_e15,0.4657534246575342,0.4868,0.4431,0.4891
main,influenza_a,high_interaction,main_baseline_neutral,none,3,8,300,15,285,15,0,15,0,0,0,0.6667,0.6667,0.3333,0.7692,5,10,1,t1_e15,0.42045454545454547,0.4882,0.6505,0.4797
main,influenza_a,high_interaction,main_baseline_neutral,none,3,9,300,15,285,15,0,15,0,0,0,0.2667,0.7333,-0.4667,1.0,11,4,1,t1_e15,0.4563106796116505,0.4877,0.4754,0.4883
main,influenza_a,high_interaction,main_baseline_neutral,none,3,10,300,15,285,15,0,15,0,0,0,0.6,0.6,0.2,0.3077,6,9,1,t1_e15,0.4322033898305085,0.4885,0.6261,0.4812
main,influenza_a,high_interaction,main_baseline_neutral,none,3,11,300,15,285,15,0,15,0,0,0,0.4,0.6,-0.2,1.3077,9,6,1,t1_e15,0.45112781954887216,0.4885,0.5624,0.4846
main,influenza_a,high_interaction,main_baseline_neutral,none,3,12,300,15,285,15,0,15,0,0,0,0.2667,0.7333,-0.4667,1.0,11,4,1,t1_e15,0.44594594594594594,0.4871,0.5553,0.4835
main,influenza_a,high_interaction,main_baseline_neutral,none,3,13,300,15,285,15,0,15,0,0,0,0.6,0.6,0.2,1.2308,6,9,1,t1_e15,0.42944785276073616,0.488,0.6462,0.4797
main,influenza_a,high_interaction,main_baseline_neutral,none,3,14,300,15,285,15,0,15,0,0,0,0.8667,0.8667,0.7333,2.4615,2,13,1,t1_e15,0.4438202247191011,0.4921,0.6513,0.4837
main,influenza_a,high_interaction,main_baseline_neutral,none,3,15,300,15,285,15,0,15,0,0,0,0.6667,0.6667,0.3333,1.9231,5,10,1,t1_e15,0.47668393782383417,0.4952,0.6233,0.4884
main,influenza_a,high_interaction,main_baseline_neutral,none,4,1,300,15,285,15,15,0,0,0,0,0.5333,0.5333,0.0667,,7,8,4,seed_4,,0.4941,0.5436,0.4915
main,influenza_a,high_interaction,main_baseline_neutral,none,4,2,300,15,285,15,0,15,0,0,0,1.0,1.0,1.0,,0,15,5,t1_e9,1.0,0.5069,0.6458,0.4996
main,influenza_a,high_interaction,main_baseline_neutral,none,4,3,300,15,285,15,0,15,0,0,0,0.9333,0.9333,0.8667,0.0,1,14,1,t1_e9,1.0,0.5186,0.6455,0.5119
main,influenza_a,high_interaction,main_baseline_neutral,none,4,4,300,15,285,15,0,15,0,0,0,1.0,1.0,1.0,0.0,0,15,1,t1_e9,0.967741935483871,0.5299,0.7189,0.5199
main,influenza_a,high_interaction,main_baseline_neutral,none,4,5,300,15,285,15,0,15,0,0,0,1.0,1.0,1.0,0.1667,0,15,1,t1_e9,0.9782608695652174,0.5418,0.7039,0.5333
main,influenza_a,high_interaction,main_baseline_neutral,none,5,1,300,15,285,15,15,0,0,0,0,0.5333,0.5333,0.0667,,7,8,4,seed_4,,0.4933,0.5427,0.4907
main,influenza_a,high_interaction,main_baseline_neutral,none,5,2,300,15,285,13,0,13,0,0,2,0.4,0.5385,-0.0769,,7,6,5,t1_e15,0.6,0.4957,0.5109,0.495
main,influenza_a,high_interaction,main_baseline_neutral,none,5,3,300,15,285,15,0,15,0,0,0,0.6667,0.6667,0.3333,1.0,5,10,1,t1_e15,0.5,0.499,0.585,0.4945
main,influenza_a,high_interaction,main_baseline_neutral,none,5,4,300,15,285,14,0,14,0,0,1,0.6667,0.7143,0.4286,1.0,4,10,1,t1_e15,0.5862068965517241,0.5033,0.5613,0.5002
main,influenza_a,high_interaction,main_baseline_neutral,none,5,5,300,15,285,11,0,11,0,0,4,0.4667,0.7,0.4,0.8333,3,7,1,t1_e15,0.627906976744186,0.5069,0.581,0.503
main,influenza_a,high_interaction,main_baseline_neutral,none,5,6,300,15,285,14,0,14,0,0,1,0.4,0.5385,-0.0769,0.8462,7,6,1,t1_e15,0.6415094339622641,0.5094,0.5799,0.5057
main,influenza_a,high_interaction,main_baseline_neutral,none,5,7,300,15,285,13,0,13,0,0,2,0.4667,0.5385,0.0769,1.8462,6,7,1,t1_e15,0.6060606060606061,0.5118,0.6749,0.5032
main,influenza_a,high_interaction,main_baseline_neutral,none,5,8,300,15,285,14,0,14,0,0,1,0.3333,0.6154,-0.2308,1.0,8,5,1,t1_e15,0.5949367088607594,0.5131,0.569,0.5102
main,influenza_a,high_interaction,main_baseline_neutral,none,5,9,300,15,285,15,0,15,0,0,0,0.5333,0.5714,0.1429,1.3077,6,8,1,t1_e15,0.5652173913043478,0.5155,0.7048,0.5055
main,influenza_a,high_interaction,main_baseline_neutral,none,5,10,300,15,285,14,0,14,0,0,1,0.4667,0.5,0.0,1.3077,7,7,1,t1_e15,0.5660377358490566,0.5173,0.6394,0.5109
main,influenza_a,high_interaction,main_baseline_neutral,none,5,11,300,15,285,15,0,15,0,0,0,0.8,0.8,0.6,1.0769,3,12,1,t1_e15,0.5583333333333333,0.5216,0.7253,0.5108
main,influenza_a,high_interaction,main_baseline_neutral,none,5,12,300,15,285,15,0,15,0,0,0,0.8,0.8571,0.7143,1.0,2,12,1,t1_e15,0.5851851851851851,0.5259,0.741,0.5146
main,influenza_a,high_interaction,main_baseline_neutral,none,5,13,300,15,285,13,0,13,0,0,2,0.4667,0.5385,0.0769,0.9231,6,7,1,t1_e15,0.610738255033557,0.5275,0.6945,0.5187
main,influenza_a,high_interaction,main_baseline_neutral,none,5,14,300,15,285,15,0,15,0,0,0,0.7333,0.7333,0.4667,0.8462,4,11,1,t1_e15,0.6049382716049383,0.5308,0.7642,0.5185
main,influenza_a,high_interaction,main_baseline_neutral,none,5,15,300,15,285,15,0,15,0,0,0,0.7333,0.7857,0.5714,0.8462,3,11,1,t1_e15,0.615819209039548,0.5344,0.7762,0.5217
main,influenza_a,high_interaction,main_baseline_neutral,none,6,1,300,15,285,15,15,0,0,0,0,0.5333,0.5333,0.0667,,7,8,4,seed_4,,0.4916,0.5478,0.4886
main,influenza_a,high_interaction,main_baseline_neutral,none,6,2,300,15,285,15,0,15,0,0,0,1.0,1.0,1.0,,0,15,5,t1_e9,1.0,0.5046,0.6464,0.4971
main,influenza_a,high_interaction,main_baseline_neutral,none,6,3,300,15,285,15,0,15,0,0,0,1.0,1.0,1.0,,0,15,1,t1_e9,1.0,0.5175,0.6477,0.5106
main,influenza_a,high_interaction,main_baseline_neutral,none,6,4,300,15,285,15,0,15,0,0,0,1.0,1.0,1.0,0.2857,0,15,1,t1_e9,1.0,0.5298,0.7149,0.5201
main,influenza_a,high_interaction,main_baseline_neutral,none,6,5,300,15,285,15,0,15,0,0,0,1.0,1.0,1.0,0.1429,0,15,1,t1_e9,1.0,0.5421,0.7158,0.533
main,influenza_a,high_interaction,main_baseline_neutral,none,7,1,300,15,285,15,15,0,0,0,0,0.5333,0.5333,0.0667,,7,8,4,seed_4,,0.4916,0.5417,0.489
main,influenza_a,high_interaction,main_baseline_neutral,none,7,2,300,15,285,15,0,15,0,0,0,0.9333,0.9333,0.8667,,1,14,5,t1_e9,0.6,0.4987,0.6123,0.4928
main,influenza_a,high_interaction,main_baseline_neutral,none,7,3,300,15,285,15,0,15,0,0,0,0.8667,0.8667,0.7333,2.0,2,13,1,t1_e9,0.9375,0.5096,0.6262,0.5034
main,influenza_a,high_interaction,main_baseline_neutral,none,7,4,300,15,285,15,0,15,0,0,0,0.8,0.8,0.6,2.6,3,12,1,t1_e9,0.9032258064516129,0.5192,0.644,0.5126
main,influenza_a,high_interaction,main_baseline_neutral,none,7,5,300,15,285,15,0,15,0,0,0,0.9333,0.9333,0.8667,0.8889,1,14,1,t1_e9,0.8695652173913043,0.5285,0.7024,0.5194
main,influenza_a,high_interaction,main_baseline_neutral,none,7,6,300,15,285,15,0,15,0,0,0,1.0,1.0,1.0,0.8462,0,15,1,t1_e9,0.8852459016393442,0.5386,0.751,0.5274
main,influenza_a,high_interaction,main_baseline_neutral,none,7,7,300,15,285,15,0,15,0,0,0,0.9333,0.9333,0.8667,1.3846,1,14,1,t1_e9,0.9078947368421053,0.5482,0.7621,0.5369
main,influenza_a,high_interaction,main_baseline_neutral,none,8,1,300,15,285,15,15,0,0,0,0,0.5333,0.5333,0.0667,,7,8,4,seed_4,,0.4923,0.5417,0.4897
main,influenza_a,high_interaction,main_baseline_neutral,none,8,2,300,15,285,15,0,15,0,0,0,1.0,1.0,1.0,,0,15,5,t1_e15,0.6,0.5006,0.6175,0.4944
main,influenza_a,high_interaction,main_baseline_neutral,none,8,3,300,15,285,15,0,15,0,0,0,1.0,1.0,1.0,,0,15,1,t1_e15,1.0,0.5136,0.6489,0.5065
main,influenza_a,high_interaction,main_baseline_neutral,none,8,4,300,15,285,15,0,15,0,0,0,1.0,1.0,1.0,0.5,0,15,1,t1_e15,1.0,0.5259,0.6952,0.517
main,influenza_a,high_interaction,main_baseline_neutral,none,8,5,300,15,285,15,0,15,0,0,0,1.0,1.0,1.0,0.8889,0,15,1,t1_e15,1.0,0.5379,0.7036,0.5291
main,influenza_a,high_interaction,main_baseline_neutral,none,9,1,300,15,285,15,15,0,0,0,0,0.5333,0.5333,0.0667,,7,8,4,seed_4,,0.493,0.5431,0.4903
main,influenza_a,high_interaction,main_baseline_neutral,none,9,2,300,15,285,13,0,13,0,0,2,0.0667,0.9231,-0.8462,,12,1,5,t1_e15,0.6,0.4922,0.4469,0.4945
main,influenza_a,high_interaction,main_baseline_neutral,none,9,3,300,15,285,14,0,14,0,0,1,0.0667,0.9286,-0.8571,2.0,13,1,1,t1_e15,0.14285714285714285,0.4849,0.4297,0.4878
main,influenza_a,high_interaction,main_baseline_neutral,none,9,4,300,15,285,15,0,15,0,0,0,0.3333,0.7143,-0.4286,0.4444,10,4,1,t1_e15,0.10714285714285714,0.4796,0.4315,0.4821
main,influenza_a,high_interaction,main_baseline_neutral,none,9,5,300,15,285,15,0,15,0,0,0,0.0667,0.9333,-0.8667,1.0,14,1,1,t1_e15,0.16666666666666666,0.4733,0.4266,0.4758
main,influenza_a,high_interaction,main_baseline_neutral,none,9,6,300,15,285,14,0,14,0,0,1,0.0667,0.9286,-0.8571,0.3846,13,1,1,t1_e15,0.14035087719298245,0.4662,0.3733,0.4711
main,influenza_a,high_interaction,main_baseline_neutral,none,9,7,300,15,285,14,0,14,0,0,1,0.2,0.7857,-0.5714,0.4615,11,3,1,t1_e15,0.1267605633802817,0.4608,0.3801,0.465
main,influenza_a,high_interaction,main_baseline_neutral,none,9,8,300,15,285,13,0,13,0,0,2,0.3333,0.6154,-0.2308,1.2308,8,5,1,t1_e15,0.1411764705882353,0.4568,0.4032,0.4596
main,influenza_a,high_interaction,main_baseline_neutral,none,9,9,300,15,285,15,0,15,0,0,0,0.1333,0.8667,-0.7333,0.8462,13,2,1,t1_e15,0.17346938775510204,0.451,0.3388,0.4569
main,influenza_a,high_interaction,main_baseline_neutral,none,9,10,300,15,285,15,0,15,0,0,0,0.2,0.8,-0.6,0.3077,12,3,1,t1_e15,0.168141592920354,0.4457,0.3516,0.4507
main,influenza_a,high_interaction,main_baseline_neutral,none,9,11,300,15,285,14,0,14,0,0,1,0.3333,0.6429,-0.2857,0.8462,9,5,1,t1_e15,0.171875,0.4428,0.3875,0.4457
main,influenza_a,high_interaction,main_baseline_neutral,none,9,12,300,15,285,15,0,15,0,0,0,0.4,0.6,-0.2,0.6923,9,6,1,t1_e15,0.19014084507042253,0.4396,0.4165,0.4409
main,influenza_a,high_interaction,main_baseline_neutral,none,9,13,300,15,285,15,0,15,0,0,0,0.2667,0.7333,-0.4667,0.8462,11,4,1,t1_e15,0.21019108280254778,0.4368,0.315,0.4432
main,influenza_a,high_interaction,main_baseline_neutral,none,9,14,300,15,285,14,0,14,0,0,1,0.4,0.5714,-0.1429,0.5385,8,6,1,t1_e15,0.21511627906976744,0.4342,0.4588,0.4329
main,influenza_a,high_interaction,main_baseline_neutral,none,9,15,300,15,285,15,0,15,0,0,0,0.3333,0.6667,-0.3333,0.4615,10,5,1,t1_e15,0.23118279569892472,0.4313,0.3133,0.4375
main,influenza_a,high_interaction,main_baseline_neutral,none,10,1,300,15,285,15,15,0,0,0,0,0.5333,0.5333,0.0667,,7,8,4,seed_4,,0.4923,0.5455,0.4895
main,influenza_a,high_interaction,main_baseline_neutral,none,10,2,300,15,285,15,0,15,0,0,0,0.7333,0.7333,0.4667,,4,11,5,t1_e15,0.6,0.4978,0.5696,0.4941
main,influenza_a,high_interaction,main_baseline_neutral,none,10,3,300,15,285,15,0,15,0,0,0,0.8,0.8,0.6,,3,12,1,t1_e15,0.75,0.5059,0.5967,0.5011
main,influenza_a,high_interaction,main_baseline_neutral,none,10,4,300,15,285,15,0,15,0,0,0,1.0,1.0,1.0,1.8889,0,15,1,t1_e15,0.7741935483870968,0.5155,0.6676,0.5075
main,influenza_a,high_interaction,main_baseline_neutral,none,10,5,300,15,285,15,0,15,0,0,0,1.0,1.0,1.0,1.0,0,15,1,t1_e15,0.8478260869565217,0.526,0.6741,0.5182
main,influenza_a,high_interaction,main_baseline_neutral,none,10,6,300,15,285,15,0,15,0,0,0,1.0,1.0,1.0,1.0769,0,15,1,t1_e15,0.8852459016393442,0.5362,0.7517,0.5249
main,influenza_a,high_interaction,main_baseline_neutral,none,11,1,300,15,285,15,15,0,0,0,0,0.5333,0.5333,0.0667,,7,8,4,seed_4,,0.4942,0.5486,0.4914
main,influenza_a,high_interaction,main_baseline_neutral,none,11,2,300,15,285,14,0,14,0,0,1,0.3333,0.6429,-0.2857,,9,5,5,t1_e9,0.6,0.4958,0.5077,0.4952
main,influenza_a,high_interaction,main_baseline_neutral,none,11,3,300,15,285,15,0,15,0,0,0,0.6667,0.6667,0.3333,0.6667,5,10,1,t1_e9,0.4,0.4979,0.5771,0.4937
main,influenza_a,high_interaction,main_baseline_neutral,none,11,4,300,15,285,15,0,15,0,0,0,0.6,0.6,0.2,1.6667,6,9,1,t1_e9,0.5333333333333333,0.5005,0.5543,0.4976
main,influenza_a,high_interaction,main_baseline_neutral,none,11,5,300,15,285,15,0,15,0,0,0,0.9333,0.9333,0.8667,1.2,1,14,1,t1_e9,0.5555555555555556,0.5067,0.6349,0.5
main,influenza_a,high_interaction,main_baseline_neutral,none,11,6,300,15,285,15,0,15,0,0,0,0.8667,0.8667,0.7333,1.7692,2,13,1,t1_e9,0.65,0.5136,0.6223,0.5079
main,influenza_a,high_interaction,main_baseline_neutral,none,11,7,300,15,285,15,0,15,0,0,0,1.0,1.0,1.0,1.3846,0,15,1,t1_e9,0.6933333333333334,0.5217,0.7283,0.5108
main,influenza_a,high_interaction,main_baseline_neutral,none,11,8,300,15,285,15,0,15,0,0,0,1.0,1.0,1.0,0.9231,0,15,1,t1_e9,0.7444444444444446,0.53,0.7332,0.5193
main,influenza_a,high_interaction,main_baseline_neutral,none,11,9,300,15,285,15,0,15,0,0,0,1.0,1.0,1.0,0.8462,0,15,1,t1_e9,0.780952380952381,0.5385,0.7718,0.5263
main,influenza_a,high_interaction,main_baseline_neutral,none,12,1,300,15,285,15,15,0,0,0,0,0.5333,0.5333,0.0667,,7,8,4,seed_4,,0.4924,0.5423,0.4898
main,influenza_a,high_interaction,main_baseline_neutral,none,12,2,300,15,285,14,0,14,0,0,1,0.3333,0.6429,-0.2857,,9,5,5,t1_e15,0.6,0.4938,0.4921,0.4938
main,influenza_a,high_interaction,main_baseline_neutral,none,12,3,300,15,285,15,0,15,0,0,0,0.8667,0.8667,0.7333,0.5,2,13,1,t1_e15,0.4,0.4979,0.6054,0.4922
main,influenza_a,high_interaction,main_baseline_neutral,none,12,4,300,15,285,15,0,15,0,0,0,0.9333,0.9333,0.8667,2.7778,1,14,1,t1_e15,0.6333333333333333,0.5055,0.5917,0.501
main,influenza_a,high_interaction,main_baseline_neutral,none,12,5,300,15,285,15,0,15,0,0,0,1.0,1.0,1.0,1.5,0,15,1,t1_e15,0.7333333333333333,0.5148,0.6525,0.5075
main,influenza_a,high_interaction,main_baseline_neutral,none,12,6,300,15,285,15,0,15,0,0,0,1.0,1.0,1.0,1.3077,0,15,1,t1_e15,0.8,0.5242,0.6971,0.5151
main,influenza_a,high_interaction,main_baseline_neutral,none,13,1,300,15,285,15,15,0,0,0,0,0.5333,0.5333,0.0667,,7,8,4,seed_4,,0.4912,0.5392,0.4887
main,influenza_a,high_interaction,main_baseline_neutral,none,13,2,300,15,285,15,0,15,0,0,0,0.1333,0.8667,-0.7333,,13,2,5,t1_e15,0.6,0.4911,0.4615,0.4927
main,influenza_a,high_interaction,main_baseline_neutral,none,13,3,300,15,285,15,0,15,0,0,0,0.4667,0.5,0.0,1.0,7,7,1,t1_e15,0.1875,0.4885,0.5199,0.4868
main,influenza_a,high_interaction,main_baseline_neutral,none,13,4,300,15,285,13,0,13,0,0,2,0.6,0.6923,0.3846,2.0,4,9,1,t1_e15,0.3333333333333333,0.4891,0.5386,0.4865
main,influenza_a,high_interaction,main_baseline_neutral,none,13,5,300,15,285,15,0,15,0,0,0,0.8,0.8,0.6,1.4444,3,12,1,t1_e15,0.4418604651162791,0.493,0.5912,0.4878
main,influenza_a,high_interaction,main_baseline_neutral,none,13,6,300,15,285,14,0,14,0,0,1,0.4667,0.5,0.0,1.3846,7,7,1,t1_e15,0.5344827586206896,0.4949,0.4983,0.4947
main,influenza_a,high_interaction,main_baseline_neutral,none,13,7,300,15,285,14,0,14,0,0,1,0.4667,0.5,0.0,1.3846,7,7,1,t1_e15,0.5277777777777778,0.4964,0.6082,0.4905
main,influenza_a,high_interaction,main_baseline_neutral,none,13,8,300,15,285,15,0,15,0,0,0,0.2667,0.7333,-0.4667,0.6923,11,4,1,t1_e15,0.5232558139534884,0.4964,0.4951,0.4965
main,influenza_a,high_interaction,main_baseline_neutral,none,13,9,300,15,285,15,0,15,0,0,0,0.6667,0.6667,0.3333,1.3077,5,10,1,t1_e15,0.4851485148514851,0.499,0.6702,0.49
main,influenza_a,high_interaction,main_baseline_neutral,none,13,10,300,15,285,15,0,15,0,0,0,0.7333,0.7333,0.4667,1.2308,4,11,1,t1_e15,0.5086206896551724,0.5026,0.6441,0.4952
main,influenza_a,high_interaction,main_baseline_neutral,none,13,11,300,15,285,15,0,15,0,0,0,0.5333,0.5333,0.0667,0.6923,7,8,1,t1_e15,0.5343511450381679,0.5039,0.5731,0.5002
main,influenza_a,high_interaction,main_baseline_neutral,none,13,12,300,15,285,14,0,14,0,0,1,0.8,0.8571,0.7143,1.3846,2,12,1,t1_e15,0.5342465753424658,0.5076,0.7355,0.4956
main,influenza_a,high_interaction,main_baseline_neutral,none,13,13,300,15,285,15,0,15,0,0,0,0.6667,0.6667,0.3333,1.2308,5,10,1,t1_e15,0.5625,0.5101,0.6862,0.5009
main,influenza_a,high_interaction,main_baseline_neutral,none,13,14,300,15,285,15,0,15,0,0,0,0.6667,0.6667,0.3333,1.0,5,10,1,t1_e15,0.5714285714285714,0.5133,0.6202,0.5077
main,influenza_a,high_interaction,main_baseline_neutral,none,13,15,300,15,285,15,0,15,0,0,0,0.8,0.8,0.6,1.1538,3,12,1,t1_e15,0.5789473684210527,0.5168,0.815,0.5011
main,influenza_a,high_interaction,main_baseline_neutral,none,14,1,300,15,285,15,15,0,0,0,0,0.5333,0.5333,0.0667,,7,8,4,seed_4,,0.4925,0.5466,0.4897
main,influenza_a,high_interaction,main_baseline_neutral,none,14,2,300,15,285,15,0,15,0,0,0,1.0,1.0,1.0,,0,15,5,t1_e9,1.0,0.5056,0.6443,0.4983
main,influenza_a,high_interaction,main_baseline_neutral,none,14,3,300,15,285,15,0,15,0,0,0,0.9333,0.9333,0.8667,0.0,1,14,1,t1_e9,1.0,0.5179,0.6487,0.5111
main,influenza_a,high_interaction,main_baseline_neutral,none,14,4,300,15,285,15,0,15,0,0,0,1.0,1.0,1.0,0.2857,0,15,1,t1_e9,0.967741935483871,0.5296,0.7124,0.52
main,influenza_a,high_interaction,main_baseline_neutral,none,14,5,300,15,285,15,0,15,0,0,0,1.0,1.0,1.0,0.1429,0,15,1,t1_e9,0.9782608695652174,0.5413,0.718,0.532
main,influenza_a,high_interaction,main_baseline_neutral,none,15,1,300,15,285,15,15,0,0,0,0,0.5333,0.5333,0.0667,,7,8,4,seed_4,,0.4929,0.548,0.49
main,influenza_a,high_interaction,main_baseline_neutral,none,15,2,300,15,285,13,0,13,0,0,2,0.5333,0.6154,0.2308,,5,8,5,t1_e15,0.6,0.4967,0.5335,0.4948
main,influenza_a,high_interaction,main_baseline_neutral,none,15,3,300,15,285,15,0,15,0,0,0,0.5333,0.5714,0.1429,,6,8,1,t1_e15,0.6428571428571429,0.5009,0.5382,0.4989
main,influenza_a,high_interaction,main_baseline_neutral,none,15,4,300,15,285,15,0,15,0,0,0,0.6667,0.6667,0.3333,1.9,5,10,1,t1_e15,0.6071428571428571,0.5053,0.5826,0.5012
main,influenza_a,high_interaction,main_baseline_neutral,none,15,5,300,15,285,15,0,15,0,0,0,0.1333,0.8667,-0.7333,1.5,13,2,1,t1_e15,0.627906976744186,0.5054,0.4727,0.5071
main,influenza_a,high_interaction,main_baseline_neutral,none,15,6,300,15,285,15,0,15,0,0,0,0.2667,0.7333,-0.4667,2.1538,11,4,1,t1_e15,0.5,0.5048,0.5936,0.5002
main,influenza_a,high_interaction,main_baseline_neutral,none,15,7,300,15,285,14,0,14,0,0,1,0.3333,0.6429,-0.2857,0.6923,9,5,1,t1_e15,0.4520547945205479,0.5043,0.5317,0.5029
main,influenza_a,high_interaction,main_baseline_neutral,none,15,8,300,15,285,15,0,15,0,0,0,0.4,0.6,-0.2,1.5385,9,6,1,t1_e15,0.4367816091954023,0.5037,0.5941,0.4989
main,influenza_a,high_interaction,main_baseline_neutral,none,15,9,300,15,285,15,0,15,0,0,0,0.1333,0.8667,-0.7333,0.7692,13,2,1,t1_e15,0.43137254901960786,0.5009,0.4881,0.5016
main,influenza_a,high_interaction,main_baseline_neutral,none,15,10,300,15,285,15,0,15,0,0,0,0.4,0.6,-0.2,1.1538,9,6,1,t1_e15,0.39316239316239315,0.4994,0.5662,0.4959
main,influenza_a,high_interaction,main_baseline_neutral,none,15,11,300,15,285,15,0,15,0,0,0,0.4,0.6,-0.2,0.7692,9,6,1,t1_e15,0.3939393939393939,0.499,0.5434,0.4966
main,influenza_a,high_interaction,main_baseline_neutral,none,15,12,300,15,285,15,0,15,0,0,0,0.2,0.8,-0.6,0.6923,12,3,1,t1_e15,0.3945578231292517,0.496,0.5252,0.4945
main,influenza_a,high_interaction,main_baseline_neutral,none,15,13,300,15,285,15,0,15,0,0,0,0.2667,0.7333,-0.4667,0.3077,11,4,1,t1_e15,0.3765432098765432,0.4936,0.5328,0.4915
main,influenza_a,high_interaction,main_baseline_neutral,none,15,14,300,15,285,15,0,15,0,0,0,0.4,0.6,-0.2,0.7692,9,6,1,t1_e15,0.3672316384180791,0.4925,0.5571,0.4891
main,influenza_a,high_interaction,main_baseline_neutral,none,15,15,300,15,285,15,0,15,0,0,0,0.3333,0.6667,-0.3333,0.8462,10,5,1,t1_e15,0.3697916666666667,0.4914,0.5048,0.4907
main,influenza_a,high_interaction,main_baseline_neutral,none,16,1,300,15,285,15,15,0,0,0,0,0.5333,0.5333,0.0667,,7,8,4,seed_4,,0.4903,0.5391,0.4877
main,influenza_a,high_interaction,main_baseline_neutral,none,16,2,300,15,285,15,0,15,0,0,0,0.1333,0.8667,-0.7333,,13,2,5,t1_e9,0.8,0.4929,0.4678,0.4942
main,influenza_a,high_interaction,main_baseline_neutral,none,16,3,300,15,285,15,0,15,0,0,0,0.6,0.6,0.2,1.0,6,9,1,t1_e9,0.1875,0.4915,0.5493,0.4884
main,influenza_a,high_interaction,main_baseline_neutral,none,16,4,300,15,285,15,0,15,0,0,0,0.7333,0.7333,0.4667,1.8,4,11,1,t1_e9,0.3870967741935484,0.4941,0.558,0.4907
main,influenza_a,high_interaction,main_baseline_neutral,none,16,5,300,15,285,15,0,15,0,0,0,0.6667,0.6667,0.3333,0.4286,5,10,1,t1_e9,0.5,0.4973,0.5747,0.4932
main,influenza_a,high_interaction,main_baseline_neutral,none,16,6,300,15,285,15,0,15,0,0,0,0.7333,0.7333,0.4667,1.8462,4,11,1,t1_e9,0.5409836065573771,0.5017,0.5896,0.4971
main,influenza_a,high_interaction,main_baseline_neutral,none,16,7,300,15,285,14,0,14,0,0,1,0.6667,0.7143,0.4286,1.0,4,10,1,t1_e9,0.5789473684210527,0.5057,0.6213,0.4996
main,influenza_a,high_interaction,main_baseline_neutral,none,16,8,300,15,285,15,0,15,0,0,0,0.8,0.8,0.6,1.4615,3,12,1,t1_e9,0.6,0.511,0.6601,0.5032
main,influenza_a,high_interaction,main_baseline_neutral,none,16,9,300,15,285,15,0,15,0,0,0,0.8,0.8,0.6,1.2308,3,12,1,t1_e9,0.6285714285714286,0.5167,0.6686,0.5088
main,influenza_a,high_interaction,main_baseline_neutral,none,16,10,300,15,285,14,0,14,0,0,1,0.8,0.8571,0.7143,0.8462,2,12,1,t1_e9,0.65,0.5224,0.7353,0.5112
main,influenza_a,high_interaction,main_baseline_neutral,none,16,11,300,15,285,15,0,15,0,0,0,0.8,0.8,0.6,1.0,3,12,1,t1_e9,0.6716417910447762,0.5278,0.7288,0.5172
main,influenza_a,high_interaction,main_baseline_neutral,none,16,12,300,15,285,15,0,15,0,0,0,0.9333,0.9333,0.8667,0.9231,1,14,1,t1_e9,0.6845637583892618,0.534,0.79,0.5206
main,influenza_a,high_interaction,main_baseline_neutral,none,16,13,300,15,285,15,0,15,0,0,0,0.9333,0.9333,0.8667,1.0,1,14,1,t1_e9,0.7073170731707317,0.5401,0.8103,0.5259
main,influenza_a,high_interaction,main_baseline_neutral,none,16,14,300,15,285,15,0,15,0,0,0,0.8667,0.8667,0.7333,1.0769,2,13,1,t1_e9,0.7262569832402235,0.5461,0.8121,0.5321
main,influenza_a,high_interaction,main_baseline_neutral,none,16,15,300,15,285,15,0,15,0,0,0,0.8667,0.8667,0.7333,0.4615,2,13,1,t1_e9,0.7371134020618557,0.5512,0.8497,0.5355
main,influenza_a,high_interaction,main_baseline_neutral,none,17,1,300,15,285,15,15,0,0,0,0,0.5333,0.5333,0.0667,,7,8,4,seed_4,,0.4925,0.5446,0.4898
main,influenza_a,high_interaction,main_baseline_neutral,none,17,2,300,15,285,13,0,13,0,0,2,0.1333,0.8462,-0.6923,,11,2,5,t1_e15,0.6,0.4925,0.4605,0.4942
main,influenza_a,high_interaction,main_baseline_neutral,none,17,3,300,15,285,15,0,15,0,0,0,0.5333,0.6154,0.2308,1.0,5,8,1,t1_e15,0.21428571428571427,0.4913,0.5271,0.4894
main,influenza_a,high_interaction,main_baseline_neutral,none,17,4,300,15,285,14,0,14,0,0,1,0.4667,0.5,0.0,1.2222,7,7,1,t1_e15,0.4074074074074074,0.4922,0.5118,0.4912
main,influenza_a,high_interaction,main_baseline_neutral,none,17,5,300,15,285,15,0,15,0,0,0,0.9333,1.0,1.0,1.8571,0,14,1,t1_e15,0.43902439024390244,0.4973,0.6409,0.4897
main,influenza_a,high_interaction,main_baseline_neutral,none,17,6,300,15,285,14,0,14,0,0,1,0.5333,0.5714,0.1429,1.2308,6,8,1,t1_e15,0.5818181818181818,0.5012,0.5154,0.5004
main,influenza_a,high_interaction,main_baseline_neutral,none,17,7,300,15,285,14,0,14,0,0,1,0.5333,0.5714,0.1429,1.7692,6,8,1,t1_e15,0.5797101449275363,0.5038,0.6389,0.4967
main,influenza_a,high_interaction,main_baseline_neutral,none,17,8,300,15,285,14,0,14,0,0,1,0.5333,0.5714,0.1429,1.7692,6,8,1,t1_e15,0.5783132530120482,0.5069,0.5667,0.5037
main,influenza_a,high_interaction,main_baseline_neutral,none,17,9,300,15,285,15,0,15,0,0,0,0.9333,0.9333,0.8667,1.3077,1,14,1,t1_e15,0.5773195876288659,0.5123,0.7155,0.5016
main,influenza_a,high_interaction,main_baseline_neutral,none,17,10,300,15,285,15,0,15,0,0,0,0.8,0.8,0.6,1.3846,3,12,1,t1_e15,0.625,0.5179,0.6493,0.511
main,influenza_a,high_interaction,main_baseline_neutral,none,17,11,300,15,285,15,0,15,0,0,0,0.9333,0.9333,0.8667,0.6154,1,14,1,t1_e15,0.6456692913385826,0.5235,0.7676,0.5107
main,influenza_a,high_interaction,main_baseline_neutral,none,17,12,300,15,285,15,0,15,0,0,0,0.8,0.8,0.6,0.6923,3,12,1,t1_e15,0.676056338028169,0.5288,0.7049,0.5195
main,influenza_a,high_interaction,main_baseline_neutral,none,17,13,300,15,285,15,0,15,0,0,0,1.0,1.0,1.0,1.0,0,15,1,t1_e15,0.6878980891719745,0.5356,0.8076,0.5213
main,influenza_a,high_interaction,main_baseline_neutral,none,17,14,300,15,285,15,0,15,0,0,0,1.0,1.0,1.0,1.0,0,15,1,t1_e15,0.7151162790697675,0.5429,0.7904,0.5299
main,influenza_a,high_interaction,main_baseline_neutral,none,17,15,300,15,285,15,0,15,0,0,0,0.9333,0.9333,0.8667,0.4615,1,14,1,t1_e15,0.7379679144385027,0.5485,0.8527,0.5325
main,influenza_a,high_interaction,main_baseline_neutral,none,18,1,300,15,285,15,15,0,0,0,0,0.5333,0.5333,0.0667,,7,8,4,seed_4,,0.493,0.544,0.4904
main,influenza_a,high_interaction,main_baseline_neutral,none,18,2,300,15,285,15,0,15,0,0,0,0.9333,0.9333,0.8667,,1,14,5,t1_e8,0.8,0.5026,0.6202,0.4964
main,influenza_a,high_interaction,main_baseline_neutral,none,18,3,300,15,285,15,0,15,0,0,0,0.9333,0.9333,0.8667,4.0,1,14,1,t1_e8,0.875,0.5133,0.6242,0.5074
main,influenza_a,high_interaction,main_baseline_neutral,none,18,4,300,15,285,15,0,15,0,0,0,1.0,1.0,1.0,0.7143,0,15,1,t1_e8,0.9032258064516129,0.5245,0.6941,0.5156
main,influenza_a,high_interaction,main_baseline_neutral,none,18,5,300,15,285,15,0,15,0,0,0,0.8667,0.8667,0.7333,0.2857,2,13,1,t1_e8,0.9347826086956521,0.5349,0.6836,0.527
main,influenza_a,high_interaction,main_baseline_neutral,none,18,6,300,15,285,15,0,15,0,0,0,1.0,1.0,1.0,0.8462,0,15,1,t1_e8,0.9180327868852459,0.545,0.7779,0.5328
main,influenza_a,high_interaction,main_baseline_neutral,none,18,7,300,15,285,15,0,15,0,0,0,1.0,1.0,1.0,0.3077,0,15,1,t1_e8,0.9342105263157895,0.5552,0.798,0.5425
main,influenza_a,high_interaction,main_baseline_neutral,none,18,8,300,15,285,15,0,15,0,0,0,0.9333,0.9333,0.8667,0.5385,1,14,1,t1_e8,0.945054945054945,0.5645,0.8217,0.551
main,influenza_a,high_interaction,main_baseline_neutral,none,19,1,300,15,285,15,15,0,0,0,0,0.5333,0.5333,0.0667,,7,8,4,seed_4,,0.4931,0.5385,0.4907
main,influenza_a,high_interaction,main_baseline_neutral,none,19,2,300,15,285,15,0,15,0,0,0,0.4,0.6,-0.2,,9,6,5,t1_e15,0.6,0.4951,0.5017,0.4947
main,influenza_a,high_interaction,main_baseline_neutral,none,19,3,300,15,285,15,0,15,0,0,0,0.3333,0.6154,-0.2308,1.0,8,5,1,t1_e15,0.4375,0.4945,0.5082,0.4938
main,influenza_a,high_interaction,main_baseline_neutral,none,19,4,300,15,285,11,0,11,0,0,4,0.3333,0.5455,-0.0909,0.3636,6,5,1,t1_e15,0.41379310344827586,0.4945,0.5164,0.4933
main,influenza_a,high_interaction,main_baseline_neutral,none,19,5,300,15,285,12,0,12,0,0,3,0.3333,0.5,0.0,0.8,5,5,1,t1_e15,0.425,0.4936,0.5236,0.492
main,influenza_a,high_interaction,main_baseline_neutral,none,19,6,300,15,285,13,0,13,0,0,2,0.5333,0.7273,0.4545,0.3846,3,8,1,t1_e15,0.43999999999999995,0.4951,0.5964,0.4898
main,influenza_a,high_interaction,main_baseline_neutral,none,19,7,300,15,285,15,0,15,0,0,0,0.4,0.5455,0.0909,0.8462,5,6,1,t1_e15,0.4918032786885245,0.4964,0.5029,0.4961
main,influenza_a,high_interaction,main_baseline_neutral,none,19,8,300,15,285,15,0,15,0,0,0,0.8667,0.9286,0.8571,1.3077,1,13,1,t1_e15,0.5,0.5,0.7147,0.4887
main,influenza_a,high_interaction,main_baseline_neutral,none,19,9,300,15,285,15,0,15,0,0,0,0.8,0.9231,0.8462,1.8462,1,12,1,t1_e15,0.5697674418604651,0.5061,0.5794,0.5023
main,influenza_a,high_interaction,main_baseline_neutral,none,19,10,300,15,285,14,0,14,0,0,1,0.7333,0.7857,0.5714,1.4615,3,11,1,t1_e15,0.6161616161616162,0.5107,0.6847,0.5015
main,influenza_a,high_interaction,main_baseline_neutral,none,19,11,300,15,285,15,0,15,0,0,0,0.8,0.8,0.6,0.7692,3,12,1,t1_e15,0.6371681415929203,0.5163,0.6746,0.5079
main,influenza_a,high_interaction,main_baseline_neutral,none,19,12,300,15,285,15,0,15,0,0,0,0.9333,1.0,1.0,1.0769,0,14,1,t1_e15,0.65625,0.5225,0.7879,0.5085
main,influenza_a,high_interaction,main_baseline_neutral,none,19,13,300,15,285,14,0,14,0,0,1,0.7333,0.7857,0.5714,0.6923,3,11,1,t1_e15,0.6901408450704225,0.5278,0.6792,0.5198
main,influenza_a,high_interaction,main_baseline_neutral,none,19,14,300,15,285,15,0,15,0,0,0,0.9333,0.9333,0.8667,0.7692,1,14,1,t1_e15,0.6987179487179487,0.5334,0.8226,0.5182
main,influenza_a,high_interaction,main_baseline_neutral,none,19,15,300,15,285,15,0,15,0,0,0,0.8667,0.9286,0.8571,0.6154,1,13,1,t1_e15,0.7192982456140351,0.5389,0.8243,0.5239
main,influenza_a,high_interaction,main_baseline_neutral,none,20,1,300,15,285,15,15,0,0,0,0,0.5333,0.5333,0.0667,,7,8,4,seed_4,,0.4915,0.5436,0.4888
main,influenza_a,high_interaction,main_baseline_neutral,none,20,2,300,15,285,15,0,15,0,0,0,1.0,1.0,1.0,,0,15,5,t1_e9,1.0,0.5047,0.6438,0.4973
main,influenza_a,high_interaction,main_baseline_neutral,none,20,3,300,15,285,15,0,15,0,0,0,0.9333,0.9333,0.8667,0.0,1,14,1,t1_e9,1.0,0.5168,0.6524,0.5097
main,influenza_a,high_interaction,main_baseline_neutral,none,20,4,300,15,285,15,0,15,0,0,0,1.0,1.0,1.0,0.1429,0,15,1,t1_e9,0.967741935483871,0.5286,0.7172,0.5187
main,influenza_a,high_interaction,main_baseline_neutral,none,20,5,300,15,285,15,0,15,0,0,0,1.0,1.0,1.0,0.1429,0,15,1,t1_e9,0.9782608695652174,0.5407,0.7136,0.5316
main,influenza_a,high_interaction,main_baseline_neutral,none,21,1,300,15,285,15,15,0,0,0,0,0.5333,0.5333,0.0667,,7,8,4,seed_4,,0.4925,0.5409,0.4899
main,influenza_a,high_interaction,main_baseline_neutral,none,21,2,300,15,285,15,0,15,0,0,0,0.4,0.6,-0.2,,9,6,5,t1_e9,0.6,0.4943,0.5091,0.4935
main,influenza_a,high_interaction,main_baseline_neutral,none,21,3,300,15,285,15,0,15,0,0,0,1.0,1.0,1.0,0.75,0,15,1,t1_e9,0.4375,0.4994,0.6456,0.4917
main,influenza_a,high_interaction,main_baseline_neutral,none,21,4,300,15,285,15,0,15,0,0,0,0.6667,0.6667,0.3333,1.3333,5,10,1,t1_e9,0.7096774193548387,0.5051,0.541,0.5032
main,influenza_a,high_interaction,main_baseline_neutral,none,21,5,300,15,285,15,0,15,0,0,0,1.0,1.0,1.0,0.75,0,15,1,t1_e9,0.6956521739130435,0.5137,0.6657,0.5057
main,influenza_a,high_interaction,main_baseline_neutral,none,21,6,300,15,285,15,0,15,0,0,0,0.8667,0.8667,0.7333,1.0769,2,13,1,t1_e9,0.7704918032786885,0.522,0.653,0.5151
main,influenza_a,high_interaction,main_baseline_neutral,none,21,7,300,15,285,15,0,15,0,0,0,1.0,1.0,1.0,0.5385,0,15,1,t1_e9,0.7894736842105263,0.5307,0.7604,0.5186
main,influenza_a,high_interaction,main_baseline_neutral,none,21,8,300,15,285,15,0,15,0,0,0,0.9333,0.9333,0.8667,1.0,1,14,1,t1_e9,0.8241758241758241,0.5392,0.7319,0.5291
main,influenza_a,high_interaction,main_baseline_neutral,none,21,9,300,15,285,15,0,15,0,0,0,1.0,1.0,1.0,0.5385,0,15,1,t1_e9,0.839622641509434,0.5482,0.7974,0.535
main,influenza_a,high_interaction,main_baseline_neutral,none,22,1,300,15,285,15,15,0,0,0,0,0.5333,0.5333,0.0667,,7,8,4,seed_4,,0.4917,0.5485,0.4887
main,influenza_a,high_interaction,main_baseline_neutral,none,22,2,300,15,285,15,0,15,0,0,0,1.0,1.0,1.0,,0,15,5,t1_e9,1.0,0.5048,0.6395,0.4977
main,influenza_a,high_interaction,main_baseline_neutral,none,22,3,300,15,285,15,0,15,0,0,0,1.0,1.0,1.0,,0,15,1,t1_e9,1.0,0.5177,0.6531,0.5106
main,influenza_a,high_interaction,main_baseline_neutral,none,22,4,300,15,285,15,0,15,0,0,0,1.0,1.0,1.0,0.125,0,15,1,t1_e9,1.0,0.5296,0.7208,0.5195
main,influenza_a,high_interaction,main_baseline_neutral,none,22,5,300,15,285,15,0,15,0,0,0,1.0,1.0,1.0,0.1667,0,15,1,t1_e9,1.0,0.5418,0.7045,0.5332
main,influenza_a,high_interaction,main_baseline_neutral,none,23,1,300,15,285,15,15,0,0,0,0,0.5333,0.5333,0.0667,,7,8,4,seed_4,,0.493,0.5408,0.4905
main,influenza_a,high_interaction,main_baseline_neutral,none,23,2,300,15,285,14,0,14,0,0,1,0.4,0.5714,-0.1429,,8,6,5,t1_e15,0.6,0.4953,0.5052,0.4948
main,influenza_a,high_interaction,main_baseline_neutral,none,23,3,300,15,285,15,0,15,0,0,0,0.6,0.9,0.8,1.0,1,9,1,t1_e15,0.4666666666666667,0.498,0.5733,0.4941
main,influenza_a,high_interaction,main_baseline_neutral,none,23,4,300,15,285,15,0,15,0,0,0,1.0,1.0,1.0,2.9,0,15,1,t1_e15,0.64,0.5067,0.6195,0.5008
main,influenza_a,high_interaction,main_baseline_neutral,none,23,5,300,15,285,15,0,15,0,0,0,0.9333,0.9333,0.8667,0.75,1,14,1,t1_e15,0.775,0.5161,0.6379,0.5097
main,influenza_a,high_interaction,main_baseline_neutral,none,24,1,300,15,285,15,15,0,0,0,0,0.5333,0.5333,0.0667,,7,8,4,seed_4,,0.4926,0.5421,0.49
main,influenza_a,high_interaction,main_baseline_neutral,none,24,2,300,15,285,15,0,15,0,0,0,0.6667,0.6667,0.3333,,5,10,5,t1_e15,0.6,0.4976,0.5617,0.4943
main,influenza_a,high_interaction,main_baseline_neutral,none,24,3,300,15,285,15,0,15,0,0,0,1.0,1.0,1.0,,0,15,1,t1_e15,0.6875,0.5067,0.6285,0.5003
main,influenza_a,high_interaction,main_baseline_neutral,none,24,4,300,15,285,15,0,15,0,0,0,1.0,1.0,1.0,1.125,0,15,1,t1_e15,0.8387096774193549,0.5171,0.6774,0.5086
main,influenza_a,high_interaction,main_baseline_neutral,none,24,5,300,15,285,15,0,15,0,0,0,0.9333,0.9333,0.8667,1.0,1,14,1,t1_e15,0.8913043478260869,0.5273,0.6454,0.5211
main,influenza_a,high_interaction,main_baseline_neutral,none,25,1,300,15,285,15,15,0,0,0,0,0.5333,0.5333,0.0667,,7,8,4,seed_4,,0.4935,0.5428,0.4909
main,influenza_a,high_interaction,main_baseline_neutral,none,25,2,300,15,285,15,0,15,0,0,0,0.5333,0.5333,0.0667,,7,8,5,t1_e9,0.8,0.4998,0.5516,0.497
main,influenza_a,high_interaction,main_baseline_neutral,none,25,3,300,15,285,15,0,15,0,0,0,0.2667,0.7333,-0.4667,0.0,11,4,1,t1_e9,0.5625,0.5005,0.4958,0.5008
main,influenza_a,high_interaction,main_baseline_neutral,none,25,4,300,15,285,15,0,15,0,0,0,0.6,0.6,0.2,1.0833,6,9,1,t1_e9,0.41935483870967744,0.5024,0.5892,0.4978
main,influenza_a,high_interaction,main_baseline_neutral,none,25,5,300,15,285,14,0,14,0,0,1,0.2667,0.7143,-0.4286,2.2,10,4,1,t1_e9,0.4782608695652174,0.5018,0.5353,0.5001
main,influenza_a,high_interaction,main_baseline_neutral,none,25,6,300,15,285,15,0,15,0,0,0,0.4667,0.5333,-0.0667,0.8462,8,7,1,t1_e9,0.4333333333333334,0.5023,0.6033,0.497
main,influenza_a,high_interaction,main_baseline_neutral,none,25,7,300,15,285,15,0,15,0,0,0,0.2667,0.7333,-0.4667,0.5385,11,4,1,t1_e9,0.44,0.5003,0.4973,0.5005
main,influenza_a,high_interaction,main_baseline_neutral,none,25,8,300,15,285,15,0,15,0,0,0,0.7333,0.7333,0.4667,1.3846,4,11,1,t1_e9,0.4111111111111111,0.5022,0.7134,0.4911
main,influenza_a,high_interaction,main_baseline_neutral,none,25,9,300,15,285,15,0,15,0,0,0,0.4667,0.5333,-0.0667,1.5385,8,7,1,t1_e9,0.45714285714285713,0.5026,0.5424,0.5005
main,influenza_a,high_interaction,main_baseline_neutral,none,25,10,300,15,285,15,0,15,0,0,0,0.3333,0.6667,-0.3333,0.9231,10,5,1,t1_e9,0.4583333333333333,0.5017,0.5996,0.4966
main,influenza_a,high_interaction,main_baseline_neutral,none,25,11,300,15,285,15,0,15,0,0,0,0.4,0.6,-0.2,0.9231,9,6,1,t1_e9,0.4444444444444444,0.5013,0.5644,0.498
main,influenza_a,high_interaction,main_baseline_neutral,none,25,12,300,15,285,15,0,15,0,0,0,0.4667,0.5333,-0.0667,1.3846,8,7,1,t1_e9,0.44,0.501,0.6432,0.4935
main,influenza_a,high_interaction,main_baseline_neutral,none,25,13,300,15,285,15,0,15,0,0,0,0.4,0.6,-0.2,1.3077,9,6,1,t1_e9,0.44242424242424244,0.5002,0.6296,0.4934
main,influenza_a,high_interaction,main_baseline_neutral,none,25,14,300,15,285,15,0,15,0,0,0,0.2667,0.7333,-0.4667,0.8462,11,4,1,t1_e9,0.43888888888888894,0.499,0.5448,0.4966
main,influenza_a,high_interaction,main_baseline_neutral,none,25,15,300,15,285,15,0,15,0,0,0,0.4667,0.5333,-0.0667,1.0,8,7,1,t1_e9,0.4256410256410256,0.498,0.6541,0.4897
main,influenza_a,high_interaction,main_baseline_neutral,none,26,1,300,15,285,15,15,0,0,0,0,0.5333,0.5333,0.0667,,7,8,4,seed_4,,0.4929,0.5447,0.4902
main,influenza_a,high_interaction,main_baseline_neutral,none,26,2,300,15,285,15,0,15,0,0,0,0.7333,0.8462,0.6923,,2,11,5,t1_e9,1.0,0.5035,0.594,0.4988
main,influenza_a,high_interaction,main_baseline_neutral,none,26,3,300,15,285,15,0,15,0,0,0,1.0,1.0,1.0,,0,15,1,t1_e9,0.8571428571428571,0.5144,0.6484,0.5073
main,influenza_a,high_interaction,main_baseline_neutral,none,26,4,300,15,285,15,0,15,0,0,0,0.8667,0.9286,0.8571,0.7,1,13,1,t1_e9,0.9310344827586206,0.525,0.6766,0.517
main,influenza_a,high_interaction,main_baseline_neutral,none,26,5,300,15,285,15,0,15,0,0,0,1.0,1.0,1.0,0.0,0,15,1,t1_e9,0.9302325581395349,0.5365,0.6858,0.5286
main,influenza_a,high_interaction,main_baseline_neutral,none,27,1,300,15,285,15,15,0,0,0,0,0.5333,0.5333,0.0667,,7,8,4,seed_4,,0.4924,0.5382,0.49
main,influenza_a,high_interaction,main_baseline_neutral,none,27,2,300,15,285,15,0,15,0,0,0,0.5333,0.5333,0.0667,,7,8,5,t1_e15,0.6,0.4962,0.5313,0.4944
main,influenza_a,high_interaction,main_baseline_neutral,none,27,3,300,15,285,15,0,15,0,0,0,0.9333,0.9333,0.8667,4.0,1,14,1,t1_e15,0.5625,0.503,0.6076,0.4975
main,influenza_a,high_interaction,main_baseline_neutral,none,27,4,300,15,285,15,0,15,0,0,0,1.0,1.0,1.0,2.5,0,15,1,t1_e15,0.7419354838709677,0.5125,0.6432,0.5057
main,influenza_a,high_interaction,main_baseline_neutral,none,27,5,300,15,285,15,0,15,0,0,0,0.9333,0.9333,0.8667,0.8,1,14,1,t1_e15,0.826086956521739,0.5223,0.6436,0.5159
main,influenza_a,high_interaction,main_baseline_neutral,none,28,1,300,15,285,15,15,0,0,0,0,0.5333,0.5333,0.0667,,7,8,4,seed_4,,0.4924,0.5346,0.4902
main,influenza_a,high_interaction,main_baseline_neutral,none,28,2,300,15,285,14,0,14,0,0,1,0.2667,0.7143,-0.4286,,10,4,5,t1_e9,0.8,0.4961,0.5017,0.4958
main,influenza_a,high_interaction,main_baseline_neutral,none,28,3,300,15,285,14,0,14,0,0,1,0.2667,0.7143,-0.4286,1.6667,10,4,1,t1_e9,0.3333333333333333,0.4933,0.5013,0.4928
main,influenza_a,high_interaction,main_baseline_neutral,none,28,4,300,15,285,15,0,15,0,0,0,0.4,0.5385,-0.0769,1.1,7,6,1,t1_e9,0.3103448275862069,0.492,0.5087,0.4911
main,influenza_a,high_interaction,main_baseline_neutral,none,28,5,300,15,285,14,0,14,0,0,1,0.2667,0.7143,-0.4286,1.6,10,4,1,t1_e9,0.35714285714285715,0.49,0.5157,0.4887
main,influenza_a,high_interaction,main_baseline_neutral,none,28,6,300,15,285,15,0,15,0,0,0,0.5333,0.5333,0.0667,1.0769,7,8,1,t1_e9,0.3392857142857143,0.4902,0.5636,0.4864
main,influenza_a,high_interaction,main_baseline_neutral,none,28,7,300,15,285,13,0,13,0,0,2,0.6,0.6923,0.3846,1.5385,4,9,1,t1_e9,0.38028169014084506,0.4911,0.5853,0.4861
main,influenza_a,high_interaction,main_baseline_neutral,none,28,8,300,15,285,15,0,15,0,0,0,0.7333,0.7333,0.4667,1.0769,4,11,1,t1_e9,0.42857142857142855,0.4931,0.6166,0.4866
main,influenza_a,high_interaction,main_baseline_neutral,none,28,9,300,15,285,15,0,15,0,0,0,0.4,0.6,-0.2,0.6923,9,6,1,t1_e9,0.47474747474747475,0.4936,0.5557,0.4903
main,influenza_a,high_interaction,main_baseline_neutral,none,28,10,300,15,285,15,0,15,0,0,0,0.4,0.6,-0.2,1.0,9,6,1,t1_e9,0.4649122807017544,0.4937,0.6032,0.4879
main,influenza_a,high_interaction,main_baseline_neutral,none,28,11,300,15,285,15,0,15,0,0,0,0.4667,0.5333,-0.0667,1.2308,8,7,1,t1_e9,0.4573643410852713,0.4941,0.581,0.4896
main,influenza_a,high_interaction,main_baseline_neutral,none,28,12,300,15,285,14,0,14,0,0,1,0.5333,0.5714,0.1429,1.4615,6,8,1,t1_e9,0.4583333333333333,0.495,0.6842,0.485
main,influenza_a,high_interaction,main_baseline_neutral,none,28,13,300,15,285,15,0,15,0,0,0,0.4667,0.5333,-0.0667,0.6923,8,7,1,t1_e9,0.46835443037974683,0.4955,0.5721,0.4915
main,influenza_a,high_interaction,main_baseline_neutral,none,28,14,300,15,285,15,0,15,0,0,0,0.4667,0.5333,-0.0667,1.4615,8,7,1,t1_e9,0.4682080924855491,0.4961,0.6356,0.4888
main,influenza_a,high_interaction,main_baseline_neutral,none,28,15,300,15,285,15,0,15,0,0,0,0.6,0.6,0.2,0.6154,6,9,1,t1_e9,0.4680851063829787,0.497,0.6961,0.4865
main,influenza_a,high_interaction,main_baseline_neutral,none,29,1,300,15,285,15,15,0,0,0,0,0.5333,0.5333,0.0667,,7,8,4,seed_4,,0.4923,0.5434,0.4896
main,influenza_a,high_interaction,main_baseline_neutral,none,29,2,300,15,285,14,0,14,0,0,1,0.1333,0.8571,-0.7143,,12,2,5,t1_e15,0.6,0.4921,0.4652,0.4936
main,influenza_a,high_interaction,main_baseline_neutral,none,29,3,300,15,285,15,0,15,0,0,0,0.2667,0.5,0.0,1.0,4,4,1,t1_e15,0.2,0.4883,0.4933,0.4881
main,influenza_a,high_interaction,main_baseline_neutral,none,29,4,300,15,285,13,0,13,0,0,2,0.8,0.8462,0.6923,1.5,2,11,1,t1_e15,0.30434782608695654,0.491,0.5721,0.4867
main,influenza_a,high_interaction,main_baseline_neutral,none,29,5,300,15,285,15,0,15,0,0,0,0.8667,0.8667,0.7333,2.125,2,13,1,t1_e15,0.5,0.4968,0.5948,0.4916
main,influenza_a,high_interaction,main_baseline_neutral,none,29,6,300,15,285,15,0,15,0,0,0,0.8,0.8,0.6,2.3846,3,12,1,t1_e15,0.6078431372549019,0.5032,0.5894,0.4986
main,influenza_a,high_interaction,main_baseline_neutral,none,29,7,300,15,285,15,0,15,0,0,0,0.9333,0.9333,0.8667,1.3846,1,14,1,t1_e15,0.6515151515151515,0.5098,0.6855,0.5006
main,influenza_a,high_interaction,main_baseline_neutral,none,29,8,300,15,285,15,0,15,0,0,0,0.8,0.8,0.6,1.6154,3,12,1,t1_e15,0.7037037037037037,0.5158,0.6565,0.5084
main,influenza_a,high_interaction,main_baseline_neutral,none,29,9,300,15,285,15,0,15,0,0,0,0.6,0.6,0.2,1.8462,6,9,1,t1_e15,0.71875,0.5211,0.6931,0.5121
main,influenza_a,high_interaction,main_baseline_neutral,none,29,10,300,15,285,14,0,14,0,0,1,0.6,0.6429,0.2857,1.6154,5,9,1,t1_e15,0.7027027027027027,0.5258,0.7161,0.5158
main,influenza_a,high_interaction,main_baseline_neutral,none,29,11,300,15,285,15,0,15,0,0,0,0.7333,0.7333,0.4667,1.3077,4,11,1,t1_e15,0.696,0.5314,0.7185,0.5216
main,influenza_a,high_interaction,main_baseline_neutral,none,29,12,300,15,285,15,0,15,0,0,0,0.8,0.8,0.6,1.2308,3,12,1,t1_e15,0.7,0.5365,0.7813,0.5236
main,influenza_a,high_interaction,main_baseline_neutral,none,29,13,300,15,285,15,0,15,0,0,0,0.8667,0.8667,0.7333,1.1538,2,13,1,t1_e15,0.7096774193548387,0.5425,0.775,0.5302
main,influenza_a,high_interaction,main_baseline_neutral,none,29,14,300,15,285,15,0,15,0,0,0,0.9333,0.9333,0.8667,1.4615,1,14,1,t1_e15,0.7235294117647059,0.5488,0.8159,0.5348
main,influenza_a,high_interaction,main_baseline_neutral,none,29,15,300,15,285,15,0,15,0,0,0,0.8,0.8,0.6,1.3846,3,12,1,t1_e15,0.7405405405405405,0.5546,0.8177,0.5407
main,influenza_a,high_interaction,main_baseline_neutral,none,30,1,300,15,285,15,15,0,0,0,0,0.5333,0.5333,0.0667,,7,8,4,seed_4,,0.4915,0.5387,0.489
main,influenza_a,high_interaction,main_baseline_neutral,none,30,2,300,15,285,15,0,15,0,0,0,1.0,1.0,1.0,,0,15,5,t1_e9,0.6,0.4995,0.62,0.4932
main,influenza_a,high_interaction,main_baseline_neutral,none,30,3,300,15,285,15,0,15,0,0,0,1.0,1.0,1.0,4.0,0,15,1,t1_e9,1.0,0.5126,0.6442,0.5057
main,influenza_a,high_interaction,main_baseline_neutral,none,30,4,300,15,285,15,0,15,0,0,0,1.0,1.0,1.0,0.2857,0,15,1,t1_e9,1.0,0.5245,0.704,0.515
main,influenza_a,high_interaction,main_baseline_neutral,none,30,5,300,15,285,15,0,15,0,0,0,0.8667,0.8667,0.7333,0.8571,2,13,1,t1_e9,1.0,0.5356,0.6872,0.5277
main,influenza_a,high_interaction,main_baseline_neutral,none,30,6,300,15,285,15,0,15,0,0,0,1.0,1.0,1.0,0.2308,0,15,1,t1_e9,0.9672131147540983,0.5463,0.7773,0.5342
main,influenza_a,high_interaction,main_baseline_neutral,none,30,7,300,15,285,15,0,15,0,0,0,1.0,1.0,1.0,0.1538,0,15,1,t1_e9,0.9736842105263158,0.5566,0.8143,0.5431
main,influenza_a,high_interaction,main_baseline_neutral,none,30,8,300,15,285,15,0,15,0,0,0,0.9333,0.9333,0.8667,0.4615,1,14,1,t1_e9,0.9780219780219779,0.5665,0.8203,0.5531
main,mycoplasma_pneumonia,high_interaction,main_baseline_neutral,none,1,1,300,15,285,15,15,0,0,0,0,0.5333,0.5333,0.0667,,7,8,4,seed_4,,0.494,0.5466,0.4912
main,mycoplasma_pneumonia,high_interaction,main_baseline_neutral,none,1,2,300,15,285,14,0,14,0,0,1,0.0667,0.9286,-0.8571,,13,1,5,t1_e15,0.6,0.4931,0.4482,0.4954
main,mycoplasma_pneumonia,high_interaction,main_baseline_neutral,none,1,3,300,15,285,14,0,14,0,0,1,0.1333,0.8571,-0.7143,4.0,12,2,1,t1_e15,0.13333333333333333,0.4866,0.4452,0.4888
main,mycoplasma_pneumonia,high_interaction,main_baseline_neutral,none,1,4,300,15,285,15,0,15,0,0,0,0.4667,0.5,0.0,1.0,7,7,1,t1_e15,0.13793103448275862,0.4839,0.4824,0.484
main,mycoplasma_pneumonia,high_interaction,main_baseline_neutral,none,1,5,300,15,285,15,0,15,0,0,0,0.1333,0.8667,-0.7333,0.8,13,2,1,t1_e15,0.2558139534883721,0.4787,0.4383,0.4808
main,mycoplasma_pneumonia,high_interaction,main_baseline_neutral,none,1,6,300,15,285,15,0,15,0,0,0,0.4,0.6,-0.2,0.6923,9,6,1,t1_e15,0.22413793103448276,0.4763,0.4904,0.4756
main,mycoplasma_pneumonia,high_interaction,main_baseline_neutral,none,1,7,300,15,285,13,0,13,0,0,2,0.1333,0.8462,-0.6923,0.3077,11,2,1,t1_e15,0.2602739726027397,0.4716,0.3808,0.4764
main,mycoplasma_pneumonia,high_interaction,main_baseline_neutral,none,1,8,300,15,285,15,0,15,0,0,0,0.6,0.6,0.2,0.9231,6,9,1,t1_e15,0.24418604651162787,0.4714,0.5501,0.4672
main,mycoplasma_pneumonia,high_interaction,main_baseline_neutral,none,1,9,300,15,285,15,0,15,0,0,0,0.2,0.8,-0.6,0.3077,12,3,1,t1_e15,0.297029702970297,0.4675,0.3978,0.4712
main,mycoplasma_pneumonia,high_interaction,main_baseline_neutral,none,1,10,300,15,285,15,0,15,0,0,0,0.4667,0.5333,-0.0667,0.4615,8,7,1,t1_e15,0.28448275862068967,0.4655,0.5327,0.462
main,mycoplasma_pneumonia,high_interaction,main_baseline_neutral,none,1,11,300,15,285,15,0,15,0,0,0,0.4,0.6,-0.2,0.4615,9,6,1,t1_e15,0.3053435114503817,0.4648,0.4364,0.4662
main,mycoplasma_pneumonia,high_interaction,main_baseline_neutral,none,1,12,300,15,285,15,0,15,0,0,0,0.6,0.6,0.2,1.0769,6,9,1,t1_e15,0.3150684931506849,0.4647,0.5663,0.4593
main,mycoplasma_pneumonia,high_interaction,main_baseline_neutral,none,1,13,300,15,285,15,0,15,0,0,0,0.4667,0.5333,-0.0667,1.0769,8,7,1,t1_e15,0.3416149068322981,0.4648,0.477,0.4641
main,mycoplasma_pneumonia,high_interaction,main_baseline_neutral,none,1,14,300,15,285,14,0,14,0,0,1,0.6,0.6429,0.2857,0.5385,5,9,1,t1_e15,0.3522727272727273,0.4645,0.636,0.4554
main,mycoplasma_pneumonia,high_interaction,main_baseline_neutral,none,1,15,300,15,285,15,0,15,0,0,0,0.4,0.6,-0.2,0.3846,9,6,1,t1_e15,0.3736842105263158,0.4634,0.4261,0.4654
main,mycoplasma_pneumonia,high_interaction,main_baseline_neutral,none,2,1,300,15,285,15,15,0,0,0,0,0.5333,0.5333,0.0667,,7,8,4,seed_4,,0.4934,0.5451,0.4906
main,mycoplasma_pneumonia,high_interaction,main_baseline_neutral,none,2,2,300,15,285,15,0,15,0,0,0,0.9333,0.9333,0.8667,,1,14,5,t1_e15,0.6,0.5007,0.6076,0.4951
main,mycoplasma_pneumonia,high_interaction,main_baseline_neutral,none,2,3,300,15,285,15,0,15,0,0,0,0.7333,0.7333,0.4667,0.0,4,11,1,t1_e15,0.9375,0.5104,0.6008,0.5056
main,mycoplasma_pneumonia,high_interaction,main_baseline_neutral,none,2,4,300,15,285,15,0,15,0,0,0,0.9333,0.9333,0.8667,0.5556,1,14,1,t1_e15,0.8387096774193549,0.5203,0.6887,0.5115
main,mycoplasma_pneumonia,high_interaction,main_baseline_neutral,none,2,5,300,15,285,15,0,15,0,0,0,1.0,1.0,1.0,0.4,0,15,1,t1_e15,0.8695652173913043,0.5309,0.6858,0.5228
main,mycoplasma_pneumonia,high_interaction,main_baseline_neutral,none,2,6,300,15,285,15,0,15,0,0,0,1.0,1.0,1.0,1.1538,0,15,1,t1_e15,0.9016393442622951,0.5412,0.7478,0.5303
main,mycoplasma_pneumonia,high_interaction,main_baseline_neutral,none,3,1,300,15,285,15,15,0,0,0,0,0.5333,0.5333,0.0667,,7,8,4,seed_4,,0.4939,0.5404,0.4914
main,mycoplasma_pneumonia,high_interaction,main_baseline_neutral,none,3,2,300,15,285,15,0,15,0,0,0,0.0667,0.9333,-0.8667,,14,1,5,t1_e15,0.6,0.4933,0.4506,0.4955
main,mycoplasma_pneumonia,high_interaction,main_baseline_neutral,none,3,3,300,15,285,14,0,14,0,0,1,0.0667,0.9286,-0.8571,3.3333,13,1,1,t1_e15,0.125,0.4858,0.4438,0.488
main,mycoplasma_pneumonia,high_interaction,main_baseline_neutral,none,3,4,300,15,285,15,0,15,0,0,0,0.3333,0.6667,-0.3333,1.4444,10,5,1,t1_e15,0.1,0.4811,0.4622,0.4821
main,mycoplasma_pneumonia,high_interaction,main_baseline_neutral,none,3,5,300,15,285,15,0,15,0,0,0,0.4,0.6,-0.2,0.8333,9,6,1,t1_e15,0.17777777777777778,0.478,0.4771,0.478
main,mycoplasma_pneumonia,high_interaction,main_baseline_neutral,none,3,6,300,15,285,15,0,15,0,0,0,0.4,0.6,-0.2,0.4615,9,6,1,t1_e15,0.23333333333333334,0.4756,0.4887,0.4749
main,mycoplasma_pneumonia,high_interaction,main_baseline_neutral,none,3,7,300,15,285,15,0,15,0,0,0,0.2667,0.7333,-0.4667,0.9231,11,4,1,t1_e15,0.26666666666666666,0.4726,0.4018,0.4763
main,mycoplasma_pneumonia,high_interaction,main_baseline_neutral,none,3,8,300,15,285,15,0,15,0,0,0,0.3333,0.6667,-0.3333,1.0,10,5,1,t1_e15,0.26666666666666666,0.4697,0.5164,0.4673
main,mycoplasma_pneumonia,high_interaction,main_baseline_neutral,none,3,9,300,15,285,15,0,15,0,0,0,0.5333,0.5333,0.0667,1.3077,7,8,1,t1_e15,0.2761904761904762,0.4693,0.4745,0.469
main,mycoplasma_pneumonia,high_interaction,main_baseline_neutral,none,3,10,300,15,285,15,0,15,0,0,0,0.3333,0.6667,-0.3333,1.6154,10,5,1,t1_e15,0.30833333333333335,0.4673,0.4892,0.4661
main,mycoplasma_pneumonia,high_interaction,main_baseline_neutral,none,3,11,300,15,285,15,0,15,0,0,0,0.5333,0.5333,0.0667,1.1538,7,8,1,t1_e15,0.3111111111111111,0.4672,0.4863,0.4662
main,mycoplasma_pneumonia,high_interaction,main_baseline_neutral,none,3,12,300,15,285,15,0,15,0,0,0,0.5333,0.5333,0.0667,0.9231,7,8,1,t1_e15,0.3333333333333333,0.4673,0.5326,0.4639
main,mycoplasma_pneumonia,high_interaction,main_baseline_neutral,none,3,13,300,15,285,15,0,15,0,0,0,0.5333,0.5333,0.0667,1.7692,7,8,1,t1_e15,0.3515151515151515,0.4672,0.5257,0.4641
main,mycoplasma_pneumonia,high_interaction,main_baseline_neutral,none,3,14,300,15,285,15,0,15,0,0,0,0.6667,0.6667,0.3333,1.3846,5,10,1,t1_e15,0.36666666666666664,0.4686,0.5811,0.4626
main,mycoplasma_pneumonia,high_interaction,main_baseline_neutral,none,3,15,300,15,285,15,0,15,0,0,0,0.5333,0.5333,0.0667,1.2308,7,8,1,t1_e15,0.38974358974358975,0.4691,0.4932,0.4678
main,mycoplasma_pneumonia,high_interaction,main_baseline_neutral,none,4,1,300,15,285,15,15,0,0,0,0,0.5333,0.5333,0.0667,,7,8,4,seed_4,,0.4919,0.5438,0.4892
main,mycoplasma_pneumonia,high_interaction,main_baseline_neutral,none,4,2,300,15,285,15,0,15,0,0,0,1.0,1.0,1.0,,0,15,5,t1_e9,0.8,0.5025,0.6329,0.4957
main,mycoplasma_pneumonia,high_interaction,main_baseline_neutral,none,4,3,300,15,285,15,0,15,0,0,0,0.9333,0.9333,0.8667,,1,14,1,t1_e9,1.0,0.5151,0.6355,0.5088
main,mycoplasma_pneumonia,high_interaction,main_baseline_neutral,none,4,4,300,15,285,15,0,15,0,0,0,1.0,1.0,1.0,0.4444,0,15,1,t1_e9,0.967741935483871,0.5267,0.7207,0.5164
main,mycoplasma_pneumonia,high_interaction,main_baseline_neutral,none,4,5,300,15,285,15,0,15,0,0,0,1.0,1.0,1.0,0.3333,0,15,1,t1_e9,0.9782608695652174,0.5385,0.7011,0.5299
main,mycoplasma_pneumonia,high_interaction,main_baseline_neutral,none,5,1,300,15,285,15,15,0,0,0,0,0.5333,0.5333,0.0667,,7,8,4,seed_4,,0.4929,0.5403,0.4904
main,mycoplasma_pneumonia,high_interaction,main_baseline_neutral,none,5,2,300,15,285,14,0,14,0,0,1,0.0,1.0,-1.0,,14,0,5,t1_e15,0.6,0.4913,0.4304,0.4945
main,mycoplasma_pneumonia,high_interaction,main_baseline_neutral,none,5,3,300,15,285,15,0,15,0,0,0,0.0667,0.9333,-0.8667,2.0,14,1,1,t1_e15,0.06666666666666667,0.4837,0.4393,0.486
main,mycoplasma_pneumonia,high_interaction,main_baseline_neutral,none,5,4,300,15,285,15,0,15,0,0,0,0.0667,0.9333,-0.8667,0.5,14,1,1,t1_e15,0.06666666666666667,0.4758,0.3999,0.4798
main,mycoplasma_pneumonia,high_interaction,main_baseline_neutral,none,5,5,300,15,285,15,0,15,0,0,0,0.1333,0.8667,-0.7333,0.7143,13,2,1,t1_e15,0.06666666666666667,0.4687,0.4144,0.4716
main,mycoplasma_pneumonia,high_interaction,main_baseline_neutral,none,5,6,300,15,285,15,0,15,0,0,0,0.0667,0.9333,-0.8667,0.5385,14,1,1,t1_e15,0.08333333333333333,0.4611,0.3841,0.4651
main,mycoplasma_pneumonia,high_interaction,main_baseline_neutral,none,5,7,300,15,285,15,0,15,0,0,0,0.0667,0.9333,-0.8667,0.3077,14,1,1,t1_e15,0.08,0.4538,0.346,0.4595
main,mycoplasma_pneumonia,high_interaction,main_baseline_neutral,none,5,8,300,15,285,15,0,15,0,0,0,0.2,0.8,-0.6,0.3846,12,3,1,t1_e15,0.07777777777777778,0.4474,0.3691,0.4516
main,mycoplasma_pneumonia,high_interaction,main_baseline_neutral,none,5,9,300,15,285,15,0,15,0,0,0,0.2,0.8,-0.6,0.7692,12,3,1,t1_e15,0.09523809523809523,0.4417,0.3183,0.4481
main,mycoplasma_pneumonia,high_interaction,main_baseline_neutral,none,5,10,300,15,285,15,0,15,0,0,0,0.2,0.8,-0.6,0.3846,12,3,1,t1_e15,0.10833333333333334,0.4354,0.3698,0.4388
main,mycoplasma_pneumonia,high_interaction,main_baseline_neutral,none,5,11,300,15,285,15,0,15,0,0,0,0.0667,0.9333,-0.8667,0.5385,14,1,1,t1_e15,0.11851851851851852,0.4284,0.2616,0.4372
main,mycoplasma_pneumonia,high_interaction,main_baseline_neutral,none,5,12,300,15,285,15,0,15,0,0,0,0.3333,0.6667,-0.3333,0.5385,10,5,1,t1_e15,0.11333333333333334,0.4241,0.3484,0.428
main,mycoplasma_pneumonia,high_interaction,main_baseline_neutral,none,5,13,300,15,285,15,0,15,0,0,0,0.0667,0.9333,-0.8667,0.0769,14,1,1,t1_e15,0.13333333333333333,0.4176,0.2643,0.4256
main,mycoplasma_pneumonia,high_interaction,main_baseline_neutral,none,5,14,300,15,285,15,0,15,0,0,0,0.2667,0.7333,-0.4667,0.1538,11,4,1,t1_e15,0.12777777777777777,0.4127,0.2966,0.4188
main,mycoplasma_pneumonia,high_interaction,main_baseline_neutral,none,5,15,300,15,285,15,0,15,0,0,0,0.4,0.6,-0.2,0.7692,9,6,1,t1_e15,0.13846153846153847,0.4096,0.3297,0.4138
main,mycoplasma_pneumonia,high_interaction,main_baseline_neutral,none,6,1,300,15,285,15,15,0,0,0,0,0.5333,0.5333,0.0667,,7,8,4,seed_4,,0.4906,0.5416,0.4879
main,mycoplasma_pneumonia,high_interaction,main_baseline_neutral,none,6,2,300,15,285,14,0,14,0,0,1,0.3333,0.6429,-0.2857,,9,5,5,t1_e9,0.8,0.4949,0.51,0.4941
main,mycoplasma_pneumonia,high_interaction,main_baseline_neutral,none,6,3,300,15,285,15,0,15,0,0,0,0.4,0.6,-0.2,1.25,9,6,1,t1_e9,0.4,0.4945,0.5362,0.4923
main,mycoplasma_pneumonia,high_interaction,main_baseline_neutral,none,6,4,300,15,285,15,0,15,0,0,0,0.5333,0.5333,0.0667,1.5556,7,8,1,t1_e9,0.4,0.4952,0.5503,0.4923
main,mycoplasma_pneumonia,high_interaction,main_baseline_neutral,none,6,5,300,15,285,15,0,15,0,0,0,0.7333,0.7333,0.4667,0.6667,4,11,1,t1_e9,0.4444444444444445,0.498,0.6243,0.4914
main,mycoplasma_pneumonia,high_interaction,main_baseline_neutral,none,6,6,300,15,285,15,0,15,0,0,0,0.8,0.8,0.6,2.0769,3,12,1,t1_e9,0.5166666666666667,0.5031,0.6145,0.4972
main,mycoplasma_pneumonia,high_interaction,main_baseline_neutral,none,6,7,300,15,285,15,0,15,0,0,0,0.6,0.6,0.2,1.1538,6,9,1,t1_e9,0.5733333333333334,0.5057,0.6115,0.5001
main,mycoplasma_pneumonia,high_interaction,main_baseline_neutral,none,6,8,300,15,285,15,0,15,0,0,0,0.8,0.8,0.6,1.6923,3,12,1,t1_e9,0.5777777777777777,0.5109,0.6851,0.5017
main,mycoplasma_pneumonia,high_interaction,main_baseline_neutral,none,6,9,300,15,285,15,0,15,0,0,0,0.8,0.8,0.6,0.7692,3,12,1,t1_e9,0.6095238095238096,0.516,0.7138,0.5056
main,mycoplasma_pneumonia,high_interaction,main_baseline_neutral,none,6,10,300,15,285,15,0,15,0,0,0,0.9333,0.9333,0.8667,0.9231,1,14,1,t1_e9,0.6333333333333333,0.5221,0.7311,0.5111
main,mycoplasma_pneumonia,high_interaction,main_baseline_neutral,none,6,11,300,15,285,14,0,14,0,0,1,0.8,0.8571,0.7143,1.0769,2,12,1,t1_e9,0.6666666666666666,0.5273,0.7652,0.5148
main,mycoplasma_pneumonia,high_interaction,main_baseline_neutral,none,6,12,300,15,285,15,0,15,0,0,0,0.8,0.8,0.6,0.6923,3,12,1,t1_e9,0.6845637583892618,0.5324,0.7689,0.5199
main,mycoplasma_pneumonia,high_interaction,main_baseline_neutral,none,6,13,300,15,285,15,0,15,0,0,0,0.8,0.8,0.6,0.4615,3,12,1,t1_e9,0.6951219512195121,0.5374,0.7873,0.5242
main,mycoplasma_pneumonia,high_interaction,main_baseline_neutral,none,6,14,300,15,285,15,0,15,0,0,0,0.9333,0.9333,0.8667,1.0,1,14,1,t1_e9,0.7039106145251397,0.5429,0.8495,0.5267
main,mycoplasma_pneumonia,high_interaction,main_baseline_neutral,none,6,15,300,15,285,15,0,15,0,0,0,1.0,1.0,1.0,0.6923,0,15,1,t1_e9,0.7216494845360825,0.5495,0.849,0.5337
main,mycoplasma_pneumonia,high_interaction,main_baseline_neutral,none,7,1,300,15,285,15,15,0,0,0,0,0.5333,0.5333,0.0667,,7,8,4,seed_4,,0.4929,0.5454,0.4901
main,mycoplasma_pneumonia,high_interaction,main_baseline_neutral,none,7,2,300,15,285,15,0,15,0,0,0,0.4,0.6,-0.2,,9,6,5,t1_e15,0.6,0.4955,0.5148,0.4945
main,mycoplasma_pneumonia,high_interaction,main_baseline_neutral,none,7,3,300,15,285,15,0,15,0,0,0,0.9333,0.9333,0.8667,0.3333,1,14,1,t1_e15,0.4375,0.5005,0.63,0.4937
main,mycoplasma_pneumonia,high_interaction,main_baseline_neutral,none,7,4,300,15,285,15,0,15,0,0,0,0.6667,0.6667,0.3333,1.9,5,10,1,t1_e15,0.6774193548387096,0.5058,0.5575,0.5031
main,mycoplasma_pneumonia,high_interaction,main_baseline_neutral,none,7,5,300,15,285,15,0,15,0,0,0,0.7333,0.7333,0.4667,1.0,4,11,1,t1_e15,0.6739130434782609,0.5116,0.6231,0.5058
main,mycoplasma_pneumonia,high_interaction,main_baseline_neutral,none,7,6,300,15,285,15,0,15,0,0,0,0.7333,0.7333,0.4667,0.6923,4,11,1,t1_e15,0.6885245901639344,0.5176,0.6553,0.5103
main,mycoplasma_pneumonia,high_interaction,main_baseline_neutral,none,7,7,300,15,285,15,0,15,0,0,0,1.0,1.0,1.0,1.0769,0,15,1,t1_e15,0.6973684210526315,0.5258,0.7132,0.516
main,mycoplasma_pneumonia,high_interaction,main_baseline_neutral,none,7,8,300,15,285,15,0,15,0,0,0,0.8,0.8,0.6,0.5385,3,12,1,t1_e15,0.7472527472527473,0.5323,0.721,0.5224
main,mycoplasma_pneumonia,high_interaction,main_baseline_neutral,none,7,9,300,15,285,15,0,15,0,0,0,1.0,1.0,1.0,0.7692,0,15,1,t1_e15,0.7547169811320755,0.5404,0.7827,0.5276
main,mycoplasma_pneumonia,high_interaction,main_baseline_neutral,none,7,10,300,15,285,15,0,15,0,0,0,1.0,1.0,1.0,1.0,0,15,1,t1_e15,0.7851239669421488,0.549,0.7675,0.5375
main,mycoplasma_pneumonia,high_interaction,main_baseline_neutral,none,7,11,300,15,285,15,0,15,0,0,0,0.8,0.8,0.6,0.7692,3,12,1,t1_e15,0.8088235294117647,0.5558,0.7953,0.5432
main,mycoplasma_pneumonia,high_interaction,main_baseline_neutral,none,7,12,300,15,285,15,0,15,0,0,0,0.8,0.8,0.6,1.0,3,12,1,t1_e15,0.8079470198675497,0.562,0.8407,0.5473
main,mycoplasma_pneumonia,high_interaction,main_baseline_neutral,none,7,13,300,15,285,15,0,15,0,0,0,0.8667,0.8667,0.7333,0.7692,2,13,1,t1_e15,0.8072289156626505,0.5677,0.8688,0.5519
main,mycoplasma_pneumonia,high_interaction,main_baseline_neutral,none,7,14,300,15,285,15,0,15,0,0,0,1.0,1.0,1.0,0.6923,0,15,1,t1_e15,0.8121546961325967,0.5759,0.8437,0.5618
main,mycoplasma_pneumonia,high_interaction,main_baseline_neutral,none,7,15,300,15,285,15,0,15,0,0,0,1.0,1.0,1.0,0.9231,0,15,1,t1_e15,0.8265306122448981,0.5827,0.9165,0.5651
main,mycoplasma_pneumonia,high_interaction,main_baseline_neutral,none,8,1,300,15,285,15,15,0,0,0,0,0.5333,0.5333,0.0667,,7,8,4,seed_4,,0.492,0.5368,0.4896
main,mycoplasma_pneumonia,high_interaction,main_baseline_neutral,none,8,2,300,15,285,14,0,14,0,0,1,0.1333,0.8571,-0.7143,,12,2,5,t1_e9,0.8,0.4942,0.4745,0.4952
main,mycoplasma_pneumonia,high_interaction,main_baseline_neutral,none,8,3,300,15,285,15,0,15,0,0,0,0.8,0.8571,0.7143,0.6667,2,12,1,t1_e9,0.2,0.4949,0.5934,0.4897
main,mycoplasma_pneumonia,high_interaction,main_baseline_neutral,none,8,4,300,15,285,15,0,15,0,0,0,0.8,0.8,0.6,2.1818,3,12,1,t1_e9,0.5172413793103449,0.4997,0.5608,0.4965
main,mycoplasma_pneumonia,high_interaction,main_baseline_neutral,none,8,5,300,15,285,15,0,15,0,0,0,0.9333,0.9333,0.8667,1.8,1,14,1,t1_e9,0.6136363636363636,0.5067,0.644,0.4995
main,mycoplasma_pneumonia,high_interaction,main_baseline_neutral,none,8,6,300,15,285,15,0,15,0,0,0,1.0,1.0,1.0,1.4615,0,15,1,t1_e9,0.6949152542372882,0.5155,0.6716,0.5073
main,mycoplasma_pneumonia,high_interaction,main_baseline_neutral,none,8,7,300,15,285,15,0,15,0,0,0,1.0,1.0,1.0,0.9231,0,15,1,t1_e9,0.7567567567567568,0.5241,0.7174,0.5139
main,mycoplasma_pneumonia,high_interaction,main_baseline_neutral,none,9,1,300,15,285,15,15,0,0,0,0,0.5333,0.5333,0.0667,,7,8,4,seed_4,,0.4934,0.5418,0.4908
main,mycoplasma_pneumonia,high_interaction,main_baseline_neutral,none,9,2,300,15,285,15,0,15,0,0,0,0.2667,0.7333,-0.4667,,11,4,5,t1_e15,0.6,0.4949,0.5033,0.4944
main,mycoplasma_pneumonia,high_interaction,main_baseline_neutral,none,9,3,300,15,285,15,0,15,0,0,0,0.2667,0.7333,-0.4667,1.0,11,4,1,t1_e15,0.3125,0.4919,0.4944,0.4917
main,mycoplasma_pneumonia,high_interaction,main_baseline_neutral,none,9,4,300,15,285,15,0,15,0,0,0,0.1333,0.8667,-0.7333,0.7778,13,2,1,t1_e15,0.2903225806451613,0.4879,0.4724,0.4887
main,mycoplasma_pneumonia,high_interaction,main_baseline_neutral,none,9,5,300,15,285,15,0,15,0,0,0,0.3333,0.6429,-0.2857,0.4286,9,5,1,t1_e15,0.2391304347826087,0.4848,0.5126,0.4834
main,mycoplasma_pneumonia,high_interaction,main_baseline_neutral,none,9,6,300,15,285,15,0,15,0,0,0,0.4,0.6,-0.2,0.8462,9,6,1,t1_e15,0.26666666666666666,0.4829,0.5037,0.4818
main,mycoplasma_pneumonia,high_interaction,main_baseline_neutral,none,9,7,300,15,285,15,0,15,0,0,0,0.4667,0.5333,-0.0667,0.7692,8,7,1,t1_e15,0.29333333333333333,0.4816,0.4995,0.4807
main,mycoplasma_pneumonia,high_interaction,main_baseline_neutral,none,9,8,300,15,285,15,0,15,0,0,0,0.6667,0.6667,0.3333,1.0,5,10,1,t1_e15,0.32222222222222224,0.4823,0.606,0.4757
main,mycoplasma_pneumonia,high_interaction,main_baseline_neutral,none,9,9,300,15,285,15,0,15,0,0,0,0.6,0.6,0.2,1.5385,6,9,1,t1_e15,0.37142857142857144,0.4834,0.5171,0.4817
main,mycoplasma_pneumonia,high_interaction,main_baseline_neutral,none,9,10,300,15,285,15,0,15,0,0,0,0.8,0.8,0.6,1.2308,3,12,1,t1_e15,0.4,0.4861,0.6295,0.4786
main,mycoplasma_pneumonia,high_interaction,main_baseline_neutral,none,9,11,300,15,285,15,0,15,0,0,0,0.6667,0.6667,0.3333,0.6154,5,10,1,t1_e15,0.4444444444444444,0.4882,0.6052,0.4821
main,mycoplasma_pneumonia,high_interaction,main_baseline_neutral,none,9,12,300,15,285,14,0,14,0,0,1,0.6,0.6429,0.2857,1.3077,5,9,1,t1_e15,0.4666666666666666,0.4901,0.614,0.4836
main,mycoplasma_pneumonia,high_interaction,main_baseline_neutral,none,9,13,300,15,285,15,0,15,0,0,0,0.7333,0.7333,0.4667,1.0,4,11,1,t1_e15,0.4817073170731707,0.4929,0.6149,0.4865
main,mycoplasma_pneumonia,high_interaction,main_baseline_neutral,none,9,14,300,15,285,15,0,15,0,0,0,0.8,0.8,0.6,0.9231,3,12,1,t1_e15,0.5027932960893855,0.4964,0.6982,0.4858
main,mycoplasma_pneumonia,high_interaction,main_baseline_neutral,none,9,15,300,15,285,15,0,15,0,0,0,0.6667,0.6667,0.3333,1.1538,5,10,1,t1_e15,0.5257731958762887,0.4997,0.5899,0.4949
main,mycoplasma_pneumonia,high_interaction,main_baseline_neutral,none,10,1,300,15,285,15,15,0,0,0,0,0.5333,0.5333,0.0667,,7,8,4,seed_4,,0.4924,0.5434,0.4897
main,mycoplasma_pneumonia,high_interaction,main_baseline_neutral,none,10,2,300,15,285,15,0,15,0,0,0,0.5333,0.5333,0.0667,,7,8,5,t1_e9,1.0,0.5018,0.5635,0.4986
main,mycoplasma_pneumonia,high_interaction,main_baseline_neutral,none,10,3,300,15,285,15,0,15,0,0,0,0.4,0.6,-0.2,0.0,9,6,1,t1_e9,0.5625,0.5038,0.5223,0.5028
main,mycoplasma_pneumonia,high_interaction,main_baseline_neutral,none,10,4,300,15,285,15,0,15,0,0,0,0.8667,0.9286,0.8571,0.5833,1,13,1,t1_e9,0.4838709677419355,0.5082,0.6709,0.4997
main,mycoplasma_pneumonia,high_interaction,main_baseline_neutral,none,10,5,300,15,285,15,0,15,0,0,0,1.0,1.0,1.0,2.8,0,15,1,t1_e9,0.6222222222222222,0.5163,0.6373,0.5099
main,mycoplasma_pneumonia,high_interaction,main_baseline_neutral,none,10,6,300,15,285,15,0,15,0,0,0,1.0,1.0,1.0,2.0769,0,15,1,t1_e9,0.7166666666666667,0.5251,0.6872,0.5165
main,mycoplasma_pneumonia,high_interaction,main_baseline_neutral,none,11,1,300,15,285,15,15,0,0,0,0,0.5333,0.5333,0.0667,,7,8,4,seed_4,,0.4929,0.5373,0.4906
main,mycoplasma_pneumonia,high_interaction,main_baseline_neutral,none,11,2,300,15,285,15,0,15,0,0,0,0.1333,0.8667,-0.7333,,13,2,5,t1_e15,0.6,0.4927,0.4523,0.4948
main,mycoplasma_pneumonia,high_interaction,main_baseline_neutral,none,11,3,300,15,285,15,0,15,0,0,0,0.0667,0.9333,-0.8667,4.0,14,1,1,t1_e15,0.1875,0.4867,0.4559,0.4883
main,mycoplasma_pneumonia,high_interaction,main_baseline_neutral,none,11,4,300,15,285,15,0,15,0,0,0,0.3333,0.6154,-0.2308,1.0,8,5,1,t1_e15,0.12903225806451613,0.4826,0.4511,0.4842
main,mycoplasma_pneumonia,high_interaction,main_baseline_neutral,none,11,5,300,15,285,15,0,15,0,0,0,0.8,0.8,0.6,2.0,3,12,1,t1_e15,0.20454545454545459,0.4839,0.5795,0.4789
main,mycoplasma_pneumonia,high_interaction,main_baseline_neutral,none,11,6,300,15,285,15,0,15,0,0,0,0.6,0.6,0.2,1.0769,6,9,1,t1_e15,0.3559322033898305,0.485,0.5275,0.4827
main,mycoplasma_pneumonia,high_interaction,main_baseline_neutral,none,11,7,300,15,285,15,0,15,0,0,0,0.4667,0.5333,-0.0667,0.2308,8,7,1,t1_e15,0.40540540540540543,0.4847,0.4791,0.485
main,mycoplasma_pneumonia,high_interaction,main_baseline_neutral,none,11,8,300,15,285,15,0,15,0,0,0,0.7333,0.7333,0.4667,0.4615,4,11,1,t1_e15,0.4157303370786517,0.4869,0.6296,0.4794
main,mycoplasma_pneumonia,high_interaction,main_baseline_neutral,none,11,9,300,15,285,15,0,15,0,0,0,0.6,0.6,0.2,1.0769,6,9,1,t1_e15,0.4615384615384616,0.4889,0.4967,0.4885
main,mycoplasma_pneumonia,high_interaction,main_baseline_neutral,none,11,10,300,15,285,15,0,15,0,0,0,0.8667,0.8667,0.7333,1.4615,2,13,1,t1_e15,0.4789915966386555,0.4931,0.6605,0.4843
main,mycoplasma_pneumonia,high_interaction,main_baseline_neutral,none,11,11,300,15,285,15,0,15,0,0,0,0.9333,0.9333,0.8667,1.3846,1,14,1,t1_e15,0.5223880597014925,0.4981,0.6795,0.4886
main,mycoplasma_pneumonia,high_interaction,main_baseline_neutral,none,11,12,300,15,285,15,0,15,0,0,0,1.0,1.0,1.0,1.9231,0,15,1,t1_e15,0.5637583892617449,0.5051,0.6415,0.4979
main,mycoplasma_pneumonia,high_interaction,main_baseline_neutral,none,11,13,300,15,285,15,0,15,0,0,0,0.8667,0.8667,0.7333,0.8462,2,13,1,t1_e15,0.6036585365853658,0.5098,0.7422,0.4975
main,mycoplasma_pneumonia,high_interaction,main_baseline_neutral,none,11,14,300,15,285,15,0,15,0,0,0,0.8667,0.8667,0.7333,0.4615,2,13,1,t1_e15,0.6256983240223464,0.5154,0.7413,0.5036
main,mycoplasma_pneumonia,high_interaction,main_baseline_neutral,none,11,15,300,15,285,15,0,15,0,0,0,1.0,1.0,1.0,0.6154,0,15,1,t1_e15,0.6443298969072165,0.5218,0.7854,0.508
main,mycoplasma_pneumonia,high_interaction,main_baseline_neutral,none,12,1,300,15,285,15,15,0,0,0,0,0.5333,0.5333,0.0667,,7,8,4,seed_4,,0.493,0.5392,0.4906
main,mycoplasma_pneumonia,high_interaction,main_baseline_neutral,none,12,2,300,15,285,15,0,15,0,0,0,0.6667,0.6667,0.3333,,5,10,5,t1_e9,0.8,0.5002,0.5687,0.4966
main,mycoplasma_pneumonia,high_interaction,main_baseline_neutral,none,12,3,300,15,285,15,0,15,0,0,0,0.9333,0.9333,0.8667,0.0,1,14,1,t1_e9,0.6875,0.5085,0.628,0.5022
main,mycoplasma_pneumonia,high_interaction,main_baseline_neutral,none,12,4,300,15,285,15,0,15,0,0,0,0.9333,0.9333,0.8667,2.125,1,14,1,t1_e9,0.8064516129032258,0.518,0.6534,0.5109
main,mycoplasma_pneumonia,high_interaction,main_baseline_neutral,none,12,5,300,15,285,15,0,15,0,0,0,1.0,1.0,1.0,0.1667,0,15,1,t1_e9,0.8478260869565217,0.5281,0.6961,0.5192
main,mycoplasma_pneumonia,high_interaction,main_baseline_neutral,none,13,1,300,15,285,15,15,0,0,0,0,0.5333,0.5333,0.0667,,7,8,4,seed_4,,0.4932,0.5429,0.4906
main,mycoplasma_pneumonia,high_interaction,main_baseline_neutral,none,13,2,300,15,285,15,0,15,0,0,0,0.4,0.6,-0.2,,9,6,5,t1_e15,0.6,0.4952,0.5021,0.4948
main,mycoplasma_pneumonia,high_interaction,main_baseline_neutral,none,13,3,300,15,285,15,0,15,0,0,0,0.4667,0.5333,-0.0667,0.0,8,7,1,t1_e15,0.4375,0.4963,0.5425,0.4939
main,mycoplasma_pneumonia,high_interaction,main_baseline_neutral,none,13,4,300,15,285,15,0,15,0,0,0,0.6,0.6,0.2,1.4545,6,9,1,t1_e15,0.45161290322580644,0.499,0.5665,0.4955
main,mycoplasma_pneumonia,high_interaction,main_baseline_neutral,none,13,5,300,15,285,15,0,15,0,0,0,0.8667,0.8667,0.7333,1.3333,2,13,1,t1_e15,0.5,0.5042,0.6147,0.4984
main,mycoplasma_pneumonia,high_interaction,main_baseline_neutral,none,13,6,300,15,285,15,0,15,0,0,0,0.6667,0.6667,0.3333,1.0,5,10,1,t1_e15,0.5901639344262295,0.5086,0.6127,0.5031
main,mycoplasma_pneumonia,high_interaction,main_baseline_neutral,none,13,7,300,15,285,15,0,15,0,0,0,0.6,0.6,0.2,1.3077,6,9,1,t1_e15,0.6052631578947368,0.5119,0.604,0.507
main,mycoplasma_pneumonia,high_interaction,main_baseline_neutral,none,13,8,300,15,285,15,0,15,0,0,0,0.8,0.8,0.6,0.3846,3,12,1,t1_e15,0.6043956043956044,0.5167,0.7043,0.5068
main,mycoplasma_pneumonia,high_interaction,main_baseline_neutral,none,13,9,300,15,285,15,0,15,0,0,0,0.8667,0.8667,0.7333,0.7692,2,13,1,t1_e15,0.6320754716981133,0.5226,0.6774,0.5144
main,mycoplasma_pneumonia,high_interaction,main_baseline_neutral,none,13,10,300,15,285,15,0,15,0,0,0,0.8,0.8,0.6,1.0769,3,12,1,t1_e15,0.6611570247933884,0.5284,0.7135,0.5186
main,mycoplasma_pneumonia,high_interaction,main_baseline_neutral,none,13,11,300,15,285,15,0,15,0,0,0,0.7333,0.7333,0.4667,0.6923,4,11,1,t1_e15,0.6764705882352942,0.5334,0.729,0.5231
main,mycoplasma_pneumonia,high_interaction,main_baseline_neutral,none,13,12,300,15,285,14,0,14,0,0,1,0.7333,0.7857,0.5714,0.9231,3,11,1,t1_e15,0.6821192052980133,0.5384,0.753,0.5271
main,mycoplasma_pneumonia,high_interaction,main_baseline_neutral,none,13,13,300,15,285,15,0,15,0,0,0,0.8667,0.8667,0.7333,0.6154,2,13,1,t1_e15,0.6909090909090909,0.5438,0.8144,0.5296
main,mycoplasma_pneumonia,high_interaction,main_baseline_neutral,none,13,14,300,15,285,15,0,15,0,0,0,0.8667,0.8667,0.7333,1.6154,2,13,1,t1_e15,0.7055555555555556,0.5491,0.8042,0.5357
main,mycoplasma_pneumonia,high_interaction,main_baseline_neutral,none,13,15,300,15,285,14,0,14,0,0,1,0.8667,0.9286,0.8571,0.8462,1,13,1,t1_e15,0.717948717948718,0.5545,0.8112,0.541
main,mycoplasma_pneumonia,high_interaction,main_baseline_neutral,none,14,1,300,15,285,15,15,0,0,0,0,0.5333,0.5333,0.0667,,7,8,4,seed_4,,0.4926,0.5443,0.4899
main,mycoplasma_pneumonia,high_interaction,main_baseline_neutral,none,14,2,300,15,285,14,0,14,0,0,1,0.6667,0.7143,0.4286,,4,10,5,t1_e15,0.6,0.4976,0.5585,0.4944
main,mycoplasma_pneumonia,high_interaction,main_baseline_neutral,none,14,3,300,15,285,15,0,15,0,0,0,1.0,1.0,1.0,,0,15,1,t1_e15,0.7333333333333333,0.5074,0.6291,0.501
main,mycoplasma_pneumonia,high_interaction,main_baseline_neutral,none,14,4,300,15,285,15,0,15,0,0,0,0.8667,0.8667,0.7333,1.2857,2,13,1,t1_e15,0.8666666666666667,0.5172,0.634,0.511
main,mycoplasma_pneumonia,high_interaction,main_baseline_neutral,none,14,5,300,15,285,15,0,15,0,0,0,1.0,1.0,1.0,1.1667,0,15,1,t1_e15,0.8666666666666666,0.5281,0.6798,0.5201
main,mycoplasma_pneumonia,high_interaction,main_baseline_neutral,none,14,6,300,15,285,15,0,15,0,0,0,1.0,1.0,1.0,0.6923,0,15,1,t1_e15,0.9,0.5385,0.7564,0.5271
main,mycoplasma_pneumonia,high_interaction,main_baseline_neutral,none,14,7,300,15,285,14,0,14,0,0,1,0.8667,0.9286,0.8571,0.7692,1,13,1,t1_e15,0.9199999999999999,0.5478,0.7405,0.5377
main,mycoplasma_pneumonia,high_interaction,main_baseline_neutral,none,15,1,300,15,285,15,15,0,0,0,0,0.5333,0.5333,0.0667,,7,8,4,seed_4,,0.4925,0.5419,0.4899
main,mycoplasma_pneumonia,high_interaction,main_baseline_neutral,none,15,2,300,15,285,15,0,15,0,0,0,0.2,0.8,-0.6,,12,3,5,t1_e15,0.6,0.4929,0.4765,0.4938
main,mycoplasma_pneumonia,high_interaction,main_baseline_neutral,none,15,3,300,15,285,13,0,13,0,0,2,0.4667,0.5385,0.0769,2.5,6,7,1,t1_e15,0.25,0.4915,0.5325,0.4894
main,mycoplasma_pneumonia,high_interaction,main_baseline_neutral,none,15,4,300,15,285,15,0,15,0,0,0,0.2667,0.7333,-0.4667,1.1111,11,4,1,t1_e15,0.3793103448275862,0.4898,0.4697,0.4909
main,mycoplasma_pneumonia,high_interaction,main_baseline_neutral,none,15,5,300,15,285,15,0,15,0,0,0,0.3333,0.6667,-0.3333,0.75,10,5,1,t1_e15,0.3409090909090909,0.4881,0.5106,0.4869
main,mycoplasma_pneumonia,high_interaction,main_baseline_neutral,none,15,6,300,15,285,15,0,15,0,0,0,0.6,0.6,0.2,1.1538,6,9,1,t1_e15,0.3389830508474576,0.4892,0.5918,0.4838
main,mycoplasma_pneumonia,high_interaction,main_baseline_neutral,none,15,7,300,15,285,15,0,15,0,0,0,0.4667,0.5333,-0.0667,1.0,8,7,1,t1_e15,0.3918918918918919,0.4888,0.5071,0.4879
main,mycoplasma_pneumonia,high_interaction,main_baseline_neutral,none,15,8,300,15,285,15,0,15,0,0,0,0.6667,0.6667,0.3333,1.0769,5,10,1,t1_e15,0.4044943820224719,0.4902,0.6372,0.4825
main,mycoplasma_pneumonia,high_interaction,main_baseline_neutral,none,15,9,300,15,285,15,0,15,0,0,0,0.2,0.8,-0.6,0.2308,12,3,1,t1_e15,0.4423076923076923,0.4885,0.463,0.4898
main,mycoplasma_pneumonia,high_interaction,main_baseline_neutral,none,15,10,300,15,285,15,0,15,0,0,0,0.8667,0.8667,0.7333,1.8462,2,13,1,t1_e15,0.41176470588235287,0.4918,0.6856,0.4816
main,mycoplasma_pneumonia,high_interaction,main_baseline_neutral,none,15,11,300,15,285,15,0,15,0,0,0,0.6,0.6,0.2,1.5385,6,9,1,t1_e15,0.4626865671641791,0.4942,0.5819,0.4896
main,mycoplasma_pneumonia,high_interaction,main_baseline_neutral,none,15,12,300,15,285,15,0,15,0,0,0,0.6667,0.6667,0.3333,1.2308,5,10,1,t1_e15,0.4765100671140939,0.4961,0.6782,0.4866
main,mycoplasma_pneumonia,high_interaction,main_baseline_neutral,none,15,13,300,15,285,15,0,15,0,0,0,0.8667,0.8667,0.7333,1.4615,2,13,1,t1_e15,0.49390243902439024,0.5007,0.6626,0.4922
main,mycoplasma_pneumonia,high_interaction,main_baseline_neutral,none,15,14,300,15,285,15,0,15,0,0,0,0.6667,0.6667,0.3333,0.7692,5,10,1,t1_e15,0.5251396648044693,0.5026,0.6489,0.4949
main,mycoplasma_pneumonia,high_interaction,main_baseline_neutral,none,15,15,300,15,285,15,0,15,0,0,0,0.8,0.8,0.6,1.1538,3,12,1,t1_e15,0.5360824742268041,0.5067,0.7139,0.4958
main,mycoplasma_pneumonia,high_interaction,main_baseline_neutral,none,16,1,300,15,285,15,15,0,0,0,0,0.5333,0.5333,0.0667,,7,8,4,seed_4,,0.4932,0.5381,0.4908
main,mycoplasma_pneumonia,high_interaction,main_baseline_neutral,none,16,2,300,15,285,15,0,15,0,0,0,0.8667,0.8667,0.7333,,2,13,5,t1_e9,0.8,0.5024,0.6108,0.4967
main,mycoplasma_pneumonia,high_interaction,main_baseline_neutral,none,16,3,300,15,285,15,0,15,0,0,0,1.0,1.0,1.0,0.0,0,15,1,t1_e9,0.875,0.5137,0.6503,0.5065
main,mycoplasma_pneumonia,high_interaction,main_baseline_neutral,none,16,4,300,15,285,15,0,15,0,0,0,1.0,1.0,1.0,1.2,0,15,1,t1_e9,0.9354838709677419,0.5256,0.6805,0.5174
main,mycoplasma_pneumonia,high_interaction,main_baseline_neutral,none,16,5,300,15,285,15,0,15,0,0,0,0.9333,0.9333,0.8667,0.2222,1,14,1,t1_e9,0.9565217391304348,0.5362,0.7011,0.5275
main,mycoplasma_pneumonia,high_interaction,main_baseline_neutral,none,17,1,300,15,285,15,15,0,0,0,0,0.5333,0.5333,0.0667,,7,8,4,seed_4,,0.4922,0.5469,0.4893
main,mycoplasma_pneumonia,high_interaction,main_baseline_neutral,none,17,2,300,15,285,15,0,15,0,0,0,0.0,1.0,-1.0,,15,0,5,t1_e15,0.6,0.4908,0.4386,0.4935
main,mycoplasma_pneumonia,high_interaction,main_baseline_neutral,none,17,3,300,15,285,15,0,15,0,0,0,0.0667,0.9333,-0.8667,1.0,14,1,1,t1_e15,0.0625,0.4829,0.4283,0.4858
main,mycoplasma_pneumonia,high_interaction,main_baseline_neutral,none,17,4,300,15,285,15,0,15,0,0,0,0.1333,0.8571,-0.7143,0.75,12,2,1,t1_e15,0.06451612903225806,0.476,0.4147,0.4792
main,mycoplasma_pneumonia,high_interaction,main_baseline_neutral,none,17,5,300,15,285,13,0,13,0,0,2,0.6,0.6154,0.2308,1.25,5,8,1,t1_e15,0.08888888888888888,0.4741,0.5168,0.4718
main,mycoplasma_pneumonia,high_interaction,main_baseline_neutral,none,17,6,300,15,285,15,0,15,0,0,0,0.5333,0.5333,0.0667,1.7692,7,8,1,t1_e15,0.20689655172413793,0.4728,0.465,0.4732
main,mycoplasma_pneumonia,high_interaction,main_baseline_neutral,none,17,7,300,15,285,15,0,15,0,0,0,0.4,0.6,-0.2,0.4615,9,6,1,t1_e15,0.273972602739726,0.4701,0.4538,0.471
main,mycoplasma_pneumonia,high_interaction,main_baseline_neutral,none,17,8,300,15,285,14,0,14,0,0,1,0.6,0.6429,0.2857,0.6923,5,9,1,t1_e15,0.29545454545454547,0.4701,0.5094,0.4681
main,mycoplasma_pneumonia,high_interaction,main_baseline_neutral,none,17,9,300,15,285,15,0,15,0,0,0,0.6667,0.6667,0.3333,1.0,5,10,1,t1_e15,0.3431372549019608,0.4715,0.5445,0.4677
main,mycoplasma_pneumonia,high_interaction,main_baseline_neutral,none,17,10,300,15,285,15,0,15,0,0,0,0.6,0.6,0.2,1.2308,6,9,1,t1_e15,0.38461538461538464,0.4731,0.4949,0.472
main,mycoplasma_pneumonia,high_interaction,main_baseline_neutral,none,17,11,300,15,285,14,0,14,0,0,1,0.6667,0.7143,0.4286,1.1538,4,10,1,t1_e15,0.4090909090909091,0.4751,0.6066,0.4681
main,mycoplasma_pneumonia,high_interaction,main_baseline_neutral,none,17,12,300,15,285,15,0,15,0,0,0,0.6667,0.6667,0.3333,0.9231,5,10,1,t1_e15,0.43835616438356156,0.4778,0.5646,0.4733
main,mycoplasma_pneumonia,high_interaction,main_baseline_neutral,none,17,13,300,15,285,14,0,14,0,0,1,0.6667,0.7143,0.4286,1.4615,4,10,1,t1_e15,0.45962732919254656,0.4802,0.6182,0.4729
main,mycoplasma_pneumonia,high_interaction,main_baseline_neutral,none,17,14,300,15,285,15,0,15,0,0,0,0.7333,0.7333,0.4667,1.0769,4,11,1,t1_e15,0.48,0.4833,0.6268,0.4758
main,mycoplasma_pneumonia,high_interaction,main_baseline_neutral,none,17,15,300,15,285,15,0,15,0,0,0,0.6667,0.6667,0.3333,0.8462,5,10,1,t1_e15,0.5,0.486,0.6351,0.4782
main,mycoplasma_pneumonia,high_interaction,main_baseline_neutral,none,18,1,300,15,285,15,15,0,0,0,0,0.5333,0.5333,0.0667,,7,8,4,seed_4,,0.4924,0.5417,0.4898
main,mycoplasma_pneumonia,high_interaction,main_baseline_neutral,none,18,2,300,15,285,14,0,14,0,0,1,0.6,0.6429,0.2857,,5,9,5,t1_e9,0.8,0.499,0.5622,0.4957
main,mycoplasma_pneumonia,high_interaction,main_baseline_neutral,none,18,3,300,15,285,15,0,15,0,0,0,0.9333,0.9333,0.8667,0.0,1,14,1,t1_e9,0.6666666666666666,0.507,0.625,0.5008
main,mycoplasma_pneumonia,high_interaction,main_baseline_neutral,none,18,4,300,15,285,15,0,15,0,0,0,1.0,1.0,1.0,2.1429,0,15,1,t1_e9,0.8,0.5169,0.655,0.5096
main,mycoplasma_pneumonia,high_interaction,main_baseline_neutral,none,18,5,300,15,285,15,0,15,0,0,0,1.0,1.0,1.0,0.6,0,15,1,t1_e9,0.8666666666666666,0.5279,0.6794,0.5199
main,mycoplasma_pneumonia,high_interaction,main_baseline_neutral,none,19,1,300,15,285,15,15,0,0,0,0,0.5333,0.5333,0.0667,,7,8,4,seed_4,,0.4927,0.5423,0.4901
main,mycoplasma_pneumonia,high_interaction,main_baseline_neutral,none,19,2,300,15,285,15,0,15,0,0,0,0.4,0.6,-0.2,,9,6,5,t1_e15,0.6,0.4948,0.5077,0.4942
main,mycoplasma_pneumonia,high_interaction,main_baseline_neutral,none,19,3,300,15,285,15,0,15,0,0,0,0.0667,0.9333,-0.8667,,14,1,1,t1_e15,0.4375,0.4917,0.4501,0.4939
main,mycoplasma_pneumonia,high_interaction,main_baseline_neutral,none,19,4,300,15,285,15,0,15,0,0,0,0.5333,0.5333,0.0667,1.5,7,8,1,t1_e15,0.25806451612903225,0.491,0.5287,0.489
main,mycoplasma_pneumonia,high_interaction,main_baseline_neutral,none,19,5,300,15,285,15,0,15,0,0,0,0.5333,0.5333,0.0667,2.0,7,8,1,t1_e15,0.34782608695652173,0.4915,0.5359,0.4891
main,mycoplasma_pneumonia,high_interaction,main_baseline_neutral,none,19,6,300,15,285,15,0,15,0,0,0,0.8,0.8,0.6,1.6154,3,12,1,t1_e15,0.39344262295081966,0.4944,0.6144,0.4881
main,mycoplasma_pneumonia,high_interaction,main_baseline_neutral,none,19,7,300,15,285,15,0,15,0,0,0,0.6,0.6,0.2,1.6923,6,9,1,t1_e15,0.47368421052631576,0.4975,0.5209,0.4963
main,mycoplasma_pneumonia,high_interaction,main_baseline_neutral,none,19,8,300,15,285,15,0,15,0,0,0,0.6667,0.6667,0.3333,0.9231,5,10,1,t1_e15,0.4945054945054945,0.5002,0.6357,0.4931
main,mycoplasma_pneumonia,high_interaction,main_baseline_neutral,none,19,9,300,15,285,15,0,15,0,0,0,0.8,0.8,0.6,0.7692,3,12,1,t1_e15,0.5188679245283019,0.5043,0.6244,0.498
main,mycoplasma_pneumonia,high_interaction,main_baseline_neutral,none,19,10,300,15,285,15,0,15,0,0,0,0.8667,0.8667,0.7333,1.3077,2,13,1,t1_e15,0.5537190082644629,0.5089,0.6655,0.5006
main,mycoplasma_pneumonia,high_interaction,main_baseline_neutral,none,19,11,300,15,285,15,0,15,0,0,0,0.8,0.8,0.6,0.6154,3,12,1,t1_e15,0.5882352941176471,0.5137,0.6413,0.507
main,mycoplasma_pneumonia,high_interaction,main_baseline_neutral,none,19,12,300,15,285,15,0,15,0,0,0,0.8,0.8,0.6,1.0,3,12,1,t1_e15,0.609271523178808,0.5186,0.7282,0.5076
main,mycoplasma_pneumonia,high_interaction,main_baseline_neutral,none,19,13,300,15,285,15,0,15,0,0,0,0.8,0.8,0.6,0.9231,3,12,1,t1_e15,0.6265060240963856,0.5233,0.7145,0.5132
main,mycoplasma_pneumonia,high_interaction,main_baseline_neutral,none,19,14,300,15,285,15,0,15,0,0,0,0.8,0.8,0.6,0.6923,3,12,1,t1_e15,0.6408839779005525,0.5278,0.7548,0.5158
main,mycoplasma_pneumonia,high_interaction,main_baseline_neutral,none,19,15,300,15,285,15,0,15,0,0,0,0.8667,0.8667,0.7333,1.5385,2,13,1,t1_e15,0.6530612244897959,0.5336,0.7278,0.5234
main,mycoplasma_pneumonia,high_interaction,main_baseline_neutral,none,20,1,300,15,285,15,15,0,0,0,0,0.5333,0.5333,0.0667,,7,8,4,seed_4,,0.4916,0.5421,0.4889
main,mycoplasma_pneumonia,high_interaction,main_baseline_neutral,none,20,2,300,15,285,14,0,14,0,0,1,0.6667,0.7143,0.4286,,4,10,5,t1_e15,0.6,0.4968,0.5667,0.4931
main,mycoplasma_pneumonia,high_interaction,main_baseline_neutral,none,20,3,300,15,285,15,0,15,0,0,0,0.8,0.8,0.6,,3,12,1,t1_e15,0.7333333333333333,0.5041,0.5821,0.5
main,mycoplasma_pneumonia,high_interaction,main_baseline_neutral,none,20,4,300,15,285,15,0,15,0,0,0,1.0,1.0,1.0,2.0,0,15,1,t1_e15,0.7666666666666667,0.5138,0.6625,0.506
main,mycoplasma_pneumonia,high_interaction,main_baseline_neutral,none,20,5,300,15,285,15,0,15,0,0,0,1.0,1.0,1.0,1.1429,0,15,1,t1_e15,0.8444444444444446,0.5242,0.6727,0.5164
main,mycoplasma_pneumonia,high_interaction,main_baseline_neutral,none,20,6,300,15,285,15,0,15,0,0,0,1.0,1.0,1.0,0.6923,0,15,1,t1_e15,0.8833333333333332,0.5342,0.735,0.5237
main,mycoplasma_pneumonia,high_interaction,main_baseline_neutral,none,21,1,300,15,285,15,15,0,0,0,0,0.5333,0.5333,0.0667,,7,8,4,seed_4,,0.4912,0.5346,0.4889
main,mycoplasma_pneumonia,high_interaction,main_baseline_neutral,none,21,2,300,15,285,15,0,15,0,0,0,0.4,0.6,-0.2,,9,6,5,t1_e15,0.6,0.494,0.5186,0.4927
main,mycoplasma_pneumonia,high_interaction,main_baseline_neutral,none,21,3,300,15,285,15,0,15,0,0,0,0.2667,0.7333,-0.4667,3.0,11,4,1,t1_e15,0.4375,0.4927,0.5207,0.4912
main,mycoplasma_pneumonia,high_interaction,main_baseline_neutral,none,21,4,300,15,285,15,0,15,0,0,0,0.4,0.6,-0.2,1.5714,9,6,1,t1_e15,0.3548387096774194,0.4923,0.5134,0.4911
main,mycoplasma_pneumonia,high_interaction,main_baseline_neutral,none,21,5,300,15,285,15,0,15,0,0,0,0.1333,0.8667,-0.7333,1.7778,13,2,1,t1_e15,0.3695652173913043,0.4891,0.4906,0.489
main,mycoplasma_pneumonia,high_interaction,main_baseline_neutral,none,21,6,300,15,285,15,0,15,0,0,0,0.3333,0.6667,-0.3333,0.4615,10,5,1,t1_e15,0.3114754098360656,0.4868,0.5118,0.4855
main,mycoplasma_pneumonia,high_interaction,main_baseline_neutral,none,21,7,300,15,285,14,0,14,0,0,1,0.3333,0.6429,-0.2857,1.0,9,5,1,t1_e15,0.3157894736842105,0.4838,0.5222,0.4818
main,mycoplasma_pneumonia,high_interaction,main_baseline_neutral,none,21,8,300,15,285,15,0,15,0,0,0,0.3333,0.6667,-0.3333,0.4615,10,5,1,t1_e15,0.32222222222222224,0.481,0.5215,0.4789
main,mycoplasma_pneumonia,high_interaction,main_baseline_neutral,none,21,9,300,15,285,15,0,15,0,0,0,0.2667,0.7333,-0.4667,0.3846,11,4,1,t1_e15,0.32380952380952377,0.479,0.448,0.4806
main,mycoplasma_pneumonia,high_interaction,main_baseline_neutral,none,21,10,300,15,285,15,0,15,0,0,0,0.6,0.6,0.2,0.9231,6,9,1,t1_e15,0.31666666666666665,0.4788,0.5793,0.4735
main,mycoplasma_pneumonia,high_interaction,main_baseline_neutral,none,21,11,300,15,285,15,0,15,0,0,0,0.4667,0.5333,-0.0667,0.7692,8,7,1,t1_e15,0.34814814814814815,0.4776,0.536,0.4745
main,mycoplasma_pneumonia,high_interaction,main_baseline_neutral,none,21,12,300,15,285,15,0,15,0,0,0,0.8,0.8,0.6,1.8462,3,12,1,t1_e15,0.36,0.4803,0.5855,0.4747
main,mycoplasma_pneumonia,high_interaction,main_baseline_neutral,none,21,13,300,15,285,15,0,15,0,0,0,0.5333,0.5333,0.0667,0.3846,7,8,1,t1_e15,0.4,0.4805,0.5259,0.4781
main,mycoplasma_pneumonia,high_interaction,main_baseline_neutral,none,21,14,300,15,285,15,0,15,0,0,0,0.7333,0.7333,0.4667,0.7692,4,11,1,t1_e15,0.41111111111111115,0.4827,0.649,0.474
main,mycoplasma_pneumonia,high_interaction,main_baseline_neutral,none,21,15,300,15,285,15,0,15,0,0,0,0.6667,0.6667,0.3333,1.3077,5,10,1,t1_e15,0.43589743589743585,0.4847,0.5704,0.4801
main,mycoplasma_pneumonia,high_interaction,main_baseline_neutral,none,22,1,300,15,285,15,15,0,0,0,0,0.5333,0.5333,0.0667,,7,8,4,seed_4,,0.4913,0.5471,0.4884
main,mycoplasma_pneumonia,high_interaction,main_baseline_neutral,none,22,2,300,15,285,15,0,15,0,0,0,0.5333,0.5333,0.0667,,7,8,5,t1_e9,0.8,0.4977,0.5542,0.4948
main,mycoplasma_pneumonia,high_interaction,main_baseline_neutral,none,22,3,300,15,285,15,0,15,0,0,0,0.7333,0.7333,0.4667,1.0,4,11,1,t1_e9,0.5625,0.5029,0.5847,0.4986
main,mycoplasma_pneumonia,high_interaction,main_baseline_neutral,none,22,4,300,15,285,15,0,15,0,0,0,0.6667,0.6667,0.3333,0.5714,5,10,1,t1_e9,0.6451612903225806,0.5076,0.5662,0.5045
main,mycoplasma_pneumonia,high_interaction,main_baseline_neutral,none,22,5,300,15,285,15,0,15,0,0,0,1.0,1.0,1.0,0.1429,0,15,1,t1_e9,0.6521739130434783,0.5154,0.6892,0.5062
main,mycoplasma_pneumonia,high_interaction,main_baseline_neutral,none,22,6,300,15,285,15,0,15,0,0,0,0.9333,0.9333,0.8667,1.3846,1,14,1,t1_e9,0.7377049180327869,0.5239,0.6637,0.5165
main,mycoplasma_pneumonia,high_interaction,main_baseline_neutral,none,22,7,300,15,285,15,0,15,0,0,0,1.0,1.0,1.0,0.3077,0,15,1,t1_e9,0.7763157894736842,0.5325,0.7565,0.5207
main,mycoplasma_pneumonia,high_interaction,main_baseline_neutral,none,23,1,300,15,285,15,15,0,0,0,0,0.5333,0.5333,0.0667,,7,8,4,seed_4,,0.4915,0.5325,0.4894
main,mycoplasma_pneumonia,high_interaction,main_baseline_neutral,none,23,2,300,15,285,15,0,15,0,0,0,0.0667,0.9333,-0.8667,,14,1,5,t1_e15,0.6,0.4903,0.441,0.4929
main,mycoplasma_pneumonia,high_interaction,main_baseline_neutral,none,23,3,300,15,285,15,0,15,0,0,0,0.3333,0.6154,-0.2308,2.0,8,5,1,t1_e15,0.125,0.486,0.479,0.4864
main,mycoplasma_pneumonia,high_interaction,main_baseline_neutral,none,23,4,300,15,285,15,0,15,0,0,0,0.0,1.0,-1.0,0.0,15,0,1,t1_e15,0.2413793103448276,0.4799,0.38,0.4851
main,mycoplasma_pneumonia,high_interaction,main_baseline_neutral,none,23,5,300,15,285,14,0,14,0,0,1,0.2667,0.7143,-0.4286,1.625,10,4,1,t1_e15,0.1590909090909091,0.4751,0.4774,0.475
main,mycoplasma_pneumonia,high_interaction,main_baseline_neutral,none,23,6,300,15,285,15,0,15,0,0,0,0.4667,0.5333,-0.0667,1.0,8,7,1,t1_e15,0.1896551724137931,0.4728,0.4717,0.4729
main,mycoplasma_pneumonia,high_interaction,main_baseline_neutral,none,23,7,300,15,285,15,0,15,0,0,0,0.2667,0.7333,-0.4667,0.3846,11,4,1,t1_e15,0.2465753424657534,0.4695,0.4198,0.4722
main,mycoplasma_pneumonia,high_interaction,main_baseline_neutral,none,23,8,300,15,285,15,0,15,0,0,0,0.2667,0.7333,-0.4667,0.6923,11,4,1,t1_e15,0.25,0.4657,0.4339,0.4673
main,mycoplasma_pneumonia,high_interaction,main_baseline_neutral,none,23,9,300,15,285,15,0,15,0,0,0,0.2667,0.7333,-0.4667,0.5385,11,4,1,t1_e15,0.2524271844660194,0.4621,0.4543,0.4626
main,mycoplasma_pneumonia,high_interaction,main_baseline_neutral,none,23,10,300,15,285,15,0,15,0,0,0,0.4667,0.5333,-0.0667,1.1538,8,7,1,t1_e15,0.2542372881355932,0.4604,0.4636,0.4602
main,mycoplasma_pneumonia,high_interaction,main_baseline_neutral,none,23,11,300,15,285,15,0,15,0,0,0,0.5333,0.5333,0.0667,1.3077,7,8,1,t1_e15,0.2781954887218045,0.4601,0.4743,0.4593
main,mycoplasma_pneumonia,high_interaction,main_baseline_neutral,none,23,12,300,15,285,15,0,15,0,0,0,0.7333,0.7333,0.4667,1.6154,4,11,1,t1_e15,0.30405405405405406,0.4615,0.5468,0.457
main,mycoplasma_pneumonia,high_interaction,main_baseline_neutral,none,23,13,300,15,285,15,0,15,0,0,0,0.4,0.6,-0.2,0.6154,9,6,1,t1_e15,0.34355828220858897,0.4598,0.4836,0.4586
main,mycoplasma_pneumonia,high_interaction,main_baseline_neutral,none,23,14,300,15,285,15,0,15,0,0,0,0.4667,0.5333,-0.0667,0.9231,8,7,1,t1_e15,0.34831460674157305,0.4588,0.4787,0.4577
main,mycoplasma_pneumonia,high_interaction,main_baseline_neutral,none,23,15,300,15,285,15,0,15,0,0,0,0.6667,0.6667,0.3333,1.5385,5,10,1,t1_e15,0.35751295336787564,0.4604,0.5597,0.4552
main,mycoplasma_pneumonia,high_interaction,main_baseline_neutral,none,24,1,300,15,285,15,15,0,0,0,0,0.5333,0.5333,0.0667,,7,8,4,seed_4,,0.4946,0.5411,0.4922
main,mycoplasma_pneumonia,high_interaction,main_baseline_neutral,none,24,2,300,15,285,15,0,15,0,0,0,1.0,1.0,1.0,,0,15,5,t1_e9,1.0,0.5079,0.6461,0.5006
main,mycoplasma_pneumonia,high_interaction,main_baseline_neutral,none,24,3,300,15,285,15,0,15,0,0,0,1.0,1.0,1.0,1.0,0,15,1,t1_e9,1.0,0.5206,0.6626,0.5131
main,mycoplasma_pneumonia,high_interaction,main_baseline_neutral,none,24,4,300,15,285,15,0,15,0,0,0,1.0,1.0,1.0,0.2857,0,15,1,t1_e9,1.0,0.5325,0.7178,0.5228
main,mycoplasma_pneumonia,high_interaction,main_baseline_neutral,none,24,5,300,15,285,15,0,15,0,0,0,0.9333,0.9333,0.8667,0.2857,1,14,1,t1_e9,1.0,0.5444,0.7146,0.5354
main,mycoplasma_pneumonia,high_interaction,main_baseline_neutral,none,25,1,300,15,285,15,15,0,0,0,0,0.5333,0.5333,0.0667,,7,8,4,seed_4,,0.491,0.5327,0.4888
main,mycoplasma_pneumonia,high_interaction,main_baseline_neutral,none,25,2,300,15,285,15,0,15,0,0,0,0.0,1.0,-1.0,,15,0,5,t1_e15,0.6,0.4896,0.4362,0.4924
main,mycoplasma_pneumonia,high_interaction,main_baseline_neutral,none,25,3,300,15,285,15,0,15,0,0,0,0.1333,0.8667,-0.7333,4.0,13,2,1,t1_e15,0.0625,0.4821,0.435,0.4846
main,mycoplasma_pneumonia,high_interaction,main_baseline_neutral,none,25,4,300,15,285,15,0,15,0,0,0,0.1333,0.8667,-0.7333,0.6667,13,2,1,t1_e15,0.0967741935483871,0.4756,0.4031,0.4794
main,mycoplasma_pneumonia,high_interaction,main_baseline_neutral,none,25,5,300,15,285,15,0,15,0,0,0,0.0667,0.9333,-0.8667,0.7143,14,1,1,t1_e15,0.10869565217391304,0.4682,0.405,0.4715
main,mycoplasma_pneumonia,high_interaction,main_baseline_neutral,none,25,6,300,15,285,15,0,15,0,0,0,0.3333,0.6667,-0.3333,0.8462,10,5,1,t1_e15,0.09836065573770492,0.4635,0.4224,0.4657
main,mycoplasma_pneumonia,high_interaction,main_baseline_neutral,none,25,7,300,15,285,15,0,15,0,0,0,0.1333,0.8667,-0.7333,0.2308,13,2,1,t1_e15,0.14473684210526316,0.4571,0.3309,0.4637
main,mycoplasma_pneumonia,high_interaction,main_baseline_neutral,none,25,8,300,15,285,15,0,15,0,0,0,0.4667,0.5333,-0.0667,1.0769,8,7,1,t1_e15,0.14285714285714285,0.4543,0.4413,0.455
main,mycoplasma_pneumonia,high_interaction,main_baseline_neutral,none,25,9,300,15,285,15,0,15,0,0,0,0.4,0.6,-0.2,0.6923,9,6,1,t1_e15,0.18867924528301888,0.4518,0.4177,0.4536
main,mycoplasma_pneumonia,high_interaction,main_baseline_neutral,none,25,10,300,15,285,15,0,15,0,0,0,0.4,0.6,-0.2,1.0,9,6,1,t1_e15,0.21487603305785125,0.4492,0.3943,0.4521
main,mycoplasma_pneumonia,high_interaction,main_baseline_neutral,none,25,11,300,15,285,15,0,15,0,0,0,0.4667,0.5333,-0.0667,0.8462,8,7,1,t1_e15,0.23529411764705882,0.447,0.4837,0.445
main,mycoplasma_pneumonia,high_interaction,main_baseline_neutral,none,25,12,300,15,285,15,0,15,0,0,0,0.4,0.6,-0.2,0.6923,9,6,1,t1_e15,0.2582781456953642,0.4449,0.3955,0.4475
main,mycoplasma_pneumonia,high_interaction,main_baseline_neutral,none,25,13,300,15,285,15,0,15,0,0,0,0.5333,0.5333,0.0667,0.3846,7,8,1,t1_e15,0.2710843373493976,0.4435,0.4801,0.4416
main,mycoplasma_pneumonia,high_interaction,main_baseline_neutral,none,25,14,300,15,285,15,0,15,0,0,0,0.4667,0.5333,-0.0667,0.6923,8,7,1,t1_e15,0.292817679558011,0.4426,0.4428,0.4426
main,mycoplasma_pneumonia,high_interaction,main_baseline_neutral,none,25,15,300,15,285,14,0,14,0,0,1,0.5333,0.5714,0.1429,0.4615,6,8,1,t1_e15,0.30612244897959184,0.4417,0.461,0.4407
main,mycoplasma_pneumonia,high_interaction,main_baseline_neutral,none,26,1,300,15,285,15,15,0,0,0,0,0.5333,0.5333,0.0667,,7,8,4,seed_4,,0.492,0.5348,0.4898
main,mycoplasma_pneumonia,high_interaction,main_baseline_neutral,none,26,2,300,15,285,15,0,15,0,0,0,0.2667,0.7333,-0.4667,,11,4,5,t1_e15,0.6,0.4929,0.477,0.4937
main,mycoplasma_pneumonia,high_interaction,main_baseline_neutral,none,26,3,300,15,285,15,0,15,0,0,0,0.2,0.8,-0.6,0.0,12,3,1,t1_e15,0.3125,0.4892,0.4678,0.4903
main,mycoplasma_pneumonia,high_interaction,main_baseline_neutral,none,26,4,300,15,285,15,0,15,0,0,0,0.4,0.6,-0.2,0.125,9,6,1,t1_e15,0.25806451612903225,0.4871,0.5157,0.4856
main,mycoplasma_pneumonia,high_interaction,main_baseline_neutral,none,26,5,300,15,285,15,0,15,0,0,0,0.4,0.6,-0.2,0.8571,9,6,1,t1_e15,0.30434782608695654,0.4856,0.5034,0.4847
main,mycoplasma_pneumonia,high_interaction,main_baseline_neutral,none,26,6,300,15,285,15,0,15,0,0,0,0.4667,0.5333,-0.0667,0.9231,8,7,1,t1_e15,0.32786885245901637,0.4853,0.5267,0.4831
main,mycoplasma_pneumonia,high_interaction,main_baseline_neutral,none,26,7,300,15,285,15,0,15,0,0,0,0.4,0.6,-0.2,0.6923,9,6,1,t1_e15,0.35526315789473684,0.4841,0.5111,0.4827
main,mycoplasma_pneumonia,high_interaction,main_baseline_neutral,none,26,8,300,15,285,15,0,15,0,0,0,0.6,0.6,0.2,1.0,6,9,1,t1_e15,0.3626373626373626,0.4847,0.5987,0.4787
main,mycoplasma_pneumonia,high_interaction,main_baseline_neutral,none,26,9,300,15,285,15,0,15,0,0,0,0.4,0.6,-0.2,0.3846,9,6,1,t1_e15,0.39622641509433965,0.4844,0.5183,0.4826
main,mycoplasma_pneumonia,high_interaction,main_baseline_neutral,none,26,10,300,15,285,15,0,15,0,0,0,0.4,0.6,-0.2,0.5385,9,6,1,t1_e15,0.39669421487603307,0.4836,0.5298,0.4811
main,mycoplasma_pneumonia,high_interaction,main_baseline_neutral,none,26,11,300,15,285,15,0,15,0,0,0,0.6,0.6,0.2,0.9231,6,9,1,t1_e15,0.39705882352941174,0.4845,0.6133,0.4777
main,mycoplasma_pneumonia,high_interaction,main_baseline_neutral,none,26,12,300,15,285,15,0,15,0,0,0,0.3333,0.6667,-0.3333,1.0,10,5,1,t1_e15,0.41721854304635764,0.483,0.5336,0.4803
main,mycoplasma_pneumonia,high_interaction,main_baseline_neutral,none,26,13,300,15,285,15,0,15,0,0,0,0.3333,0.6667,-0.3333,1.0769,10,5,1,t1_e15,0.40963855421686746,0.4815,0.5521,0.4778
main,mycoplasma_pneumonia,high_interaction,main_baseline_neutral,none,26,14,300,15,285,15,0,15,0,0,0,0.6,0.6,0.2,0.9231,6,9,1,t1_e15,0.40331491712707185,0.4823,0.5963,0.4763
main,mycoplasma_pneumonia,high_interaction,main_baseline_neutral,none,26,15,300,15,285,15,0,15,0,0,0,0.7333,0.7333,0.4667,1.1538,4,11,1,t1_e15,0.4183673469387756,0.484,0.6532,0.4751
main,mycoplasma_pneumonia,high_interaction,main_baseline_neutral,none,27,1,300,15,285,15,15,0,0,0,0,0.5333,0.5333,0.0667,,7,8,4,seed_4,,0.4908,0.5418,0.4881
main,mycoplasma_pneumonia,high_interaction,main_baseline_neutral,none,27,2,300,15,285,15,0,15,0,0,0,0.0,1.0,-1.0,,15,0,5,t1_e15,0.6,0.4891,0.4297,0.4922
main,mycoplasma_pneumonia,high_interaction,main_baseline_neutral,none,27,3,300,15,285,13,0,13,0,0,2,0.0,1.0,-1.0,4.0,13,0,1,t1_e15,0.0625,0.4803,0.417,0.4837
main,mycoplasma_pneumonia,high_interaction,main_baseline_neutral,none,27,4,300,15,285,15,0,15,0,0,0,0.3333,0.6667,-0.3333,1.5714,10,5,1,t1_e15,0.034482758620689655,0.4746,0.4391,0.4765
main,mycoplasma_pneumonia,high_interaction,main_baseline_neutral,none,27,5,300,15,285,13,0,13,0,0,2,0.2,0.7692,-0.5385,0.2857,10,3,1,t1_e15,0.13636363636363635,0.4689,0.4239,0.4713
main,mycoplasma_pneumonia,high_interaction,main_baseline_neutral,none,27,6,300,15,285,15,0,15,0,0,0,0.8667,0.8667,0.7333,2.0,2,13,1,t1_e15,0.15789473684210525,0.4706,0.5591,0.4659
main,mycoplasma_pneumonia,high_interaction,main_baseline_neutral,none,27,7,300,15,285,14,0,14,0,0,1,0.2667,0.7143,-0.4286,0.8462,10,4,1,t1_e15,0.3055555555555556,0.468,0.3951,0.4718
main,mycoplasma_pneumonia,high_interaction,main_baseline_neutral,none,27,8,300,15,285,15,0,15,0,0,0,0.4667,0.5333,-0.0667,0.6923,8,7,1,t1_e15,0.3023255813953488,0.4669,0.5125,0.4645
main,mycoplasma_pneumonia,high_interaction,main_baseline_neutral,none,27,9,300,15,285,14,0,14,0,0,1,0.6,0.6429,0.2857,0.8462,5,9,1,t1_e15,0.32673267326732675,0.4675,0.5424,0.4636
main,mycoplasma_pneumonia,high_interaction,main_baseline_neutral,none,27,10,300,15,285,14,0,14,0,0,1,0.6,0.6429,0.2857,1.2308,5,9,1,t1_e15,0.3652173913043478,0.4679,0.5609,0.463
main,mycoplasma_pneumonia,high_interaction,main_baseline_neutral,none,27,11,300,15,285,15,0,15,0,0,0,0.4667,0.5333,-0.0667,1.0,8,7,1,t1_e15,0.3953488372093023,0.4678,0.4532,0.4686
main,mycoplasma_pneumonia,high_interaction,main_baseline_neutral,none,27,12,300,15,285,14,0,14,0,0,1,0.6667,0.7143,0.4286,0.4615,4,10,1,t1_e15,0.4027777777777778,0.4692,0.6344,0.4605
main,mycoplasma_pneumonia,high_interaction,main_baseline_neutral,none,27,13,300,15,285,15,0,15,0,0,0,0.6667,0.6667,0.3333,0.9231,5,10,1,t1_e15,0.430379746835443,0.4717,0.5506,0.4676
main,mycoplasma_pneumonia,high_interaction,main_baseline_neutral,none,27,14,300,15,285,15,0,15,0,0,0,0.8667,0.8667,0.7333,1.0769,2,13,1,t1_e15,0.4508670520231214,0.4756,0.6567,0.4661
main,mycoplasma_pneumonia,high_interaction,main_baseline_neutral,none,27,15,300,15,285,15,0,15,0,0,0,0.9333,0.9333,0.8667,1.3077,1,14,1,t1_e15,0.48404255319148937,0.4806,0.683,0.4699
main,mycoplasma_pneumonia,high_interaction,main_baseline_neutral,none,28,1,300,15,285,15,15,0,0,0,0,0.5333,0.5333,0.0667,,7,8,4,seed_4,,0.4916,0.5368,0.4892
main,mycoplasma_pneumonia,high_interaction,main_baseline_neutral,none,28,2,300,15,285,15,0,15,0,0,0,1.0,1.0,1.0,,0,15,5,t1_e9,0.8,0.5021,0.6337,0.4952
main,mycoplasma_pneumonia,high_interaction,main_baseline_neutral,none,28,3,300,15,285,15,0,15,0,0,0,1.0,1.0,1.0,4.0,0,15,1,t1_e9,1.0,0.5152,0.6447,0.5084
main,mycoplasma_pneumonia,high_interaction,main_baseline_neutral,none,28,4,300,15,285,15,0,15,0,0,0,1.0,1.0,1.0,0.2,0,15,1,t1_e9,1.0,0.5276,0.6947,0.5188
main,mycoplasma_pneumonia,high_interaction,main_baseline_neutral,none,28,5,300,15,285,15,0,15,0,0,0,1.0,1.0,1.0,0.4444,0,15,1,t1_e9,1.0,0.5396,0.7264,0.5297
main,mycoplasma_pneumonia,high_interaction,main_baseline_neutral,none,29,1,300,15,285,15,15,0,0,0,0,0.5333,0.5333,0.0667,,7,8,4,seed_4,,0.4912,0.5401,0.4886
main,mycoplasma_pneumonia,high_interaction,main_baseline_neutral,none,29,2,300,15,285,15,0,15,0,0,0,0.4,0.6,-0.2,,9,6,5,t1_e15,0.6,0.4933,0.5012,0.4929
main,mycoplasma_pneumonia,high_interaction,main_baseline_neutral,none,29,3,300,15,285,15,0,15,0,0,0,0.0,1.0,-1.0,4.0,15,0,1,t1_e15,0.4375,0.4898,0.4503,0.4919
main,mycoplasma_pneumonia,high_interaction,main_baseline_neutral,none,29,4,300,15,285,15,0,15,0,0,0,0.2667,0.6923,-0.3846,0.6667,9,4,1,t1_e15,0.22580645161290322,0.4859,0.4767,0.4864
main,mycoplasma_pneumonia,high_interaction,main_baseline_neutral,none,29,5,300,15,285,15,0,15,0,0,0,0.3333,0.6667,-0.3333,2.0,10,5,1,t1_e15,0.25,0.4828,0.492,0.4823
main,mycoplasma_pneumonia,high_interaction,main_baseline_neutral,none,29,6,300,15,285,15,0,15,0,0,0,0.3333,0.6667,-0.3333,0.6154,10,5,1,t1_e15,0.2711864406779661,0.4805,0.474,0.4808
main,mycoplasma_pneumonia,high_interaction,main_baseline_neutral,none,29,7,300,15,285,15,0,15,0,0,0,0.4,0.6,-0.2,0.9231,9,6,1,t1_e15,0.28378378378378377,0.4784,0.4612,0.4793
main,mycoplasma_pneumonia,high_interaction,main_baseline_neutral,none,29,8,300,15,285,14,0,14,0,0,1,0.3333,0.6429,-0.2857,0.9231,9,5,1,t1_e15,0.30337078651685395,0.4766,0.4882,0.4759
main,mycoplasma_pneumonia,high_interaction,main_baseline_neutral,none,29,9,300,15,285,15,0,15,0,0,0,0.2667,0.7333,-0.4667,0.3846,11,4,1,t1_e15,0.3106796116504854,0.474,0.4579,0.4748
main,mycoplasma_pneumonia,high_interaction,main_baseline_neutral,none,29,10,300,15,285,13,0,13,0,0,2,0.4667,0.5385,0.0769,1.2308,6,7,1,t1_e15,0.3050847457627119,0.473,0.5038,0.4714
main,mycoplasma_pneumonia,high_interaction,main_baseline_neutral,none,29,11,300,15,285,15,0,15,0,0,0,0.3333,0.6667,-0.3333,0.8462,10,5,1,t1_e15,0.3282442748091603,0.4708,0.5022,0.4692
main,mycoplasma_pneumonia,high_interaction,main_baseline_neutral,none,29,12,300,15,285,14,0,14,0,0,1,0.6,0.6429,0.2857,2.0,5,9,1,t1_e15,0.3287671232876712,0.4719,0.5155,0.4696
main,mycoplasma_pneumonia,high_interaction,main_baseline_neutral,none,29,13,300,15,285,15,0,15,0,0,0,0.6,0.6,0.2,0.6923,6,9,1,t1_e15,0.35625,0.472,0.5766,0.4665
main,mycoplasma_pneumonia,high_interaction,main_baseline_neutral,none,29,14,300,15,285,15,0,15,0,0,0,0.4667,0.5333,-0.0667,0.4615,8,7,1,t1_e15,0.3771428571428572,0.472,0.4841,0.4714
main,mycoplasma_pneumonia,high_interaction,main_baseline_neutral,none,29,15,300,15,285,15,0,15,0,0,0,0.5333,0.5333,0.0667,0.5385,7,8,1,t1_e15,0.38421052631578945,0.4721,0.5808,0.4664
main,mycoplasma_pneumonia,high_interaction,main_baseline_neutral,none,30,1,300,15,285,15,15,0,0,0,0,0.5333,0.5333,0.0667,,7,8,4,seed_4,,0.4924,0.5433,0.4897
main,mycoplasma_pneumonia,high_interaction,main_baseline_neutral,none,30,2,300,15,285,15,0,15,0,0,0,0.7333,1.0,1.0,,0,11,5,t1_e15,0.6,0.4982,0.5777,0.494
main,mycoplasma_pneumonia,high_interaction,main_baseline_neutral,none,30,3,300,15,285,15,0,15,0,0,0,1.0,1.0,1.0,,0,15,1,t1_e15,1.0,0.5114,0.6446,0.5044
main,mycoplasma_pneumonia,high_interaction,main_baseline_neutral,none,30,4,300,15,285,15,0,15,0,0,0,1.0,1.0,1.0,1.5,0,15,1,t1_e15,1.0,0.5238,0.6888,0.5152
main,mycoplasma_pneumonia,high_interaction,main_baseline_neutral,none,30,5,300,15,285,15,0,15,0,0,0,1.0,1.0,1.0,0.0,0,15,1,t1_e15,1.0,0.5364,0.6824,0.5288
