experiment_family,scenario_name,condition_name,persona_name,chat_atmosphere,repeat_index,timestep,n_agents,n_active_agents,n_inactive_agents,n_public_events,n_post,n_reply,n_like,n_repost,n_observe,nsb_active,gcr_step_public,ssa_step_public,scm_step_active,positive_public_signals,negative_public_signals,visible_hyperedge_count,dominant_hyperedge_id,visible_negative_pressure,mean_latent_neg_all,mean_latent_neg_active,mean_latent_neg_inactive
main,influenza_a,high_interaction,main_baseline_neutral,none,1,1,300,15,285,15,15,0,0,0,0,0.5333,0.5333,0.0667,,7,8,4,seed_4,,0.4934,0.5369,0.4911
main,influenza_a,high_interaction,main_baseline_neutral,none,1,2,300,15,285,13,7,6,0,0,2,0.5333,0.5385,0.0769,1.0,6,7,5,t1_e9,0.6,0.4968,0.5274,0.4951
main,influenza_a,high_interaction,main_baseline_neutral,none,1,3,300,15,285,15,2,11,2,0,0,0.9333,0.9333,0.8667,1.3333,1,14,3,t1_e13,0.6636363636363636,0.5048,0.6254,0.4985
main,influenza_a,high_interaction,main_baseline_neutral,none,1,4,300,15,285,12,1,6,5,0,3,0.8667,0.9167,0.8333,1.1429,1,11,3,t1_e13,0.8189300411522635,0.514,0.626,0.5081
main,influenza_a,high_interaction,main_baseline_neutral,none,1,5,300,15,285,14,5,7,2,0,1,1.0,1.0,1.0,1.1667,0,14,2,t1_e13,0.837742504409171,0.5245,0.674,0.5166
main,influenza_a,high_interaction,main_baseline_neutral,none,2,1,300,15,285,15,15,0,0,0,0,0.5333,0.5333,0.0667,,7,8,4,seed_4,,0.4933,0.5411,0.4908
main,influenza_a,high_interaction,main_baseline_neutral,none,2,2,300,15,285,15,7,4,4,0,0,1.0,1.0,1.0,4.0,0,15,5,t1_e9,0.8,0.5039,0.6386,0.4968
main,influenza_a,high_interaction,main_baseline_neutral,none,2,3,300,15,285,15,9,5,1,0,0,1.0,1.0,1.0,1.4,0,15,3,t1_e12,0.914141414141414,0.5156,0.6583,0.5081
main,influenza_a,high_interaction,main_baseline_neutral,none,2,4,300,15,285,13,1,6,6,0,2,1.0,1.0,1.0,2.3333,0,13,3,t1_e12,0.9436363636363636,0.5274,0.6681,0.52
main,influenza_a,high_interaction,main_baseline_neutral,none,2,5,300,15,285,15,2,8,5,0,0,1.0,1.0,1.0,0.625,0,15,3,t1_e12,0.9681897050318105,0.5389,0.7316,0.5288
main,influenza_a,high_interaction,main_baseline_neutral,none,3,1,300,15,285,15,15,0,0,0,0,0.5333,0.5333,0.0667,,7,8,4,seed_4,,0.4917,0.5385,0.4892
main,influenza_a,high_interaction,main_baseline_neutral,none,3,2,300,15,285,15,8,5,2,0,0,0.4667,0.5333,-0.0667,0.0,8,7,5,t1_e9,0.8,0.4971,0.5369,0.495
main,influenza_a,high_interaction,main_baseline_neutral,none,3,3,300,15,285,11,6,2,3,0,4,0.5333,0.6364,0.2727,1.5,4,7,2,t1_e11,0.4333333333333333,0.4983,0.5792,0.494
main,influenza_a,high_interaction,main_baseline_neutral,none,3,4,300,15,285,13,4,4,5,0,2,0.6667,0.6154,0.2308,1.3636,5,8,2,t1_e11,0.4902597402597402,0.5018,0.5853,0.4974
main,influenza_a,high_interaction,main_baseline_neutral,none,3,5,300,15,285,13,5,3,5,0,2,0.5333,0.6154,0.2308,0.8333,5,8,2,t1_e11,0.4692307692307692,0.5033,0.5945,0.4985
main,influenza_a,high_interaction,main_baseline_neutral,none,3,6,300,15,285,15,5,6,4,0,0,0.9333,0.9333,0.8667,1.3077,1,14,2,t1_e10,0.540474828375286,0.5089,0.702,0.4988
main,influenza_a,high_interaction,main_baseline_neutral,none,3,7,300,15,285,14,4,10,0,0,1,0.7333,0.7857,0.5714,1.2308,3,11,2,t1_e10,0.6318587919038584,0.5138,0.6293,0.5078
main,influenza_a,high_interaction,main_baseline_neutral,none,3,8,300,15,285,15,2,9,4,0,0,1.0,1.0,1.0,0.9231,0,15,2,t1_e10,0.6886657101865136,0.5208,0.7777,0.5073
main,influenza_a,high_interaction,main_baseline_neutral,none,3,9,300,15,285,14,1,9,4,0,1,0.8667,0.8571,0.7143,0.4615,2,12,2,t1_e10,0.7555555555555556,0.5278,0.7043,0.5185
main,influenza_a,high_interaction,main_baseline_neutral,none,3,10,300,15,285,15,4,10,1,0,0,1.0,1.0,1.0,0.8462,0,15,2,t1_e10,0.785421888053467,0.5355,0.8109,0.521
main,influenza_a,high_interaction,main_baseline_neutral,none,3,11,300,15,285,15,4,10,1,0,0,1.0,1.0,1.0,0.9231,0,15,2,t1_e10,0.8139355742296919,0.5438,0.8102,0.5298
main,influenza_a,high_interaction,main_baseline_neutral,none,3,12,300,15,285,14,2,10,2,0,1,1.0,1.0,1.0,0.1538,0,14,2,t1_e10,0.8364021890807605,0.5511,0.8804,0.5337
main,influenza_a,high_interaction,main_baseline_neutral,none,4,1,300,15,285,15,15,0,0,0,0,0.5333,0.5333,0.0667,,7,8,4,seed_4,,0.4941,0.5427,0.4916
main,influenza_a,high_interaction,main_baseline_neutral,none,4,2,300,15,285,15,7,8,0,0,0,1.0,1.0,1.0,1.6667,0,15,5,t1_e9,0.8,0.5042,0.6447,0.4968
main,influenza_a,high_interaction,main_baseline_neutral,none,4,3,300,15,285,15,7,7,1,0,0,1.0,1.0,1.0,3.0,0,15,3,t1_e12,0.9065040650406504,0.5156,0.6489,0.5086
main,influenza_a,high_interaction,main_baseline_neutral,none,4,4,300,15,285,14,6,5,3,0,1,1.0,1.0,1.0,1.2857,0,14,3,t1_e12,0.9471830985915493,0.527,0.6985,0.518
main,influenza_a,high_interaction,main_baseline_neutral,none,4,5,300,15,285,14,5,7,2,0,1,1.0,1.0,1.0,0.25,0,14,3,t1_e12,0.96340206185567,0.5389,0.6831,0.5313
main,influenza_a,high_interaction,main_baseline_neutral,none,5,1,300,15,285,15,15,0,0,0,0,0.5333,0.5333,0.0667,,7,8,4,seed_4,,0.4932,0.5432,0.4906
main,influenza_a,high_interaction,main_baseline_neutral,none,5,2,300,15,285,14,7,5,2,0,1,0.8667,0.8571,0.7143,,2,12,5,t1_e15,0.6,0.4997,0.5887,0.495
main,influenza_a,high_interaction,main_baseline_neutral,none,5,3,300,15,285,14,4,9,1,0,1,0.7333,0.7143,0.4286,2.0,4,10,3,t1_e12,0.691919191919192,0.5059,0.5825,0.5018
main,influenza_a,high_interaction,main_baseline_neutral,none,5,4,300,15,285,12,2,6,4,0,3,0.8,0.75,0.5,1.5,3,9,3,t1_e12,0.7018779342723004,0.5128,0.6049,0.5079
main,influenza_a,high_interaction,main_baseline_neutral,none,5,5,300,15,285,14,5,8,1,0,1,1.0,1.0,1.0,1.0,0,14,2,t1_e12,0.7123015873015873,0.521,0.6853,0.5124
main,influenza_a,high_interaction,main_baseline_neutral,none,5,6,300,15,285,15,6,8,1,0,0,0.8,0.8,0.6,0.6364,3,12,2,t1_e12,0.7854166666666665,0.5283,0.6709,0.5208
main,influenza_a,high_interaction,main_baseline_neutral,none,5,7,300,15,285,15,7,7,1,0,0,1.0,1.0,1.0,0.4615,0,15,2,t1_e15,0.7616648992576882,0.5367,0.7585,0.5251
main,influenza_a,high_interaction,main_baseline_neutral,none,5,8,300,15,285,14,9,5,0,0,1,0.9333,0.9286,0.8571,1.0769,1,13,2,t1_e15,0.7977689738436402,0.5452,0.732,0.5353
main,influenza_a,high_interaction,main_baseline_neutral,none,5,9,300,15,285,15,8,7,0,0,0,1.0,1.0,1.0,0.5385,0,15,2,t1_e15,0.7984841302090387,0.5533,0.8277,0.5389
main,influenza_a,high_interaction,main_baseline_neutral,none,6,1,300,15,285,15,15,0,0,0,0,0.5333,0.5333,0.0667,,7,8,4,seed_4,,0.4916,0.5448,0.4888
main,influenza_a,high_interaction,main_baseline_neutral,none,6,2,300,15,285,14,7,5,2,0,1,1.0,1.0,1.0,3.0,0,14,5,t1_e9,0.8,0.5021,0.6321,0.4952
main,influenza_a,high_interaction,main_baseline_neutral,none,6,3,300,15,285,15,10,3,2,0,0,1.0,1.0,1.0,2.2,0,15,2,t1_e10,0.8866666666666667,0.5135,0.6469,0.5065
main,influenza_a,high_interaction,main_baseline_neutral,none,6,4,300,15,285,12,1,4,7,0,3,1.0,1.0,1.0,1.25,0,12,2,t1_e10,0.9282608695652176,0.5255,0.6704,0.5178
main,influenza_a,high_interaction,main_baseline_neutral,none,6,5,300,15,285,13,2,9,2,0,2,1.0,1.0,1.0,0.2,0,13,2,t1_e10,0.9605263157894736,0.5374,0.6965,0.5291
main,influenza_a,high_interaction,main_baseline_neutral,none,7,1,300,15,285,15,15,0,0,0,0,0.5333,0.5333,0.0667,,7,8,4,seed_4,,0.4916,0.5433,0.4888
main,influenza_a,high_interaction,main_baseline_neutral,none,7,2,300,15,285,12,7,3,2,0,3,0.3333,0.5833,-0.1667,0.0,7,5,5,t1_e15,0.6,0.4929,0.4995,0.4925
main,influenza_a,high_interaction,main_baseline_neutral,none,7,3,300,15,285,15,12,2,1,0,0,0.8,0.8,0.6,1.0,3,12,2,t1_e11,0.1625,0.4929,0.6202,0.4862
main,influenza_a,high_interaction,main_baseline_neutral,none,7,4,300,15,285,15,9,6,0,0,0,0.7333,0.7333,0.4667,1.6667,4,11,2,t1_e11,0.3333333333333333,0.4946,0.5884,0.4896
main,influenza_a,high_interaction,main_baseline_neutral,none,7,5,300,15,285,13,4,3,6,0,2,0.3333,0.6154,-0.2308,1.1667,8,5,2,t1_e11,0.4671717171717172,0.4946,0.5599,0.4911
main,influenza_a,high_interaction,main_baseline_neutral,none,7,6,300,15,285,12,4,5,3,0,3,0.5333,0.5833,-0.1667,1.3846,7,5,2,t1_e11,0.4596153846153846,0.4953,0.6179,0.4888
main,influenza_a,high_interaction,main_baseline_neutral,none,7,7,300,15,285,13,5,4,4,0,2,0.5333,0.5385,-0.0769,0.6923,7,6,2,t1_e11,0.4681623931623931,0.4959,0.6196,0.4893
main,influenza_a,high_interaction,main_baseline_neutral,none,7,8,300,15,285,13,3,5,5,0,2,0.7333,0.6923,0.3846,1.0,4,9,2,t1_e11,0.47265625,0.4984,0.6602,0.4899
main,influenza_a,high_interaction,main_baseline_neutral,none,7,9,300,15,285,13,2,7,4,0,2,0.5333,0.5385,-0.0769,0.7692,7,6,2,t1_e11,0.5184826948147525,0.4999,0.6238,0.4934
main,influenza_a,high_interaction,main_baseline_neutral,none,7,10,300,15,285,11,1,7,3,0,4,0.7333,0.6364,0.2727,1.2308,4,7,2,t1_e11,0.5072410407461955,0.5021,0.7105,0.4912
main,influenza_a,high_interaction,main_baseline_neutral,none,7,11,300,15,285,14,5,5,4,0,1,0.4667,0.5,0.0,0.3846,7,7,2,t1_e11,0.5193713450292398,0.5032,0.595,0.4983
main,influenza_a,high_interaction,main_baseline_neutral,none,7,12,300,15,285,15,5,6,4,0,0,0.6,0.6,0.2,0.9231,6,9,2,t1_e11,0.5122444737871675,0.5045,0.6995,0.4943
main,influenza_a,high_interaction,main_baseline_neutral,none,7,13,300,15,285,14,5,5,4,0,1,0.6667,0.6429,0.2857,1.2308,5,9,2,t1_e11,0.5108882030178327,0.5066,0.6921,0.4968
main,influenza_a,high_interaction,main_baseline_neutral,none,7,14,300,15,285,12,4,7,1,0,3,0.7333,0.75,0.5,1.0769,3,9,2,t1_e11,0.5047819971870605,0.5087,0.7044,0.4984
main,influenza_a,high_interaction,main_baseline_neutral,none,7,15,300,15,285,12,0,9,3,0,3,0.5333,0.5,0.0,1.1538,6,6,2,t1_e11,0.5141133524700825,0.5097,0.6812,0.5007
main,influenza_a,high_interaction,main_baseline_neutral,none,8,1,300,15,285,15,15,0,0,0,0,0.5333,0.5333,0.0667,,7,8,4,seed_4,,0.4923,0.5414,0.4897
main,influenza_a,high_interaction,main_baseline_neutral,none,8,2,300,15,285,14,8,5,1,0,1,1.0,1.0,1.0,,0,14,5,t1_e9,1.0,0.5056,0.6442,0.4983
main,influenza_a,high_interaction,main_baseline_neutral,none,8,3,300,15,285,14,7,6,1,0,1,1.0,1.0,1.0,3.0,0,14,2,t1_e11,1.0,0.5184,0.6548,0.5113
main,influenza_a,high_interaction,main_baseline_neutral,none,8,4,300,15,285,13,3,5,5,0,2,1.0,1.0,1.0,2.0,0,13,2,t1_e11,1.0,0.531,0.6756,0.5234
main,influenza_a,high_interaction,main_baseline_neutral,none,8,5,300,15,285,14,2,8,4,0,1,1.0,1.0,1.0,0.1429,0,14,2,t1_e15,1.0,0.5428,0.7187,0.5335
main,influenza_a,high_interaction,main_baseline_neutral,none,9,1,300,15,285,15,15,0,0,0,0,0.5333,0.5333,0.0667,,7,8,4,seed_4,,0.493,0.537,0.4907
main,influenza_a,high_interaction,main_baseline_neutral,none,9,2,300,15,285,15,6,7,2,0,0,0.5333,0.5333,0.0667,4.0,7,8,5,t1_e9,0.8,0.4993,0.5601,0.4961
main,influenza_a,high_interaction,main_baseline_neutral,none,9,3,300,15,285,13,8,4,1,0,2,1.0,1.0,1.0,2.0,0,13,2,t1_e14,0.4578947368421052,0.5047,0.6575,0.4967
main,influenza_a,high_interaction,main_baseline_neutral,none,9,4,300,15,285,11,4,5,2,0,4,0.8667,0.8182,0.6364,2.1667,2,9,2,t1_e14,0.6305194805194806,0.5115,0.6029,0.5067
main,influenza_a,high_interaction,main_baseline_neutral,none,9,5,300,15,285,13,5,4,4,0,2,0.9333,0.9231,0.8462,2.3333,1,12,2,t1_e14,0.655,0.5193,0.6592,0.5119
main,influenza_a,high_interaction,main_baseline_neutral,none,9,6,300,15,285,14,4,7,3,0,1,0.8,0.7857,0.5714,0.6,3,11,2,t1_e14,0.7405325443786983,0.5261,0.6669,0.5187
main,influenza_a,high_interaction,main_baseline_neutral,none,9,7,300,15,285,10,0,7,3,0,5,0.9333,1.0,1.0,0.8462,0,10,2,t1_e14,0.7553140096618358,0.5342,0.745,0.5231
main,influenza_a,high_interaction,main_baseline_neutral,none,9,8,300,15,285,12,2,6,4,0,3,0.8667,0.8333,0.6667,0.7692,2,10,2,t1_e14,0.8033872598584428,0.5415,0.7599,0.53
main,influenza_a,high_interaction,main_baseline_neutral,none,9,9,300,15,285,14,3,7,4,0,1,1.0,1.0,1.0,1.4615,0,14,2,t1_e14,0.8023809523809524,0.5498,0.7957,0.5368
main,influenza_a,high_interaction,main_baseline_neutral,none,9,10,300,15,285,13,1,5,7,0,2,1.0,1.0,1.0,0.6923,0,13,2,t1_e14,0.8323880597014927,0.5582,0.8401,0.5434
main,influenza_a,high_interaction,main_baseline_neutral,none,9,11,300,15,285,12,0,9,3,0,3,1.0,1.0,1.0,0.9231,0,12,2,t1_e14,0.8553820567310358,0.5663,0.8703,0.5503
main,influenza_a,high_interaction,main_baseline_neutral,none,10,1,300,15,285,15,15,0,0,0,0,0.5333,0.5333,0.0667,,7,8,4,seed_4,,0.4924,0.5453,0.4896
main,influenza_a,high_interaction,main_baseline_neutral,none,10,2,300,15,285,12,5,4,3,0,3,0.9333,1.0,1.0,1.0,0,12,5,t1_e9,1.0,0.5048,0.6396,0.4977
main,influenza_a,high_interaction,main_baseline_neutral,none,10,3,300,15,285,15,6,7,2,0,0,1.0,1.0,1.0,2.6,0,15,3,t1_e11,1.0,0.5177,0.6641,0.5099
main,influenza_a,high_interaction,main_baseline_neutral,none,10,4,300,15,285,14,2,9,3,0,1,1.0,1.0,1.0,0.6667,0,14,3,t1_e13,1.0,0.5299,0.6986,0.521
main,influenza_a,high_interaction,main_baseline_neutral,none,10,5,300,15,285,14,3,6,5,0,1,1.0,1.0,1.0,0.5,0,14,3,t1_e15,1.0,0.5418,0.7267,0.5321
main,mycoplasma_pneumonia,high_interaction,main_baseline_neutral,none,1,1,300,15,285,15,15,0,0,0,0,0.5333,0.5333,0.0667,,7,8,4,seed_4,,0.5138,0.5697,0.5108
main,mycoplasma_pneumonia,high_interaction,main_baseline_neutral,none,1,2,300,15,285,15,6,6,3,0,0,0.8667,0.8667,0.7333,,2,13,5,t1_e9,0.8,0.5227,0.6216,0.5175
main,mycoplasma_pneumonia,high_interaction,main_baseline_neutral,none,1,3,300,15,285,14,0,11,3,0,1,1.0,1.0,1.0,2.5,0,14,2,t1_e10,0.7261904761904762,0.5319,0.6525,0.5255
main,mycoplasma_pneumonia,high_interaction,main_baseline_neutral,none,1,4,300,15,285,12,1,7,4,0,3,1.0,1.0,1.0,2.5,0,12,2,t1_e10,0.8817829457364342,0.5429,0.6809,0.5357
main,mycoplasma_pneumonia,high_interaction,main_baseline_neutral,none,1,5,300,15,285,13,0,9,4,0,2,1.0,1.0,1.0,0.6667,0,13,2,t1_e10,0.9183255269320844,0.5536,0.7233,0.5447
main,mycoplasma_pneumonia,high_interaction,main_baseline_neutral,none,2,1,300,15,285,15,15,0,0,0,0,0.5333,0.5333,0.0667,,7,8,4,seed_4,,0.5132,0.5687,0.5102
main,mycoplasma_pneumonia,high_interaction,main_baseline_neutral,none,2,2,300,15,285,15,7,5,3,0,0,1.0,1.0,1.0,,0,15,5,t1_e7,1.0,0.526,0.6593,0.5189
main,mycoplasma_pneumonia,high_interaction,main_baseline_neutral,none,2,3,300,15,285,13,7,5,1,0,2,1.0,1.0,1.0,1.25,0,13,3,t1_e11,1.0,0.538,0.6844,0.5303
main,mycoplasma_pneumonia,high_interaction,main_baseline_neutral,none,2,4,300,15,285,15,2,7,6,0,0,1.0,1.0,1.0,0.5556,0,15,3,t1_e15,1.0,0.5502,0.7323,0.5406
main,mycoplasma_pneumonia,high_interaction,main_baseline_neutral,none,2,5,300,15,285,15,2,9,4,0,0,1.0,1.0,1.0,1.1667,0,15,3,t1_e15,1.0,0.5622,0.7183,0.554
main,mycoplasma_pneumonia,high_interaction,main_baseline_neutral,none,3,1,300,15,285,15,15,0,0,0,0,0.5333,0.5333,0.0667,,7,8,4,seed_4,,0.5136,0.5652,0.5109
main,mycoplasma_pneumonia,high_interaction,main_baseline_neutral,none,3,2,300,15,285,13,4,5,4,0,2,1.0,0.9231,0.8462,4.0,1,12,5,t1_e9,0.8,0.5239,0.644,0.5176
main,mycoplasma_pneumonia,high_interaction,main_baseline_neutral,none,3,3,300,15,285,14,4,9,1,0,1,1.0,1.0,1.0,1.75,0,14,3,t1_e10,0.8378378378378378,0.5343,0.6712,0.5271
main,mycoplasma_pneumonia,high_interaction,main_baseline_neutral,none,3,4,300,15,285,14,1,12,1,0,1,1.0,1.0,1.0,1.2,0,14,3,t1_e10,0.9164444444444444,0.5454,0.6874,0.5379
main,mycoplasma_pneumonia,high_interaction,main_baseline_neutral,none,3,5,300,15,285,15,7,8,0,0,0,1.0,1.0,1.0,1.7,0,15,3,t1_e10,0.9457391304347826,0.5567,0.7315,0.5475
main,mycoplasma_pneumonia,high_interaction,main_baseline_neutral,none,4,1,300,15,285,15,15,0,0,0,0,0.5333,0.5333,0.0667,,7,8,4,seed_4,,0.5117,0.5657,0.5089
main,mycoplasma_pneumonia,high_interaction,main_baseline_neutral,none,4,2,300,15,285,14,2,7,5,0,1,1.0,1.0,1.0,4.0,0,14,5,t1_e9,0.8,0.5221,0.6482,0.5155
main,mycoplasma_pneumonia,high_interaction,main_baseline_neutral,none,4,3,300,15,285,14,5,7,2,0,1,1.0,1.0,1.0,1.6,0,14,3,t1_e6,0.9335106382978724,0.534,0.6766,0.5265
main,mycoplasma_pneumonia,high_interaction,main_baseline_neutral,none,4,4,300,15,285,14,3,7,4,0,1,1.0,1.0,1.0,0.5714,0,14,3,t1_e6,0.95750452079566,0.5454,0.711,0.5367
main,mycoplasma_pneumonia,high_interaction,main_baseline_neutral,none,4,5,300,15,285,14,3,9,2,0,1,1.0,1.0,1.0,0.1111,0,14,3,t1_e6,0.970843989769821,0.5566,0.746,0.5466
main,mycoplasma_pneumonia,high_interaction,main_baseline_neutral,none,5,1,300,15,285,15,15,0,0,0,0,0.5333,0.5333,0.0667,,7,8,4,seed_4,,0.5127,0.5649,0.5099
main,mycoplasma_pneumonia,high_interaction,main_baseline_neutral,none,5,2,300,15,285,13,9,2,2,0,2,1.0,1.0,1.0,,0,13,5,t1_e7,1.0,0.5253,0.6566,0.5184
main,mycoplasma_pneumonia,high_interaction,main_baseline_neutral,none,5,3,300,15,285,14,6,4,4,0,1,1.0,1.0,1.0,1.6,0,14,3,t1_e13,1.0,0.5378,0.6786,0.5304
main,mycoplasma_pneumonia,high_interaction,main_baseline_neutral,none,5,4,300,15,285,14,0,9,5,0,1,1.0,1.0,1.0,1.7143,0,14,2,t2_e11,1.0,0.55,0.7059,0.5418
main,mycoplasma_pneumonia,high_interaction,main_baseline_neutral,none,5,5,300,15,285,15,3,9,3,0,0,1.0,1.0,1.0,1.75,0,15,2,t2_e11,1.0,0.562,0.7044,0.5545
main,mycoplasma_pneumonia,high_interaction,main_baseline_neutral,none,6,1,300,15,285,15,15,0,0,0,0,0.5333,0.5333,0.0667,,7,8,4,seed_4,,0.5103,0.5663,0.5074
main,mycoplasma_pneumonia,high_interaction,main_baseline_neutral,none,6,2,300,15,285,14,6,4,4,0,1,1.0,1.0,1.0,,0,14,5,t1_e9,1.0,0.5229,0.6564,0.5159
main,mycoplasma_pneumonia,high_interaction,main_baseline_neutral,none,6,3,300,15,285,15,12,3,0,0,0,0.9333,0.9333,0.8667,2.0,1,14,2,t1_e9,1.0,0.5351,0.6633,0.5283
main,mycoplasma_pneumonia,high_interaction,main_baseline_neutral,none,6,4,300,15,285,14,0,8,6,0,1,1.0,1.0,1.0,1.3333,0,14,2,t1_e9,0.921768707482993,0.5465,0.695,0.5387
main,mycoplasma_pneumonia,high_interaction,main_baseline_neutral,none,6,5,300,15,285,14,2,7,5,0,1,1.0,1.0,1.0,0.1429,0,14,2,t1_e11,0.9607558139534884,0.5578,0.7393,0.5482
main,mycoplasma_pneumonia,high_interaction,main_baseline_neutral,none,7,1,300,15,285,15,15,0,0,0,0,0.5333,0.5333,0.0667,,7,8,4,seed_4,,0.5127,0.5675,0.5098
main,mycoplasma_pneumonia,high_interaction,main_baseline_neutral,none,7,2,300,15,285,13,7,4,2,0,2,1.0,1.0,1.0,1.0,0,13,5,t1_e9,1.0,0.5254,0.6639,0.5181
main,mycoplasma_pneumonia,high_interaction,main_baseline_neutral,none,7,3,300,15,285,14,5,7,2,0,1,1.0,1.0,1.0,2.1667,0,14,2,t1_e11,1.0,0.5377,0.6924,0.5295
main,mycoplasma_pneumonia,high_interaction,main_baseline_neutral,none,7,4,300,15,285,14,2,5,7,0,1,1.0,1.0,1.0,1.0,0,14,2,t1_e15,1.0,0.5498,0.705,0.5417
main,mycoplasma_pneumonia,high_interaction,main_baseline_neutral,none,7,5,300,15,285,15,0,7,8,0,0,1.0,1.0,1.0,1.625,0,15,2,t1_e15,1.0,0.5616,0.7311,0.5527
main,mycoplasma_pneumonia,high_interaction,main_baseline_neutral,none,8,1,300,15,285,15,15,0,0,0,0,0.5333,0.5333,0.0667,,7,8,4,seed_4,,0.5118,0.5655,0.509
main,mycoplasma_pneumonia,high_interaction,main_baseline_neutral,none,8,2,300,15,285,14,3,8,3,0,1,1.0,1.0,1.0,,0,14,5,t1_e9,1.0,0.5243,0.6617,0.5171
main,mycoplasma_pneumonia,high_interaction,main_baseline_neutral,none,8,3,300,15,285,14,1,10,3,0,1,1.0,1.0,1.0,0.6,0,14,4,t1_e9,1.0,0.5366,0.6859,0.5287
main,mycoplasma_pneumonia,high_interaction,main_baseline_neutral,none,8,4,300,15,285,13,3,7,3,0,2,1.0,1.0,1.0,1.0,0,13,4,t1_e9,1.0,0.5488,0.7241,0.5396
main,mycoplasma_pneumonia,high_interaction,main_baseline_neutral,none,8,5,300,15,285,15,2,10,3,0,0,1.0,1.0,1.0,0.6,0,15,4,t1_e9,1.0,0.5601,0.7616,0.5495
main,mycoplasma_pneumonia,high_interaction,main_baseline_neutral,none,9,1,300,15,285,15,15,0,0,0,0,0.5333,0.5333,0.0667,,7,8,4,seed_4,,0.5131,0.5696,0.5102
main,mycoplasma_pneumonia,high_interaction,main_baseline_neutral,none,9,2,300,15,285,13,8,2,3,0,2,1.0,1.0,1.0,,0,13,5,t1_e9,1.0,0.5257,0.6678,0.5183
main,mycoplasma_pneumonia,high_interaction,main_baseline_neutral,none,9,3,300,15,285,15,10,4,1,0,0,1.0,1.0,1.0,1.75,0,15,4,t1_e1,1.0,0.5381,0.6799,0.5307
main,mycoplasma_pneumonia,high_interaction,main_baseline_neutral,none,9,4,300,15,285,14,4,7,3,0,1,1.0,1.0,1.0,1.8571,0,14,4,t1_e1,1.0,0.5503,0.7127,0.5417
main,mycoplasma_pneumonia,high_interaction,main_baseline_neutral,none,9,5,300,15,285,15,11,3,1,0,0,1.0,1.0,1.0,1.2,0,15,4,t1_e1,1.0,0.5623,0.7253,0.5538
main,mycoplasma_pneumonia,high_interaction,main_baseline_neutral,none,10,1,300,15,285,15,15,0,0,0,0,0.5333,0.5333,0.0667,,7,8,4,seed_4,,0.5122,0.5705,0.5091
main,mycoplasma_pneumonia,high_interaction,main_baseline_neutral,none,10,2,300,15,285,15,6,3,6,0,0,1.0,1.0,1.0,,0,15,5,t1_e9,1.0,0.5252,0.6572,0.5183
main,mycoplasma_pneumonia,high_interaction,main_baseline_neutral,none,10,3,300,15,285,15,10,4,1,0,0,1.0,1.0,1.0,2.0,0,15,2,t1_e11,1.0,0.5378,0.6773,0.5304
main,mycoplasma_pneumonia,high_interaction,main_baseline_neutral,none,10,4,300,15,285,13,4,3,6,0,2,1.0,1.0,1.0,1.2857,0,13,2,t1_e11,1.0,0.5498,0.7084,0.5415
main,mycoplasma_pneumonia,high_interaction,main_baseline_neutral,none,10,5,300,15,285,12,3,6,3,0,3,1.0,1.0,1.0,0.2857,0,12,2,t1_e11,1.0,0.5616,0.7355,0.5524
persona_supplement,influenza_a,high_interaction,balanced_persona_mix,none,1,1,300,15,285,15,15,0,0,0,0,0.6667,0.6667,0.3333,,5,10,4,seed_4,,0.4874,0.5474,0.4843
persona_supplement,influenza_a,high_interaction,balanced_persona_mix,none,1,2,300,15,285,13,5,5,3,0,2,0.7333,0.6923,0.3846,3.0,4,9,5,t1_e7,0.8,0.4948,0.57,0.4909
persona_supplement,influenza_a,high_interaction,balanced_persona_mix,none,1,3,300,15,285,12,8,3,1,0,3,0.6,0.5833,0.1667,1.0,5,7,3,t1_e14,0.7070707070707071,0.4995,0.5679,0.4959
persona_supplement,influenza_a,high_interaction,balanced_persona_mix,none,1,4,300,15,285,13,3,4,6,0,2,0.5333,0.5385,-0.0769,1.0,7,6,3,t1_e14,0.5791962174940898,0.5016,0.5908,0.497
persona_supplement,influenza_a,high_interaction,balanced_persona_mix,none,1,5,300,15,285,14,4,9,1,0,1,0.7333,0.7692,0.5385,0.625,3,10,3,t1_e14,0.502962962962963,0.5045,0.6124,0.4989
persona_supplement,influenza_a,high_interaction,balanced_persona_mix,none,1,6,300,15,285,14,6,7,1,0,1,0.8667,0.8571,0.7143,1.7333,2,12,3,t1_e14,0.556047197640118,0.5089,0.6534,0.5013
persona_supplement,influenza_a,high_interaction,balanced_persona_mix,none,1,7,300,15,285,15,3,9,3,0,0,0.6667,0.6667,0.3333,1.3571,5,10,2,t1_e14,0.562953091684435,0.5115,0.6604,0.5036
persona_supplement,influenza_a,high_interaction,balanced_persona_mix,none,1,8,300,15,285,15,4,10,1,0,0,0.8,0.8,0.6,1.0667,3,12,2,t1_e14,0.5657196969696969,0.5146,0.6725,0.5063
persona_supplement,influenza_a,high_interaction,balanced_persona_mix,none,1,9,300,15,285,14,5,8,1,0,1,0.9333,0.9286,0.8571,1.1333,1,13,2,t1_e14,0.5946026450613607,0.5191,0.767,0.506
persona_supplement,influenza_a,high_interaction,balanced_persona_mix,none,1,10,300,15,285,14,7,6,1,0,1,0.8,0.8571,0.7143,1.0,2,12,2,t1_e14,0.6319887329931974,0.5233,0.7043,0.5138
persona_supplement,influenza_a,high_interaction,balanced_persona_mix,none,1,11,300,15,285,15,5,10,0,0,0,0.9333,0.9333,0.8667,0.7333,1,14,2,t1_e14,0.6522955548604594,0.5278,0.7867,0.5141
persona_supplement,influenza_a,high_interaction,balanced_persona_mix,none,1,12,300,15,285,15,5,9,1,0,0,0.9333,0.9333,0.8667,0.9333,1,14,2,t1_e14,0.6805031446540881,0.5323,0.8127,0.5175
persona_supplement,influenza_a,high_interaction,balanced_persona_mix,none,1,13,300,15,285,14,5,8,1,0,1,1.0,1.0,1.0,1.4667,0,14,2,t1_e14,0.7030581117494534,0.5373,0.826,0.5221
persona_supplement,influenza_a,high_interaction,balanced_persona_mix,none,2,1,300,15,285,15,15,0,0,0,0,0.6667,0.6667,0.3333,,5,10,4,seed_4,,0.4873,0.5519,0.4839
persona_supplement,influenza_a,high_interaction,balanced_persona_mix,none,2,2,300,15,285,15,7,7,1,0,0,0.5333,0.5714,0.1429,1.5,6,8,5,t1_e15,0.6,0.491,0.545,0.4882
persona_supplement,influenza_a,high_interaction,balanced_persona_mix,none,2,3,300,15,285,15,11,4,0,0,0,0.7333,0.7857,0.5714,1.1,3,11,2,t1_e11,0.4291666666666666,0.4935,0.6126,0.4872
persona_supplement,influenza_a,high_interaction,balanced_persona_mix,none,2,4,300,15,285,14,2,7,5,0,1,0.4667,0.5,0.0,0.7,7,7,2,t1_e11,0.4572115384615384,0.494,0.5568,0.4907
persona_supplement,influenza_a,high_interaction,balanced_persona_mix,none,2,5,300,15,285,12,1,7,4,0,3,0.1333,0.8333,-0.6667,1.6667,10,2,2,t1_e12,0.4771604938271604,0.4918,0.5419,0.4892
persona_supplement,influenza_a,high_interaction,balanced_persona_mix,none,2,6,300,15,285,13,5,6,2,0,2,0.6,0.6154,0.2308,0.7692,5,8,2,t1_e12,0.3921222810111698,0.4925,0.6107,0.4862
persona_supplement,influenza_a,high_interaction,balanced_persona_mix,none,2,7,300,15,285,15,5,7,3,0,0,0.2667,0.7333,-0.4667,0.9333,11,4,2,t1_e12,0.4106782106782107,0.4901,0.5454,0.4872
persona_supplement,influenza_a,high_interaction,balanced_persona_mix,none,2,8,300,15,285,14,6,3,5,0,1,0.4,0.6429,-0.2857,0.5333,9,5,2,t1_e12,0.3537959381044487,0.489,0.5302,0.4868
persona_supplement,influenza_a,high_interaction,balanced_persona_mix,none,2,9,300,15,285,15,5,7,3,0,0,0.6,0.6,0.2,1.5333,6,9,2,t1_e12,0.3257142857142857,0.4888,0.5936,0.4833
persona_supplement,influenza_a,high_interaction,balanced_persona_mix,none,2,10,300,15,285,15,2,5,8,0,0,0.3333,0.6667,-0.3333,0.5333,10,5,2,t1_e12,0.3490084611316763,0.4868,0.5434,0.4838
persona_supplement,influenza_a,high_interaction,balanced_persona_mix,none,2,11,300,15,285,14,3,9,2,0,1,0.5333,0.5,0.0,0.8,7,7,2,t1_e12,0.343095238095238,0.4863,0.5735,0.4817
persona_supplement,influenza_a,high_interaction,balanced_persona_mix,none,2,12,300,15,285,13,2,5,6,0,2,0.4667,0.5385,-0.0769,1.2667,7,6,2,t1_e12,0.3672292780748663,0.4847,0.5675,0.4804
persona_supplement,influenza_a,high_interaction,balanced_persona_mix,none,2,13,300,15,285,15,3,9,3,0,0,0.4667,0.5333,-0.0667,0.8,8,7,2,t1_e12,0.3669991821625344,0.4837,0.5619,0.4795
persona_supplement,influenza_a,high_interaction,balanced_persona_mix,none,2,14,300,15,285,13,3,7,3,0,2,0.4667,0.5385,-0.0769,0.7333,7,6,2,t1_e12,0.3731557474263484,0.4822,0.5431,0.479
persona_supplement,influenza_a,high_interaction,balanced_persona_mix,none,2,15,300,15,285,12,0,8,4,0,3,0.4667,0.5,0.0,0.1333,6,6,2,t1_e12,0.3675513219905743,0.4814,0.5706,0.4767
persona_supplement,influenza_a,high_interaction,balanced_persona_mix,none,3,1,300,15,285,15,15,0,0,0,0,0.6667,0.6667,0.3333,,5,10,4,seed_4,,0.4857,0.5492,0.4823
persona_supplement,influenza_a,high_interaction,balanced_persona_mix,none,3,2,300,15,285,15,6,6,3,0,0,0.8,0.8,0.6,2.0,3,12,5,t1_e9,0.8,0.4932,0.592,0.488
persona_supplement,influenza_a,high_interaction,balanced_persona_mix,none,3,3,300,15,285,14,3,10,1,0,1,0.8,0.8571,0.7143,1.75,2,12,4,t1_e14,0.8412698412698413,0.5015,0.5936,0.4966
persona_supplement,influenza_a,high_interaction,balanced_persona_mix,none,3,4,300,15,285,14,3,5,6,0,1,0.8,0.7857,0.5714,0.8,3,11,4,t1_e13,0.8432539682539681,0.5099,0.6606,0.5019
persona_supplement,influenza_a,high_interaction,balanced_persona_mix,none,3,5,300,15,285,15,3,11,1,0,0,0.8667,0.8667,0.7333,0.5714,2,13,3,t1_e14,0.8379204892966361,0.5182,0.6551,0.511
persona_supplement,influenza_a,high_interaction,balanced_persona_mix,none,3,6,300,15,285,14,5,9,0,0,1,0.8667,0.8571,0.7143,0.6667,2,12,3,t1_e14,0.8605890603085554,0.5262,0.7321,0.5153
persona_supplement,influenza_a,high_interaction,balanced_persona_mix,none,3,7,300,15,285,15,1,14,0,0,0,0.8,0.8,0.6,0.8667,3,12,3,t1_e13,0.8495771244462345,0.5328,0.7276,0.5225
persona_supplement,influenza_a,high_interaction,balanced_persona_mix,none,3,8,300,15,285,15,2,12,1,0,0,1.0,1.0,1.0,1.4667,0,15,3,t1_e14,0.8325443786982248,0.5406,0.7659,0.5288
persona_supplement,influenza_a,high_interaction,balanced_persona_mix,none,3,9,300,15,285,15,4,10,1,0,0,1.0,1.0,1.0,0.5333,0,15,3,t1_e14,0.8570226070226071,0.5485,0.8246,0.534
persona_supplement,influenza_a,high_interaction,balanced_persona_mix,none,3,10,300,15,285,15,3,12,0,0,0,0.8667,0.8667,0.7333,0.6667,2,13,3,t1_e14,0.8732546705998032,0.5556,0.8216,0.5416
persona_supplement,influenza_a,high_interaction,balanced_persona_mix,none,3,11,300,15,285,15,0,14,1,0,0,1.0,1.0,1.0,0.6,0,15,3,t1_e14,0.8684593023255814,0.5626,0.8766,0.5461
persona_supplement,influenza_a,high_interaction,balanced_persona_mix,none,3,12,300,15,285,15,5,9,1,0,0,1.0,1.0,1.0,0.5333,0,15,3,t1_e14,0.884644335557996,0.5696,0.8946,0.5525
persona_supplement,influenza_a,high_interaction,balanced_persona_mix,none,3,13,300,15,285,15,2,13,0,0,0,1.0,1.0,1.0,0.9333,0,15,3,t1_e14,0.8935695380410166,0.5764,0.8921,0.5598
persona_supplement,influenza_a,high_interaction,balanced_persona_mix,none,4,1,300,15,285,15,15,0,0,0,0,0.6667,0.6667,0.3333,,5,10,4,seed_4,,0.4882,0.5506,0.4849
persona_supplement,influenza_a,high_interaction,balanced_persona_mix,none,4,2,300,15,285,14,4,6,4,0,1,0.8667,0.8571,0.7143,0.0,2,12,5,t1_e7,1.0,0.4989,0.6043,0.4933
persona_supplement,influenza_a,high_interaction,balanced_persona_mix,none,4,3,300,15,285,15,8,6,1,0,0,1.0,1.0,1.0,1.3333,0,14,1,t1_e10,0.9090909090909092,0.5087,0.6464,0.5015
persona_supplement,influenza_a,high_interaction,balanced_persona_mix,none,4,4,300,15,285,13,1,9,3,0,2,1.0,1.0,1.0,1.3333,0,13,1,t1_e10,0.9411764705882352,0.5188,0.6745,0.5106
persona_supplement,influenza_a,high_interaction,balanced_persona_mix,none,4,5,300,15,285,15,3,8,4,0,0,0.9333,0.9333,0.8667,1.4,1,14,1,t1_e10,0.9655172413793104,0.5289,0.6926,0.5203
persona_supplement,influenza_a,high_interaction,balanced_persona_mix,none,5,1,300,15,285,15,15,0,0,0,0,0.6667,0.6667,0.3333,,5,10,4,seed_4,,0.4873,0.554,0.4838
persona_supplement,influenza_a,high_interaction,balanced_persona_mix,none,5,2,300,15,285,13,4,6,3,0,2,0.9333,0.9231,0.8462,2.0,1,12,5,t1_e9,1.0,0.4985,0.6097,0.4927
persona_supplement,influenza_a,high_interaction,balanced_persona_mix,none,5,3,300,15,285,14,4,10,0,0,1,1.0,1.0,1.0,1.3333,0,14,3,t1_e10,0.9157509157509156,0.5087,0.6461,0.5014
persona_supplement,influenza_a,high_interaction,balanced_persona_mix,none,5,4,300,15,285,13,4,5,4,0,2,1.0,1.0,1.0,1.375,0,13,3,t1_e10,0.9533227848101266,0.5191,0.6684,0.5112
persona_supplement,influenza_a,high_interaction,balanced_persona_mix,none,5,5,300,15,285,14,3,7,4,0,1,0.9333,1.0,1.0,0.4545,0,14,3,t1_e10,0.9669003115264798,0.5287,0.7233,0.5184
persona_supplement,influenza_a,high_interaction,balanced_persona_mix,none,6,1,300,15,285,15,15,0,0,0,0,0.6667,0.6667,0.3333,,5,10,4,seed_4,,0.4857,0.553,0.4821
persona_supplement,influenza_a,high_interaction,balanced_persona_mix,none,6,2,300,15,285,15,7,8,0,0,0,0.7333,0.7333,0.4667,0.0,4,11,5,t1_e15,0.8,0.4929,0.5686,0.4889
persona_supplement,influenza_a,high_interaction,balanced_persona_mix,none,6,3,300,15,285,13,4,8,1,0,2,0.8667,0.9231,0.8462,1.4286,1,12,3,t1_e10,0.6304878048780488,0.499,0.5915,0.4942
persona_supplement,influenza_a,high_interaction,balanced_persona_mix,none,6,4,300,15,285,15,1,8,6,0,0,0.8667,0.8667,0.7333,0.4286,2,13,3,t1_e12,0.7474871794871795,0.5063,0.6205,0.5003
persona_supplement,influenza_a,high_interaction,balanced_persona_mix,none,6,5,300,15,285,12,2,7,3,0,3,1.0,1.0,1.0,1.5714,0,12,2,t1_e12,0.7751984126984127,0.5148,0.6514,0.5076
persona_supplement,influenza_a,high_interaction,balanced_persona_mix,none,6,6,300,15,285,14,2,9,3,0,1,1.0,1.0,1.0,1.0,0,14,2,t1_e12,0.8278785634950019,0.5231,0.7105,0.5133
persona_supplement,influenza_a,high_interaction,balanced_persona_mix,none,6,7,300,15,285,14,2,8,4,0,1,1.0,1.0,1.0,0.4,0,14,2,t1_e12,0.8656914893617021,0.5317,0.7612,0.5196
persona_supplement,influenza_a,high_interaction,balanced_persona_mix,none,7,1,300,15,285,15,15,0,0,0,0,0.6667,0.6667,0.3333,,5,10,4,seed_4,,0.4856,0.5497,0.4823
persona_supplement,influenza_a,high_interaction,balanced_persona_mix,none,7,2,300,15,285,14,6,4,4,0,1,0.8667,0.8571,0.7143,2.0,2,12,5,t1_e8,0.8,0.4939,0.598,0.4884
persona_supplement,influenza_a,high_interaction,balanced_persona_mix,none,7,3,300,15,285,15,11,3,1,0,0,0.7333,0.7857,0.5714,2.2,3,11,2,t1_e8,0.7857142857142857,0.5009,0.5923,0.4961
persona_supplement,influenza_a,high_interaction,balanced_persona_mix,none,7,4,300,15,285,14,2,8,4,0,1,1.0,1.0,1.0,1.75,0,14,2,t1_e8,0.8523809523809524,0.5102,0.653,0.5027
persona_supplement,influenza_a,high_interaction,balanced_persona_mix,none,7,5,300,15,285,15,3,7,5,0,0,1.0,1.0,1.0,0.7,0,15,2,t1_e10,0.926829268292683,0.5199,0.6939,0.5108
persona_supplement,influenza_a,high_interaction,balanced_persona_mix,none,7,6,300,15,285,15,2,9,4,0,0,1.0,1.0,1.0,0.7857,0,15,2,t1_e10,0.9525641025641024,0.5297,0.7508,0.5181
persona_supplement,influenza_a,high_interaction,balanced_persona_mix,none,8,1,300,15,285,15,15,0,0,0,0,0.6667,0.6667,0.3333,,5,10,4,seed_4,,0.4864,0.5482,0.4831
persona_supplement,influenza_a,high_interaction,balanced_persona_mix,none,8,2,300,15,285,14,8,4,2,0,1,0.6667,0.6429,0.2857,0.5,5,9,5,t1_e15,0.8,0.4934,0.5628,0.4897
persona_supplement,influenza_a,high_interaction,balanced_persona_mix,none,8,3,300,15,285,14,8,6,0,0,1,0.6,0.5714,0.1429,1.25,6,8,1,t1_e14,0.6666666666666666,0.498,0.5475,0.4954
persona_supplement,influenza_a,high_interaction,balanced_persona_mix,none,8,4,300,15,285,14,2,6,6,0,1,0.5333,0.5714,0.1429,1.5,6,8,1,t1_e14,0.5,0.4998,0.5906,0.495
persona_supplement,influenza_a,high_interaction,balanced_persona_mix,none,8,5,300,15,285,12,6,5,1,0,3,0.6,0.5833,0.1667,1.9091,5,7,1,t1_e14,0.5,0.5016,0.5936,0.4968
persona_supplement,influenza_a,high_interaction,balanced_persona_mix,none,8,6,300,15,285,9,2,5,2,0,6,0.4667,0.5556,0.1111,0.6667,4,5,1,t1_e14,0.5,0.5025,0.5943,0.4976
persona_supplement,influenza_a,high_interaction,balanced_persona_mix,none,8,7,300,15,285,14,2,9,3,0,1,0.8667,0.8571,0.7143,1.0,2,12,1,t1_e14,0.4864864864864865,0.5058,0.6653,0.4974
persona_supplement,influenza_a,high_interaction,balanced_persona_mix,none,8,8,300,15,285,14,6,7,1,0,1,0.6667,0.6429,0.2857,1.0667,5,9,1,t1_e14,0.5918367346938775,0.5087,0.6466,0.5014
persona_supplement,influenza_a,high_interaction,balanced_persona_mix,none,8,9,300,15,285,14,4,10,0,0,1,0.8,0.7857,0.5714,1.0667,3,11,1,t1_e14,0.5789473684210527,0.5119,0.685,0.5028
persona_supplement,influenza_a,high_interaction,balanced_persona_mix,none,8,10,300,15,285,14,8,4,2,0,1,0.9333,0.9286,0.8571,1.4667,1,13,1,t1_e14,0.6119402985074627,0.5166,0.76,0.5038
persona_supplement,influenza_a,high_interaction,balanced_persona_mix,none,8,11,300,15,285,13,8,3,2,0,2,0.9333,0.9231,0.8462,1.1333,1,12,1,t1_e14,0.6438356164383562,0.5214,0.7228,0.5108
persona_supplement,influenza_a,high_interaction,balanced_persona_mix,none,8,12,300,15,285,14,6,4,4,0,1,0.9333,0.9286,0.8571,0.6667,1,13,1,t1_e14,0.6538461538461539,0.5261,0.8006,0.5117
persona_supplement,influenza_a,high_interaction,balanced_persona_mix,none,9,1,300,15,285,15,15,0,0,0,0,0.6667,0.6667,0.3333,,5,10,4,seed_4,,0.487,0.548,0.4838
persona_supplement,influenza_a,high_interaction,balanced_persona_mix,none,9,2,300,15,285,12,6,4,2,0,3,0.6667,0.6667,0.3333,0.0,4,8,5,t1_e15,0.8,0.4945,0.574,0.4903
persona_supplement,influenza_a,high_interaction,balanced_persona_mix,none,9,3,300,15,285,14,4,9,1,0,1,0.6,0.5714,0.1429,0.875,6,8,4,t1_e14,0.5859375,0.4976,0.5751,0.4935
persona_supplement,influenza_a,high_interaction,balanced_persona_mix,none,9,4,300,15,285,13,1,9,3,0,2,0.6,0.5385,-0.0769,1.9091,7,6,4,t1_e10,0.4947619047619047,0.4988,0.5877,0.4941
persona_supplement,influenza_a,high_interaction,balanced_persona_mix,none,9,5,300,15,285,15,2,11,2,0,0,0.5333,0.5333,0.0667,1.0909,7,8,4,t1_e10,0.4680059523809524,0.4999,0.5827,0.4955
persona_supplement,influenza_a,high_interaction,balanced_persona_mix,none,9,6,300,15,285,13,1,12,0,0,2,0.6,0.6154,0.2308,1.7333,5,8,4,t1_e10,0.489653326745718,0.5013,0.6326,0.4944
persona_supplement,influenza_a,high_interaction,balanced_persona_mix,none,9,7,300,15,285,11,3,7,1,0,4,0.6,0.5455,0.0909,0.9333,5,6,4,t1_e10,0.5089212258329906,0.5027,0.6095,0.497
persona_supplement,influenza_a,high_interaction,balanced_persona_mix,none,9,8,300,15,285,13,4,7,2,0,2,0.7333,0.7692,0.5385,1.1333,3,10,4,t1_e10,0.50778493215468,0.5051,0.6611,0.4969
persona_supplement,influenza_a,high_interaction,balanced_persona_mix,none,9,9,300,15,285,15,4,8,3,0,0,0.9333,0.9333,0.8667,1.4,1,14,4,t1_e10,0.556013269505333,0.5091,0.6847,0.4998
persona_supplement,influenza_a,high_interaction,balanced_persona_mix,none,9,10,300,15,285,13,0,7,6,0,2,0.7333,0.7692,0.5385,0.8,3,10,4,t1_e10,0.6032849103048881,0.5127,0.6904,0.5034
persona_supplement,influenza_a,high_interaction,balanced_persona_mix,none,9,11,300,15,285,14,3,9,2,0,1,0.7333,0.7143,0.4286,0.4667,4,10,4,t1_e10,0.6284354895151956,0.5161,0.7014,0.5064
persona_supplement,influenza_a,high_interaction,balanced_persona_mix,none,9,12,300,15,285,14,3,8,3,0,1,0.9333,0.9286,0.8571,0.6667,1,13,4,t1_e10,0.6377638684339716,0.5206,0.7817,0.5068
persona_supplement,influenza_a,high_interaction,balanced_persona_mix,none,9,13,300,15,285,15,1,11,3,0,0,0.8667,0.8667,0.7333,1.2,2,13,4,t1_e10,0.6627067963335569,0.525,0.737,0.5139
persona_supplement,influenza_a,high_interaction,balanced_persona_mix,none,9,14,300,15,285,14,5,8,1,0,1,1.0,1.0,1.0,1.0,0,14,4,t1_e10,0.6831143121584299,0.5296,0.8361,0.5135
persona_supplement,influenza_a,high_interaction,balanced_persona_mix,none,9,15,300,15,285,14,4,9,1,0,1,0.8667,0.8571,0.7143,0.5333,2,12,4,t1_e10,0.7026449187024907,0.5337,0.8116,0.5191
persona_supplement,influenza_a,high_interaction,balanced_persona_mix,none,10,1,300,15,285,15,15,0,0,0,0,0.6667,0.6667,0.3333,,5,10,4,seed_4,,0.4864,0.5531,0.4829
persona_supplement,influenza_a,high_interaction,balanced_persona_mix,none,10,2,300,15,285,13,6,5,2,0,2,1.0,1.0,1.0,0.0,0,13,5,t1_e9,1.0,0.498,0.6191,0.4916
persona_supplement,influenza_a,high_interaction,balanced_persona_mix,none,10,3,300,15,285,15,4,7,4,0,0,1.0,1.0,1.0,2.0,0,15,1,t1_e10,1.0,0.5095,0.637,0.5028
persona_supplement,influenza_a,high_interaction,balanced_persona_mix,none,10,4,300,15,285,13,2,9,2,0,2,1.0,1.0,1.0,0.7778,0,13,1,t1_e10,1.0,0.5204,0.6941,0.5113
persona_supplement,influenza_a,high_interaction,balanced_persona_mix,none,10,5,300,15,285,15,0,9,6,0,0,1.0,1.0,1.0,0.7778,0,15,1,t1_e10,1.0,0.5311,0.7079,0.5218
persona_supplement,mycoplasma_pneumonia,high_interaction,balanced_persona_mix,none,1,1,300,15,285,15,15,0,0,0,0,0.7333,0.7333,0.4667,,4,11,4,seed_4,,0.4884,0.5637,0.4844
persona_supplement,mycoplasma_pneumonia,high_interaction,balanced_persona_mix,none,1,2,300,15,285,15,7,4,4,0,0,1.0,1.0,1.0,0.0,0,15,5,t1_e15,0.8,0.4974,0.6128,0.4913
persona_supplement,mycoplasma_pneumonia,high_interaction,balanced_persona_mix,none,1,3,300,15,285,15,8,7,0,0,0,0.9333,0.9333,0.8667,1.4,1,14,2,t1_e13,0.8916666666666667,0.5072,0.6179,0.5013
persona_supplement,mycoplasma_pneumonia,high_interaction,balanced_persona_mix,none,1,4,300,15,285,14,5,6,3,0,1,1.0,1.0,1.0,1.4286,0,14,2,t1_e14,0.8844827586206897,0.517,0.6658,0.5092
persona_supplement,mycoplasma_pneumonia,high_interaction,balanced_persona_mix,none,1,5,300,15,285,15,0,10,5,0,0,0.9333,0.9333,0.8667,0.7273,1,14,2,t1_e13,0.9217329545454548,0.5262,0.6973,0.5172
persona_supplement,mycoplasma_pneumonia,high_interaction,balanced_persona_mix,none,2,1,300,15,285,15,15,0,0,0,0,0.8,0.8,0.6,,3,12,4,seed_4,,0.4883,0.5681,0.4841
persona_supplement,mycoplasma_pneumonia,high_interaction,balanced_persona_mix,none,2,2,300,15,285,15,7,3,5,0,0,0.9333,0.9333,0.8667,0.0,1,14,5,t1_e9,1.0,0.4991,0.6052,0.4935
persona_supplement,mycoplasma_pneumonia,high_interaction,balanced_persona_mix,none,2,3,300,15,285,15,6,7,2,0,0,1.0,1.0,1.0,1.4,0,15,2,t1_e10,1.0,0.5101,0.6443,0.5031
persona_supplement,mycoplasma_pneumonia,high_interaction,balanced_persona_mix,none,2,4,300,15,285,13,2,6,5,0,2,1.0,1.0,1.0,0.25,0,13,2,t1_e10,1.0,0.5214,0.6889,0.5126
persona_supplement,mycoplasma_pneumonia,high_interaction,balanced_persona_mix,none,2,5,300,15,285,15,2,8,5,0,0,1.0,1.0,1.0,0.5556,0,15,2,t1_e10,1.0,0.5323,0.7016,0.5234
persona_supplement,mycoplasma_pneumonia,high_interaction,balanced_persona_mix,none,3,1,300,15,285,15,15,0,0,0,0,0.7333,0.7333,0.4667,,4,11,4,seed_4,,0.4884,0.558,0.4847
persona_supplement,mycoplasma_pneumonia,high_interaction,balanced_persona_mix,none,3,2,300,15,285,14,6,8,0,0,1,0.4667,0.5714,-0.1429,0.0,8,6,5,t1_e15,0.6,0.4915,0.5168,0.4902
persona_supplement,mycoplasma_pneumonia,high_interaction,balanced_persona_mix,none,3,3,300,15,285,13,6,6,1,0,2,0.9333,0.9231,0.8462,0.75,1,12,3,t1_e12,0.5390243902439025,0.4964,0.6256,0.4896
persona_supplement,mycoplasma_pneumonia,high_interaction,balanced_persona_mix,none,3,4,300,15,285,14,1,7,6,0,1,0.8,0.7857,0.5714,1.8571,3,11,3,t1_e12,0.6546811397557666,0.5016,0.5732,0.4978
persona_supplement,mycoplasma_pneumonia,high_interaction,balanced_persona_mix,none,3,5,300,15,285,13,2,6,5,0,2,1.0,1.0,1.0,0.7273,0,13,3,t1_e12,0.7042056074766354,0.5087,0.6844,0.4995
persona_supplement,mycoplasma_pneumonia,high_interaction,balanced_persona_mix,none,3,6,300,15,285,13,2,7,4,0,2,1.0,1.0,1.0,1.4615,0,13,3,t1_e12,0.7829787234042553,0.5169,0.6605,0.5093
persona_supplement,mycoplasma_pneumonia,high_interaction,balanced_persona_mix,none,3,7,300,15,285,15,0,12,3,0,0,1.0,1.0,1.0,1.4667,0,15,3,t1_e12,0.8281073446327682,0.5251,0.7399,0.5138
persona_supplement,mycoplasma_pneumonia,high_interaction,balanced_persona_mix,none,4,1,300,15,285,15,15,0,0,0,0,0.7333,0.7333,0.4667,,4,11,4,seed_4,,0.4864,0.5597,0.4825
persona_supplement,mycoplasma_pneumonia,high_interaction,balanced_persona_mix,none,4,2,300,15,285,15,7,6,2,0,0,1.0,1.0,1.0,,0,15,5,t1_e15,1.0,0.4983,0.6153,0.4921
persona_supplement,mycoplasma_pneumonia,high_interaction,balanced_persona_mix,none,4,3,300,15,285,15,9,5,1,0,0,1.0,1.0,1.0,0.3333,0,15,1,t1_e10,1.0,0.51,0.6396,0.5032
persona_supplement,mycoplasma_pneumonia,high_interaction,balanced_persona_mix,none,4,4,300,15,285,14,4,6,4,0,1,1.0,1.0,1.0,1.1111,0,14,1,t1_e10,1.0,0.521,0.6753,0.5128
persona_supplement,mycoplasma_pneumonia,high_interaction,balanced_persona_mix,none,4,5,300,15,285,14,1,9,4,0,1,0.9333,1.0,1.0,0.9167,0,14,1,t1_e10,1.0,0.5314,0.7054,0.5222
persona_supplement,mycoplasma_pneumonia,high_interaction,balanced_persona_mix,none,5,1,300,15,285,15,15,0,0,0,0,0.7333,0.7333,0.4667,,4,11,4,seed_4,,0.4874,0.562,0.4834
persona_supplement,mycoplasma_pneumonia,high_interaction,balanced_persona_mix,none,5,2,300,15,285,14,9,3,2,0,1,0.8,0.7857,0.5714,4.0,3,11,5,t1_e9,0.8,0.4952,0.5749,0.491
persona_supplement,mycoplasma_pneumonia,high_interaction,balanced_persona_mix,none,5,3,300,15,285,12,1,10,1,0,3,0.7333,0.6667,0.3333,1.4,4,8,3,t1_e14,0.64,0.5001,0.5833,0.4957
persona_supplement,mycoplasma_pneumonia,high_interaction,balanced_persona_mix,none,5,4,300,15,285,14,0,9,5,0,1,0.7333,0.7857,0.5714,1.375,3,11,3,t1_e14,0.6277267508610792,0.505,0.6105,0.4994
persona_supplement,mycoplasma_pneumonia,high_interaction,balanced_persona_mix,none,5,5,300,15,285,14,0,10,4,0,1,0.8667,0.9286,0.8571,0.8,1,13,3,t1_e14,0.6973561259825207,0.5108,0.6361,0.5042
persona_supplement,mycoplasma_pneumonia,high_interaction,balanced_persona_mix,none,5,6,300,15,285,15,2,8,5,0,0,0.7333,0.7333,0.4667,1.3571,4,11,3,t1_e14,0.7663972757140459,0.5171,0.6488,0.5102
persona_supplement,mycoplasma_pneumonia,high_interaction,balanced_persona_mix,none,5,7,300,15,285,15,2,8,5,0,0,0.9333,0.9333,0.8667,0.8667,1,14,3,t1_e14,0.7495601688951442,0.5241,0.7364,0.5129
persona_supplement,mycoplasma_pneumonia,high_interaction,balanced_persona_mix,none,5,8,300,15,285,15,0,11,4,0,0,0.7333,0.7333,0.4667,1.2,4,11,3,t1_e14,0.7807906379334951,0.5293,0.7115,0.5198
persona_supplement,mycoplasma_pneumonia,high_interaction,balanced_persona_mix,none,5,9,300,15,285,13,1,7,5,0,2,0.8667,0.9231,0.8462,0.8,1,12,3,t1_e14,0.7725311725311725,0.5366,0.7484,0.5254
persona_supplement,mycoplasma_pneumonia,high_interaction,balanced_persona_mix,none,5,10,300,15,285,15,2,8,5,0,0,1.0,1.0,1.0,0.9333,0,15,3,t1_e14,0.7896063983878078,0.5435,0.8111,0.5294
persona_supplement,mycoplasma_pneumonia,high_interaction,balanced_persona_mix,none,5,11,300,15,285,14,0,11,3,0,1,0.8,0.7857,0.5714,0.8667,3,11,3,t1_e14,0.8137879024288761,0.5499,0.7981,0.5368
persona_supplement,mycoplasma_pneumonia,high_interaction,balanced_persona_mix,none,5,12,300,15,285,15,3,6,6,0,0,0.8667,0.8667,0.7333,1.1333,2,13,3,t1_e14,0.8100234192037471,0.5563,0.8338,0.5417
persona_supplement,mycoplasma_pneumonia,high_interaction,balanced_persona_mix,none,5,13,300,15,285,12,0,9,3,0,3,1.0,1.0,1.0,0.5333,0,12,3,t1_e14,0.8119968584331435,0.563,0.8897,0.5458
persona_supplement,mycoplasma_pneumonia,high_interaction,balanced_persona_mix,none,5,14,300,15,285,14,2,8,4,0,1,0.8667,0.8571,0.7143,1.0667,2,12,3,t1_e14,0.8266917600850995,0.5689,0.8871,0.5521
persona_supplement,mycoplasma_pneumonia,high_interaction,balanced_persona_mix,none,5,15,300,15,285,14,4,8,2,0,1,0.8667,0.8571,0.7143,0.6667,2,12,3,t1_e14,0.8333343944381132,0.5748,0.8757,0.559
persona_supplement,mycoplasma_pneumonia,high_interaction,balanced_persona_mix,none,6,1,300,15,285,15,15,0,0,0,0,0.6667,0.6667,0.3333,,5,10,4,seed_4,,0.4847,0.5469,0.4814
persona_supplement,mycoplasma_pneumonia,high_interaction,balanced_persona_mix,none,6,2,300,15,285,14,9,3,2,0,1,1.0,1.0,1.0,2.0,0,14,5,t1_e15,0.8,0.4935,0.6059,0.4876
persona_supplement,mycoplasma_pneumonia,high_interaction,balanced_persona_mix,none,6,3,300,15,285,15,7,8,0,0,0,0.9333,0.9333,0.8667,1.3333,1,14,2,t1_e14,0.8522727272727273,0.5027,0.6105,0.4971
persona_supplement,mycoplasma_pneumonia,high_interaction,balanced_persona_mix,none,6,4,300,15,285,13,2,9,2,0,2,1.0,1.0,1.0,1.2,0,13,2,t1_e14,0.8611111111111112,0.5124,0.6416,0.5056
persona_supplement,mycoplasma_pneumonia,high_interaction,balanced_persona_mix,none,6,5,300,15,285,15,0,9,6,0,0,1.0,1.0,1.0,0.7273,0,15,2,t1_e14,0.9213691026827012,0.5223,0.6976,0.5131
persona_supplement,mycoplasma_pneumonia,high_interaction,balanced_persona_mix,none,7,1,300,15,285,15,15,0,0,0,0,0.6667,0.6667,0.3333,,5,10,4,seed_4,,0.4869,0.5518,0.4835
persona_supplement,mycoplasma_pneumonia,high_interaction,balanced_persona_mix,none,7,2,300,15,285,15,6,5,4,0,0,0.6,0.6,0.2,0.5,6,9,5,t1_e15,0.8,0.4936,0.5583,0.4902
persona_supplement,mycoplasma_pneumonia,high_interaction,balanced_persona_mix,none,7,3,300,15,285,15,3,11,1,0,0,0.6667,0.6667,0.3333,1.3333,5,10,3,t1_e14,0.5743243243243243,0.4973,0.5822,0.4928
persona_supplement,mycoplasma_pneumonia,high_interaction,balanced_persona_mix,none,7,4,300,15,285,14,3,8,3,0,1,0.6,0.5714,0.1429,1.4444,6,8,3,t1_e14,0.6180722891566265,0.5006,0.585,0.4962
persona_supplement,mycoplasma_pneumonia,high_interaction,balanced_persona_mix,none,7,5,300,15,285,15,4,6,5,0,0,0.6667,0.6,0.2,2.1818,6,9,3,t1_e14,0.5885478158205432,0.5042,0.6167,0.4982
persona_supplement,mycoplasma_pneumonia,high_interaction,balanced_persona_mix,none,7,6,300,15,285,14,5,7,2,0,1,0.8667,0.8571,0.7143,1.7333,2,12,3,t1_e14,0.5999696394686908,0.5092,0.6825,0.5001
persona_supplement,mycoplasma_pneumonia,high_interaction,balanced_persona_mix,none,7,7,300,15,285,14,3,8,3,0,1,0.8,0.7857,0.5714,1.8,3,11,3,t1_e14,0.6475681181563535,0.514,0.6769,0.5054
persona_supplement,mycoplasma_pneumonia,high_interaction,balanced_persona_mix,none,7,8,300,15,285,13,3,8,2,0,2,1.0,1.0,1.0,1.6667,0,13,3,t1_e14,0.6623068783068783,0.5201,0.7378,0.5086
persona_supplement,mycoplasma_pneumonia,high_interaction,balanced_persona_mix,none,7,9,300,15,285,15,5,7,3,0,0,1.0,1.0,1.0,0.8667,0,15,2,t1_e14,0.6934117647058823,0.5261,0.7773,0.5128
persona_supplement,mycoplasma_pneumonia,high_interaction,balanced_persona_mix,none,7,10,300,15,285,14,4,5,5,0,1,0.8667,0.8571,0.7143,0.6667,2,12,2,t1_e10,0.729476861167002,0.5316,0.794,0.5178
persona_supplement,mycoplasma_pneumonia,high_interaction,balanced_persona_mix,none,7,11,300,15,285,14,7,6,1,0,1,0.9333,0.9286,0.8571,0.6667,1,13,2,t1_e10,0.7456627236882014,0.5378,0.8199,0.5229
persona_supplement,mycoplasma_pneumonia,high_interaction,balanced_persona_mix,none,7,12,300,15,285,13,3,5,5,0,2,1.0,1.0,1.0,0.6667,0,13,2,t1_e10,0.7537967914438501,0.5433,0.8636,0.5264
persona_supplement,mycoplasma_pneumonia,high_interaction,balanced_persona_mix,none,7,13,300,15,285,15,6,6,3,0,0,0.9333,0.9333,0.8667,0.2667,1,14,2,t1_e10,0.7757260365956018,0.5487,0.8684,0.5319
persona_supplement,mycoplasma_pneumonia,high_interaction,balanced_persona_mix,none,8,1,300,15,285,15,15,0,0,0,0,0.7333,0.7333,0.4667,,4,11,4,seed_4,,0.4865,0.5516,0.4831
persona_supplement,mycoplasma_pneumonia,high_interaction,balanced_persona_mix,none,8,2,300,15,285,14,8,4,2,0,1,1.0,1.0,1.0,0.0,0,14,5,t1_e9,1.0,0.498,0.6224,0.4914
persona_supplement,mycoplasma_pneumonia,high_interaction,balanced_persona_mix,none,8,3,300,15,285,15,5,7,3,0,0,1.0,1.0,1.0,1.8,0,15,2,t1_e11,1.0,0.5093,0.6355,0.5026
persona_supplement,mycoplasma_pneumonia,high_interaction,balanced_persona_mix,none,8,4,300,15,285,14,3,6,5,0,1,1.0,1.0,1.0,1.0,0,14,2,t1_e11,1.0,0.5207,0.6701,0.5129
persona_supplement,mycoplasma_pneumonia,high_interaction,balanced_persona_mix,none,8,5,300,15,285,15,4,9,2,0,0,1.0,1.0,1.0,0.0909,0,15,2,t1_e11,1.0,0.5314,0.716,0.5217
persona_supplement,mycoplasma_pneumonia,high_interaction,balanced_persona_mix,none,9,1,300,15,285,15,15,0,0,0,0,0.7333,0.7333,0.4667,,4,11,4,seed_4,,0.4878,0.5622,0.4839
persona_supplement,mycoplasma_pneumonia,high_interaction,balanced_persona_mix,none,9,2,300,15,285,15,7,8,0,0,0,0.9333,0.9333,0.8667,2.0,1,14,5,t1_e15,0.8,0.4964,0.6069,0.4905
persona_supplement,mycoplasma_pneumonia,high_interaction,balanced_persona_mix,none,9,3,300,15,285,13,7,5,1,0,2,1.0,1.0,1.0,1.6,0,13,3,t1_e14,0.9073170731707316,0.5065,0.6345,0.4998
persona_supplement,mycoplasma_pneumonia,high_interaction,balanced_persona_mix,none,9,4,300,15,285,14,1,8,5,0,1,1.0,1.0,1.0,0.9091,0,14,3,t1_e14,0.9412698412698414,0.5167,0.6925,0.5075
persona_supplement,mycoplasma_pneumonia,high_interaction,balanced_persona_mix,none,9,5,300,15,285,15,6,5,4,0,0,0.9333,0.9333,0.8667,0.0,1,14,3,t1_e14,0.9671428571428572,0.5271,0.6779,0.5192
persona_supplement,mycoplasma_pneumonia,high_interaction,balanced_persona_mix,none,10,1,300,15,285,15,15,0,0,0,0,0.8,0.8,0.6,,3,12,4,seed_4,,0.4873,0.5717,0.4829
persona_supplement,mycoplasma_pneumonia,high_interaction,balanced_persona_mix,none,10,2,300,15,285,15,5,3,7,0,0,1.0,1.0,1.0,,0,15,5,t1_e9,1.0,0.4993,0.6158,0.4931
persona_supplement,mycoplasma_pneumonia,high_interaction,balanced_persona_mix,none,10,3,300,15,285,15,6,8,1,0,0,0.9333,0.9333,0.8667,1.0,1,14,2,t1_e10,1.0,0.5104,0.6435,0.5034
persona_supplement,mycoplasma_pneumonia,high_interaction,balanced_persona_mix,none,10,4,300,15,285,15,6,6,3,0,0,1.0,1.0,1.0,0.8889,0,15,2,t1_e10,1.0,0.5213,0.6837,0.5127
persona_supplement,mycoplasma_pneumonia,high_interaction,balanced_persona_mix,none,10,5,300,15,285,15,2,7,6,0,0,1.0,1.0,1.0,0.5,0,15,1,t1_e10,1.0,0.5319,0.7304,0.5215
atmosphere_supplement,influenza_a,high_interaction,baseline_open,negative_leaning,1,1,300,15,285,15,15,0,0,0,0,0.7333,0.7333,0.4667,,4,11,4,seed_4,,0.5248,0.6078,0.5205
atmosphere_supplement,influenza_a,high_interaction,baseline_open,positive_leaning,1,1,300,15,285,15,15,0,0,0,0,0.4667,0.5333,-0.0667,,8,7,4,seed_4,,0.4729,0.5093,0.471
atmosphere_supplement,influenza_a,high_interaction,baseline_open,negative_leaning,1,2,300,15,285,15,9,5,1,0,0,1.0,1.0,1.0,,0,15,5,t1_e15,1.0,0.5374,0.6678,0.5306
atmosphere_supplement,influenza_a,high_interaction,baseline_open,positive_leaning,1,2,300,15,285,14,2,8,4,0,1,0.2,0.8571,-0.7143,0.0,12,2,5,t1_e15,0.6,0.4734,0.4465,0.4748
atmosphere_supplement,influenza_a,high_interaction,baseline_open,negative_leaning,1,3,300,15,285,14,3,9,2,0,1,0.9333,0.9286,0.8571,0.75,1,13,1,t1_e11,1.0,0.5492,0.6784,0.5424
atmosphere_supplement,influenza_a,high_interaction,baseline_open,positive_leaning,1,3,300,15,285,13,1,9,3,0,2,0.4,0.6154,-0.2308,1.75,8,5,4,t1_e14,0.199047619047619,0.4704,0.523,0.4676
atmosphere_supplement,influenza_a,high_interaction,baseline_open,negative_leaning,1,4,300,15,285,15,3,12,0,0,0,1.0,1.0,1.0,1.0909,0,15,1,t1_e11,1.0,0.5609,0.7461,0.5511
atmosphere_supplement,influenza_a,high_interaction,baseline_open,positive_leaning,1,4,300,15,285,15,1,8,6,0,0,0.2,0.8,-0.6,0.0,12,3,4,t1_e14,0.2593599033816425,0.466,0.4304,0.4678
atmosphere_supplement,influenza_a,high_interaction,baseline_open,negative_leaning,1,5,300,15,285,15,8,7,0,0,0,1.0,1.0,1.0,0.25,0,15,1,t1_e11,1.0,0.573,0.7241,0.565
atmosphere_supplement,influenza_a,high_interaction,baseline_open,positive_leaning,1,5,300,15,285,15,2,12,1,0,0,0.2667,0.7333,-0.4667,0.5714,11,4,3,t1_e14,0.2310077519379845,0.4623,0.4628,0.4623
atmosphere_supplement,influenza_a,high_interaction,baseline_open,positive_leaning,1,6,300,15,285,15,2,13,0,0,0,0.0667,0.9333,-0.8667,1.1538,14,1,3,t1_e14,0.2535549297071643,0.4571,0.4271,0.4586
atmosphere_supplement,influenza_a,high_interaction,baseline_open,positive_leaning,1,7,300,15,285,14,0,14,0,0,1,0.1333,0.8571,-0.7143,1.1538,12,2,3,t1_e14,0.2173215184078065,0.4516,0.3876,0.455
atmosphere_supplement,influenza_a,high_interaction,baseline_open,positive_leaning,1,8,300,15,285,15,8,6,1,0,0,0.3333,0.6667,-0.3333,1.3846,10,5,3,t1_e14,0.2046070460704607,0.4481,0.453,0.4479
atmosphere_supplement,influenza_a,high_interaction,baseline_open,positive_leaning,1,9,300,15,285,15,2,13,0,0,0,0.2,0.8,-0.6,0.5385,12,3,3,t1_e14,0.2119442747403527,0.4435,0.4139,0.4451
atmosphere_supplement,influenza_a,high_interaction,baseline_open,positive_leaning,1,10,300,15,285,14,2,12,0,0,1,0.6667,0.7143,0.4286,1.4615,4,10,3,t1_e14,0.2151535500044766,0.4436,0.4757,0.4419
atmosphere_supplement,influenza_a,high_interaction,baseline_open,positive_leaning,1,11,300,15,285,15,2,12,1,0,0,0.6667,0.6667,0.3333,1.7692,5,10,3,t1_e14,0.2662985765249097,0.4442,0.4807,0.4423
atmosphere_supplement,influenza_a,high_interaction,baseline_open,positive_leaning,1,12,300,15,285,15,7,8,0,0,0,0.8,0.8,0.6,1.6923,3,12,3,t1_e14,0.304455651203406,0.4469,0.5271,0.4427
atmosphere_supplement,influenza_a,high_interaction,baseline_open,positive_leaning,1,13,300,15,285,15,3,12,0,0,0,0.8667,0.8667,0.7333,1.6923,2,13,3,t1_e11,0.32396331738437,0.4499,0.5467,0.4448
atmosphere_supplement,influenza_a,high_interaction,baseline_open,positive_leaning,1,14,300,15,285,15,5,10,0,0,0,0.6,0.6,0.2,0.6154,6,9,3,t1_e11,0.3668431553100061,0.4503,0.5167,0.4468
atmosphere_supplement,influenza_a,high_interaction,baseline_open,positive_leaning,1,15,300,15,285,15,7,8,0,0,0,1.0,1.0,1.0,0.6923,0,15,3,t1_e11,0.375393182649503,0.4546,0.6686,0.4433
atmosphere_supplement,influenza_a,high_interaction,baseline_open,negative_leaning,2,1,300,15,285,15,15,0,0,0,0,0.6667,0.6667,0.3333,,5,10,4,seed_4,,0.5241,0.5971,0.5203
atmosphere_supplement,influenza_a,high_interaction,baseline_open,positive_leaning,2,1,300,15,285,15,15,0,0,0,0,0.4667,0.5333,-0.0667,,8,7,4,seed_4,,0.4729,0.5111,0.4709
atmosphere_supplement,influenza_a,high_interaction,baseline_open,negative_leaning,2,2,300,15,285,15,7,6,2,0,0,1.0,1.0,1.0,,0,15,5,t1_e9,1.0,0.537,0.6758,0.5297
atmosphere_supplement,influenza_a,high_interaction,baseline_open,positive_leaning,2,2,300,15,285,14,4,9,1,0,1,0.4667,0.5714,-0.1429,0.0,8,6,5,t1_e9,0.6,0.4762,0.5085,0.4745
atmosphere_supplement,influenza_a,high_interaction,baseline_open,negative_leaning,2,3,300,15,285,13,2,8,3,0,2,1.0,1.0,1.0,1.0,0,13,2,t1_e13,1.0,0.5495,0.6926,0.5419
atmosphere_supplement,influenza_a,high_interaction,baseline_open,positive_leaning,2,3,300,15,285,14,0,11,3,0,1,0.6,0.5714,0.1429,1.1667,6,8,2,t1_e11,0.5155844155844155,0.4794,0.5383,0.4763
atmosphere_supplement,influenza_a,high_interaction,baseline_open,negative_leaning,2,4,300,15,285,13,2,10,1,0,2,1.0,1.0,1.0,0.4,0,13,2,t1_e13,1.0,0.5611,0.7504,0.5511
atmosphere_supplement,influenza_a,high_interaction,baseline_open,positive_leaning,2,4,300,15,285,11,3,6,2,0,4,0.8,0.8182,0.6364,0.8889,2,9,2,t1_e11,0.5402335626299791,0.4844,0.5816,0.4792
atmosphere_supplement,influenza_a,high_interaction,baseline_open,negative_leaning,2,5,300,15,285,15,1,13,1,0,0,1.0,1.0,1.0,1.5,0,15,2,t1_e13,1.0,0.573,0.7401,0.5642
atmosphere_supplement,influenza_a,high_interaction,baseline_open,positive_leaning,2,5,300,15,285,15,2,9,4,0,0,0.8667,0.8667,0.7333,1.8889,2,13,2,t1_e11,0.5831967213114755,0.4907,0.6074,0.4846
atmosphere_supplement,influenza_a,high_interaction,baseline_open,positive_leaning,2,6,300,15,285,14,3,10,1,0,1,0.6667,0.6429,0.2857,0.9231,5,9,2,t1_e11,0.6509036144578314,0.495,0.6009,0.4895
atmosphere_supplement,influenza_a,high_interaction,baseline_open,positive_leaning,2,7,300,15,285,13,4,8,1,0,2,0.9333,0.9231,0.8462,1.5385,1,12,2,t1_e11,0.6473682567432567,0.5021,0.6684,0.4933
atmosphere_supplement,influenza_a,high_interaction,baseline_open,positive_leaning,2,8,300,15,285,15,2,10,3,0,0,0.8667,0.8667,0.7333,1.0,2,13,2,t1_e11,0.678750607681089,0.509,0.7102,0.4984
atmosphere_supplement,influenza_a,high_interaction,baseline_open,positive_leaning,2,9,300,15,285,14,3,8,3,0,1,0.9333,0.9286,0.8571,0.6154,1,13,2,t1_e11,0.7053651433691757,0.5161,0.7275,0.505
atmosphere_supplement,influenza_a,high_interaction,baseline_open,positive_leaning,2,10,300,15,285,13,4,4,5,0,2,0.8667,0.8462,0.6923,0.4615,2,11,2,t1_e11,0.7311738529335522,0.5226,0.7601,0.5102
atmosphere_supplement,influenza_a,high_interaction,baseline_open,positive_leaning,2,11,300,15,285,14,3,9,2,0,1,1.0,1.0,1.0,0.3846,0,14,2,t1_e11,0.7336292613636364,0.5296,0.8383,0.5133
atmosphere_supplement,influenza_a,high_interaction,baseline_open,positive_leaning,2,12,300,15,285,14,2,5,7,0,1,1.0,1.0,1.0,0.8462,0,14,2,t1_e11,0.760112973760933,0.5367,0.8184,0.5219
atmosphere_supplement,influenza_a,high_interaction,baseline_open,positive_leaning,2,13,300,15,285,12,6,3,3,0,3,0.9333,1.0,1.0,0.3077,0,12,2,t1_e11,0.7815704909066047,0.5438,0.8419,0.5281
atmosphere_supplement,influenza_a,high_interaction,baseline_open,negative_leaning,3,1,300,15,285,15,15,0,0,0,0,0.6,0.6,0.2,,6,9,4,seed_4,,0.5222,0.5877,0.5187
atmosphere_supplement,influenza_a,high_interaction,baseline_open,positive_leaning,3,1,300,15,285,15,15,0,0,0,0,0.5333,0.5333,0.0667,,7,8,4,seed_4,,0.4718,0.5199,0.4693
atmosphere_supplement,influenza_a,high_interaction,baseline_open,negative_leaning,3,2,300,15,285,12,6,3,3,0,3,0.9333,0.9167,0.8333,0.0,1,11,5,t1_e7,0.8,0.5315,0.6532,0.5251
atmosphere_supplement,influenza_a,high_interaction,baseline_open,positive_leaning,3,2,300,15,285,14,8,4,2,0,1,0.3333,0.6429,-0.2857,0.0,9,5,5,t1_e9,0.8,0.4757,0.4879,0.475
atmosphere_supplement,influenza_a,high_interaction,baseline_open,negative_leaning,3,3,300,15,285,14,5,6,3,0,1,0.7333,0.7143,0.4286,2.4,4,10,3,t1_e7,0.7592592592592593,0.5384,0.6173,0.5343
atmosphere_supplement,influenza_a,high_interaction,baseline_open,positive_leaning,3,3,300,15,285,14,7,5,2,0,1,0.4667,0.5714,-0.1429,1.625,8,6,2,t1_e11,0.3615384615384615,0.4757,0.545,0.472
atmosphere_supplement,influenza_a,high_interaction,baseline_open,negative_leaning,3,4,300,15,285,15,2,9,4,0,0,0.9333,0.9333,0.8667,0.2857,1,14,3,t1_e11,0.7701754385964913,0.547,0.6867,0.5397
atmosphere_supplement,influenza_a,high_interaction,baseline_open,positive_leaning,3,4,300,15,285,14,1,7,6,0,1,0.2,0.7857,-0.5714,0.375,11,3,2,t1_e11,0.3933333333333333,0.4738,0.4799,0.4735
atmosphere_supplement,influenza_a,high_interaction,baseline_open,negative_leaning,3,5,300,15,285,15,7,8,0,0,0,1.0,1.0,1.0,0.625,0,15,3,t1_e11,0.8394346013548724,0.5568,0.7318,0.5476
atmosphere_supplement,influenza_a,high_interaction,baseline_open,positive_leaning,3,5,300,15,285,11,3,4,4,0,4,0.3333,0.5455,-0.0909,0.8571,6,5,2,t1_e11,0.3186666666666667,0.472,0.5401,0.4684
atmosphere_supplement,influenza_a,high_interaction,baseline_open,negative_leaning,3,6,300,15,285,15,7,8,0,0,0,1.0,1.0,1.0,1.0769,0,15,3,t1_e11,0.8754873294346979,0.5669,0.7686,0.5563
atmosphere_supplement,influenza_a,high_interaction,baseline_open,positive_leaning,3,6,300,15,285,10,3,4,3,0,5,0.8,0.7,0.4,1.0769,3,7,2,t1_e11,0.3317384370015949,0.4736,0.6535,0.4641
atmosphere_supplement,influenza_a,high_interaction,baseline_open,positive_leaning,3,7,300,15,285,13,0,11,2,0,2,0.5333,0.5385,0.0769,1.1538,6,7,1,t1_e11,0.375,0.4736,0.5262,0.4708
atmosphere_supplement,influenza_a,high_interaction,baseline_open,positive_leaning,3,8,300,15,285,14,5,7,2,0,1,0.4,0.6429,-0.2857,0.5385,9,5,1,t1_e11,0.4150943396226415,0.4721,0.5853,0.4662
atmosphere_supplement,influenza_a,high_interaction,baseline_open,positive_leaning,3,9,300,15,285,9,4,3,2,0,6,0.9333,0.8889,0.7778,1.1538,1,8,1,t1_e11,0.3870967741935484,0.4755,0.6868,0.4644
atmosphere_supplement,influenza_a,high_interaction,baseline_open,positive_leaning,3,10,300,15,285,12,6,2,4,0,3,0.9333,0.9167,0.8333,1.9231,1,11,1,t1_e11,0.417910447761194,0.4794,0.6635,0.4697
atmosphere_supplement,influenza_a,high_interaction,baseline_open,positive_leaning,3,11,300,15,285,11,5,5,1,0,4,1.0,1.0,1.0,2.0,0,11,1,t1_e11,0.4520547945205479,0.4842,0.6957,0.4731
atmosphere_supplement,influenza_a,high_interaction,baseline_open,positive_leaning,3,12,300,15,285,12,5,6,1,0,3,0.8667,0.8333,0.6667,1.3846,2,10,1,t1_e11,0.4936708860759493,0.4878,0.7346,0.4748
atmosphere_supplement,influenza_a,high_interaction,baseline_open,positive_leaning,3,13,300,15,285,12,5,5,2,0,3,0.9333,1.0,1.0,0.6154,0,12,1,t1_e11,0.5116279069767442,0.4922,0.7432,0.4789
atmosphere_supplement,influenza_a,high_interaction,baseline_open,positive_leaning,3,14,300,15,285,14,5,7,2,0,1,1.0,1.0,1.0,0.9231,0,14,1,t1_e11,0.5483870967741935,0.497,0.7903,0.4815
atmosphere_supplement,influenza_a,high_interaction,baseline_open,positive_leaning,3,15,300,15,285,14,4,6,4,0,1,1.0,1.0,1.0,0.8462,0,14,1,t1_e11,0.5882352941176471,0.5022,0.8101,0.486
atmosphere_supplement,influenza_a,high_interaction,baseline_open,negative_leaning,4,1,300,15,285,15,15,0,0,0,0,0.8,0.8,0.6,,3,12,4,seed_4,,0.5263,0.6244,0.5212
atmosphere_supplement,influenza_a,high_interaction,baseline_open,positive_leaning,4,1,300,15,285,15,15,0,0,0,0,0.4,0.6,-0.2,,9,6,4,seed_4,,0.4728,0.4943,0.4717
atmosphere_supplement,influenza_a,high_interaction,baseline_open,negative_leaning,4,2,300,15,285,14,7,4,3,0,1,1.0,1.0,1.0,,0,14,5,t1_e9,1.0,0.5388,0.6688,0.5319
atmosphere_supplement,influenza_a,high_interaction,baseline_open,positive_leaning,4,2,300,15,285,15,3,8,4,0,0,1.0,1.0,1.0,2.0,0,15,5,t1_e9,0.6,0.4806,0.6079,0.4739
atmosphere_supplement,influenza_a,high_interaction,baseline_open,negative_leaning,4,3,300,15,285,15,8,5,2,0,0,0.9333,0.9333,0.8667,1.0,1,14,2,t1_e10,1.0,0.5503,0.6969,0.5425
atmosphere_supplement,influenza_a,high_interaction,baseline_open,positive_leaning,4,3,300,15,285,14,0,11,3,0,1,0.9333,1.0,1.0,2.0,0,14,3,t1_e9,0.9285714285714286,0.492,0.6164,0.4855
atmosphere_supplement,influenza_a,high_interaction,baseline_open,negative_leaning,4,4,300,15,285,13,1,9,3,0,2,1.0,1.0,1.0,1.1111,0,13,2,t1_e10,1.0,0.5618,0.7441,0.5522
atmosphere_supplement,influenza_a,high_interaction,baseline_open,positive_leaning,4,4,300,15,285,14,0,10,4,0,1,1.0,1.0,1.0,0.6667,0,14,3,t1_e9,0.9633838383838385,0.5039,0.6741,0.4949
atmosphere_supplement,influenza_a,high_interaction,baseline_open,negative_leaning,4,5,300,15,285,15,8,7,0,0,0,1.0,1.0,1.0,1.2,0,15,2,t1_e10,1.0,0.5738,0.7259,0.5658
atmosphere_supplement,influenza_a,high_interaction,baseline_open,positive_leaning,4,5,300,15,285,15,2,11,2,0,0,1.0,1.0,1.0,0.5556,0,15,3,t1_e9,0.9750566893424036,0.5157,0.6973,0.5062
atmosphere_supplement,influenza_a,high_interaction,baseline_open,negative_leaning,5,1,300,15,285,15,15,0,0,0,0,0.6667,0.6667,0.3333,,5,10,4,seed_4,,0.5241,0.5964,0.5203
atmosphere_supplement,influenza_a,high_interaction,baseline_open,positive_leaning,5,1,300,15,285,15,15,0,0,0,0,0.5333,0.5333,0.0667,,7,8,4,seed_4,,0.4734,0.524,0.4708
atmosphere_supplement,influenza_a,high_interaction,baseline_open,negative_leaning,5,2,300,15,285,15,11,2,2,0,0,1.0,1.0,1.0,,0,15,5,t1_e9,1.0,0.5367,0.6667,0.5299
atmosphere_supplement,influenza_a,high_interaction,baseline_open,positive_leaning,5,2,300,15,285,14,3,9,2,0,1,0.0667,0.9286,-0.8571,0.0,13,1,5,t1_e15,0.6,0.4724,0.419,0.4753
atmosphere_supplement,influenza_a,high_interaction,baseline_open,negative_leaning,5,3,300,15,285,15,5,8,2,0,0,1.0,1.0,1.0,1.1429,0,15,3,t1_e10,1.0,0.5489,0.7104,0.5404
atmosphere_supplement,influenza_a,high_interaction,baseline_open,positive_leaning,5,3,300,15,285,14,4,9,1,0,1,0.5333,0.5714,0.1429,1.4444,6,8,3,t1_e11,0.1477162293488824,0.4702,0.5574,0.4656
atmosphere_supplement,influenza_a,high_interaction,baseline_open,negative_leaning,5,4,300,15,285,15,3,6,6,0,0,1.0,1.0,1.0,1.1429,0,15,2,t1_e10,1.0,0.5609,0.7149,0.5528
atmosphere_supplement,influenza_a,high_interaction,baseline_open,positive_leaning,5,4,300,15,285,15,5,10,0,0,0,0.2667,0.7333,-0.4667,0.4444,11,4,3,t1_e11,0.2540708812260536,0.4666,0.4691,0.4664
atmosphere_supplement,influenza_a,high_interaction,baseline_open,negative_leaning,5,5,300,15,285,15,2,7,6,0,0,1.0,1.0,1.0,0.25,0,15,2,t1_e10,1.0,0.5721,0.7597,0.5622
atmosphere_supplement,influenza_a,high_interaction,baseline_open,positive_leaning,5,5,300,15,285,14,4,10,0,0,1,0.6,0.6429,0.2857,0.6667,5,9,3,t1_e11,0.2358267716535433,0.4651,0.5393,0.4612
atmosphere_supplement,influenza_a,high_interaction,baseline_open,positive_leaning,5,6,300,15,285,14,5,9,0,0,1,0.4,0.6429,-0.2857,0.6923,9,5,3,t1_e11,0.3193228926761861,0.4636,0.5165,0.4608
atmosphere_supplement,influenza_a,high_interaction,baseline_open,positive_leaning,5,7,300,15,285,14,4,9,1,0,1,0.3333,0.6429,-0.2857,0.4615,9,5,3,t1_e11,0.3400405212140474,0.4618,0.4821,0.4607
atmosphere_supplement,influenza_a,high_interaction,baseline_open,positive_leaning,5,8,300,15,285,14,7,7,0,0,1,0.4667,0.5,0.0,1.0,7,7,3,t1_e11,0.3173233914662174,0.46,0.5712,0.4541
atmosphere_supplement,influenza_a,high_interaction,baseline_open,positive_leaning,5,9,300,15,285,15,6,7,2,0,0,0.5333,0.5333,0.0667,1.0,7,8,3,t1_e11,0.3282881926004602,0.4591,0.5302,0.4554
atmosphere_supplement,influenza_a,high_interaction,baseline_open,positive_leaning,5,10,300,15,285,14,7,5,2,0,1,0.9333,0.9286,0.8571,2.1538,1,13,3,t1_e11,0.3401925144847288,0.4624,0.6264,0.4538
atmosphere_supplement,influenza_a,high_interaction,baseline_open,positive_leaning,5,11,300,15,285,15,7,8,0,0,0,0.9333,0.9333,0.8667,1.6154,1,14,3,t1_e11,0.3814190045248868,0.467,0.5981,0.4601
atmosphere_supplement,influenza_a,high_interaction,baseline_open,positive_leaning,5,12,300,15,285,15,7,8,0,0,0,1.0,1.0,1.0,1.3077,0,15,3,t1_e11,0.4238237751240847,0.4712,0.7193,0.4581
atmosphere_supplement,influenza_a,high_interaction,baseline_open,negative_leaning,6,1,300,15,285,15,15,0,0,0,0,0.8667,0.8667,0.7333,,2,13,4,seed_4,,0.5244,0.6394,0.5183
atmosphere_supplement,influenza_a,high_interaction,baseline_open,positive_leaning,6,1,300,15,285,15,15,0,0,0,0,0.5333,0.5333,0.0667,,7,8,4,seed_4,,0.4718,0.5268,0.4689
atmosphere_supplement,influenza_a,high_interaction,baseline_open,negative_leaning,6,2,300,15,285,14,8,3,3,0,1,1.0,1.0,1.0,,0,14,5,t1_e9,1.0,0.5371,0.6704,0.5301
atmosphere_supplement,influenza_a,high_interaction,baseline_open,positive_leaning,6,2,300,15,285,13,7,3,3,0,2,1.0,1.0,1.0,4.0,0,13,5,t1_e9,0.8,0.4824,0.6134,0.4756
atmosphere_supplement,influenza_a,high_interaction,baseline_open,negative_leaning,6,3,300,15,285,15,6,7,2,0,0,1.0,1.0,1.0,0.0,0,15,2,t1_e11,1.0,0.5492,0.7136,0.5406
atmosphere_supplement,influenza_a,high_interaction,baseline_open,positive_leaning,6,3,300,15,285,14,2,7,5,0,1,1.0,1.0,1.0,2.3333,0,14,3,t1_e12,0.8796296296296297,0.494,0.6323,0.4867
atmosphere_supplement,influenza_a,high_interaction,baseline_open,negative_leaning,6,4,300,15,285,14,4,4,6,0,1,1.0,1.0,1.0,0.0,0,14,2,t1_e11,1.0,0.5615,0.7212,0.5531
atmosphere_supplement,influenza_a,high_interaction,baseline_open,positive_leaning,6,4,300,15,285,15,4,5,6,0,0,1.0,1.0,1.0,0.25,0,15,2,t1_e12,0.945043103448276,0.5061,0.6636,0.4978
atmosphere_supplement,influenza_a,high_interaction,baseline_open,negative_leaning,6,5,300,15,285,13,3,6,4,0,2,1.0,1.0,1.0,1.0,0,13,2,t2_e14,1.0,0.5734,0.7493,0.5641
atmosphere_supplement,influenza_a,high_interaction,baseline_open,positive_leaning,6,5,300,15,285,14,0,8,6,0,1,1.0,1.0,1.0,1.0,0,14,1,t1_e12,0.9629629629629628,0.5184,0.6684,0.5105
atmosphere_supplement,influenza_a,high_interaction,baseline_open,negative_leaning,7,1,300,15,285,15,15,0,0,0,0,0.6,0.6,0.2,,6,9,4,seed_4,,0.5219,0.5888,0.5184
atmosphere_supplement,influenza_a,high_interaction,baseline_open,positive_leaning,7,1,300,15,285,15,15,0,0,0,0,0.5333,0.5333,0.0667,,7,8,4,seed_4,,0.4718,0.5229,0.4691
atmosphere_supplement,influenza_a,high_interaction,baseline_open,negative_leaning,7,2,300,15,285,14,11,3,0,0,1,0.9333,0.9286,0.8571,0.0,1,13,5,t1_e8,0.8,0.5313,0.6477,0.5252
atmosphere_supplement,influenza_a,high_interaction,baseline_open,positive_leaning,7,2,300,15,285,12,5,4,3,0,3,0.8667,0.8333,0.6667,2.0,2,10,5,t1_e15,0.6,0.4785,0.5809,0.4731
atmosphere_supplement,influenza_a,high_interaction,baseline_open,negative_leaning,7,3,300,15,285,14,5,5,4,0,1,1.0,1.0,1.0,2.1667,0,14,2,t1_e8,0.7916666666666666,0.5411,0.6772,0.534
atmosphere_supplement,influenza_a,high_interaction,baseline_open,positive_leaning,7,3,300,15,285,14,5,6,3,0,1,1.0,1.0,1.0,1.75,0,14,3,t1_e13,0.6935483870967742,0.4876,0.6207,0.4806
atmosphere_supplement,influenza_a,high_interaction,baseline_open,negative_leaning,7,4,300,15,285,14,6,5,3,0,1,1.0,1.0,1.0,1.375,0,14,2,t1_e8,0.92512077294686,0.5522,0.714,0.5437
atmosphere_supplement,influenza_a,high_interaction,baseline_open,positive_leaning,7,4,300,15,285,13,3,7,3,0,2,0.8667,0.8462,0.6923,2.6667,2,11,3,t1_e10,0.8385245901639345,0.4972,0.5959,0.492
atmosphere_supplement,influenza_a,high_interaction,baseline_open,negative_leaning,7,5,300,15,285,15,1,7,7,0,0,1.0,1.0,1.0,0.5714,0,15,2,t1_e8,0.9532828282828282,0.5634,0.7357,0.5543
atmosphere_supplement,influenza_a,high_interaction,baseline_open,positive_leaning,7,5,300,15,285,13,3,7,3,0,2,1.0,1.0,1.0,0.5714,0,13,3,t1_e10,0.8284147869674185,0.5074,0.6732,0.4986
atmosphere_supplement,influenza_a,high_interaction,baseline_open,positive_leaning,7,6,300,15,285,11,1,7,3,0,4,0.9333,0.9091,0.8182,0.8462,1,10,3,t1_e10,0.8733340133278934,0.517,0.7077,0.507
atmosphere_supplement,influenza_a,high_interaction,baseline_open,positive_leaning,7,7,300,15,285,15,4,9,2,0,0,1.0,1.0,1.0,1.0769,0,15,3,t1_e10,0.879643830947512,0.5267,0.7645,0.5141
atmosphere_supplement,influenza_a,high_interaction,baseline_open,negative_leaning,8,1,300,15,285,15,15,0,0,0,0,0.8,0.8,0.6,,3,12,4,seed_4,,0.5244,0.6219,0.5192
atmosphere_supplement,influenza_a,high_interaction,baseline_open,positive_leaning,8,1,300,15,285,15,15,0,0,0,0,0.4667,0.5333,-0.0667,,8,7,4,seed_4,,0.472,0.5115,0.4699
atmosphere_supplement,influenza_a,high_interaction,baseline_open,negative_leaning,8,2,300,15,285,14,5,6,3,0,1,1.0,1.0,1.0,,0,14,5,t1_e15,1.0,0.5374,0.6661,0.5306
atmosphere_supplement,influenza_a,high_interaction,baseline_open,positive_leaning,8,2,300,15,285,13,6,4,3,0,2,0.9333,1.0,1.0,0.0,0,13,5,t1_e9,0.8,0.4823,0.6119,0.4755
atmosphere_supplement,influenza_a,high_interaction,baseline_open,negative_leaning,8,3,300,15,285,15,4,9,2,0,0,1.0,1.0,1.0,1.0,0,15,2,t1_e14,1.0,0.5498,0.698,0.542
atmosphere_supplement,influenza_a,high_interaction,baseline_open,positive_leaning,8,3,300,15,285,15,5,8,2,0,0,1.0,1.0,1.0,2.0,0,15,3,t1_e11,0.8870967741935484,0.4939,0.6355,0.4864
atmosphere_supplement,influenza_a,high_interaction,baseline_open,negative_leaning,8,4,300,15,285,13,0,8,5,0,2,1.0,1.0,1.0,0.5,0,13,2,t1_e14,1.0,0.5617,0.73,0.5528
atmosphere_supplement,influenza_a,high_interaction,baseline_open,positive_leaning,8,4,300,15,285,13,2,9,2,0,2,1.0,1.0,1.0,2.0,0,13,3,t1_e11,0.9514925373134328,0.506,0.6485,0.4985
atmosphere_supplement,influenza_a,high_interaction,baseline_open,negative_leaning,8,5,300,15,285,15,0,12,3,0,0,1.0,1.0,1.0,0.5,0,15,2,t1_e14,1.0,0.5729,0.765,0.5628
atmosphere_supplement,influenza_a,high_interaction,baseline_open,positive_leaning,8,5,300,15,285,14,3,9,2,0,1,1.0,1.0,1.0,1.2222,0,14,2,t1_e11,0.9655555555555556,0.5175,0.7005,0.5079
atmosphere_supplement,influenza_a,high_interaction,baseline_open,negative_leaning,9,1,300,15,285,15,15,0,0,0,0,0.6667,0.6667,0.3333,,5,10,4,seed_4,,0.5241,0.6037,0.5199
atmosphere_supplement,influenza_a,high_interaction,baseline_open,positive_leaning,9,1,300,15,285,15,15,0,0,0,0,0.4667,0.5333,-0.0667,,8,7,4,seed_4,,0.4726,0.511,0.4706
atmosphere_supplement,influenza_a,high_interaction,baseline_open,negative_leaning,9,2,300,15,285,12,5,5,2,0,3,1.0,1.0,1.0,4.0,0,12,5,t1_e9,0.8,0.5344,0.6558,0.528
atmosphere_supplement,influenza_a,high_interaction,baseline_open,positive_leaning,9,2,300,15,285,13,3,7,3,0,2,0.2667,0.6923,-0.3846,0.0,9,4,5,t1_e15,0.4,0.4712,0.4828,0.4706
atmosphere_supplement,influenza_a,high_interaction,baseline_open,negative_leaning,9,3,300,15,285,15,2,11,2,0,0,0.9333,0.9333,0.8667,0.75,1,14,2,t1_e9,0.8916666666666667,0.5443,0.6826,0.537
atmosphere_supplement,influenza_a,high_interaction,baseline_open,positive_leaning,9,3,300,15,285,14,0,12,2,0,1,0.3333,0.7143,-0.4286,1.1429,10,4,3,t1_e11,0.3776301218161683,0.4697,0.5096,0.4676
atmosphere_supplement,influenza_a,high_interaction,baseline_open,negative_leaning,9,4,300,15,285,14,1,10,3,0,1,1.0,1.0,1.0,0.5,0,14,2,t1_e9,0.912037037037037,0.555,0.7233,0.5462
atmosphere_supplement,influenza_a,high_interaction,baseline_open,positive_leaning,9,4,300,15,285,14,1,8,5,0,1,0.1333,0.8571,-0.7143,1.1818,12,2,3,t1_e11,0.3270175438596491,0.4659,0.4711,0.4657
atmosphere_supplement,influenza_a,high_interaction,baseline_open,negative_leaning,9,5,300,15,285,15,1,10,4,0,0,1.0,1.0,1.0,1.0,0,15,2,t1_e9,0.944914151925078,0.5666,0.7149,0.5588
atmosphere_supplement,influenza_a,high_interaction,baseline_open,positive_leaning,9,5,300,15,285,13,1,6,6,0,2,0.2,0.8462,-0.6923,0.375,11,2,3,t1_e11,0.2704047777040478,0.462,0.4674,0.4617
atmosphere_supplement,influenza_a,high_interaction,baseline_open,positive_leaning,9,6,300,15,285,14,1,9,4,0,1,0.4,0.5714,-0.1429,0.7692,8,6,3,t1_e11,0.2275529865125241,0.4595,0.497,0.4575
atmosphere_supplement,influenza_a,high_interaction,baseline_open,positive_leaning,9,7,300,15,285,15,1,10,4,0,0,0.5333,0.5333,-0.0667,1.0,8,7,3,t1_e11,0.2591503787276868,0.4582,0.5292,0.4545
atmosphere_supplement,influenza_a,high_interaction,baseline_open,positive_leaning,9,8,300,15,285,15,1,9,5,0,0,0.4,0.6,-0.2,0.3077,9,6,3,t1_e11,0.2893081761006289,0.4559,0.5057,0.4533
atmosphere_supplement,influenza_a,high_interaction,baseline_open,positive_leaning,9,9,300,15,285,13,0,12,1,0,2,0.5333,0.5385,0.0769,1.0,6,7,2,t1_e11,0.2922609819121448,0.455,0.55,0.45
atmosphere_supplement,influenza_a,high_interaction,baseline_open,positive_leaning,9,10,300,15,285,11,1,5,5,0,4,0.6667,0.7273,0.4545,0.7692,3,8,2,t1_e11,0.3235497835497836,0.4561,0.5534,0.4509
atmosphere_supplement,influenza_a,high_interaction,baseline_open,positive_leaning,9,11,300,15,285,13,5,5,3,0,2,0.6667,0.6154,0.2308,1.0,5,8,2,t1_e11,0.357089972638017,0.4572,0.5333,0.4531
atmosphere_supplement,influenza_a,high_interaction,baseline_open,positive_leaning,9,12,300,15,285,13,3,10,0,0,2,0.8,0.7692,0.5385,0.7692,3,10,2,t1_e11,0.3665950907330217,0.4588,0.6662,0.4479
atmosphere_supplement,influenza_a,high_interaction,baseline_open,positive_leaning,9,13,300,15,285,14,9,3,2,0,1,0.6667,0.7143,0.4286,0.7692,4,10,2,t1_e11,0.3922119040052728,0.4597,0.565,0.4541
atmosphere_supplement,influenza_a,high_interaction,baseline_open,positive_leaning,9,14,300,15,285,13,5,5,3,0,2,0.4667,0.5385,-0.0769,1.0769,7,6,2,t1_e11,0.3924963924963924,0.459,0.5245,0.4555
atmosphere_supplement,influenza_a,high_interaction,baseline_open,positive_leaning,9,15,300,15,285,10,2,5,3,0,5,0.8,0.9,0.8,0.3846,1,9,2,t1_e11,0.3915154176424668,0.4608,0.6832,0.449
atmosphere_supplement,influenza_a,high_interaction,baseline_open,negative_leaning,10,1,300,15,285,15,15,0,0,0,0,0.6667,0.6667,0.3333,,5,10,4,seed_4,,0.5231,0.5964,0.5192
atmosphere_supplement,influenza_a,high_interaction,baseline_open,positive_leaning,10,1,300,15,285,15,15,0,0,0,0,0.5333,0.5333,0.0667,,7,8,4,seed_4,,0.4725,0.5244,0.4698
atmosphere_supplement,influenza_a,high_interaction,baseline_open,negative_leaning,10,2,300,15,285,13,5,4,4,0,2,1.0,1.0,1.0,0.0,0,13,5,t1_e15,1.0,0.5356,0.6726,0.5284
atmosphere_supplement,influenza_a,high_interaction,baseline_open,positive_leaning,10,2,300,15,285,12,7,3,2,0,3,0.8667,0.8333,0.6667,2.0,2,10,5,t1_e9,0.8,0.4817,0.5929,0.4758
atmosphere_supplement,influenza_a,high_interaction,baseline_open,negative_leaning,10,3,300,15,285,15,8,6,1,0,0,1.0,1.0,1.0,3.2,0,15,2,t1_e10,1.0,0.5483,0.6789,0.5415
atmosphere_supplement,influenza_a,high_interaction,baseline_open,positive_leaning,10,3,300,15,285,14,6,7,1,0,1,0.8667,0.8571,0.7143,2.0,2,12,2,t1_e10,0.7272727272727273,0.4902,0.6061,0.4841
atmosphere_supplement,influenza_a,high_interaction,baseline_open,negative_leaning,10,4,300,15,285,14,4,8,2,0,1,1.0,1.0,1.0,0.125,0,14,2,t1_e14,1.0,0.56,0.7494,0.5501
atmosphere_supplement,influenza_a,high_interaction,baseline_open,positive_leaning,10,4,300,15,285,15,9,6,0,0,0,1.0,1.0,1.0,2.0,0,15,2,t1_e10,0.8002958579881658,0.5003,0.651,0.4923
atmosphere_supplement,influenza_a,high_interaction,baseline_open,negative_leaning,10,5,300,15,285,15,5,8,2,0,0,1.0,1.0,1.0,0.4444,0,15,2,t1_e10,1.0,0.5716,0.747,0.5624
atmosphere_supplement,influenza_a,high_interaction,baseline_open,positive_leaning,10,5,300,15,285,14,3,8,3,0,1,1.0,1.0,1.0,0.3333,0,14,1,t1_e10,0.8421052631578947,0.5108,0.653,0.5033
atmosphere_supplement,influenza_a,high_interaction,baseline_open,positive_leaning,10,6,300,15,285,12,1,9,2,0,3,1.0,1.0,1.0,1.0,0,12,1,t1_e10,0.9,0.521,0.7548,0.5087
atmosphere_supplement,mycoplasma_pneumonia,high_interaction,baseline_open,negative_leaning,1,1,300,15,285,15,15,0,0,0,0,0.7333,0.7333,0.4667,,4,11,4,seed_4,,0.5253,0.6113,0.5208
atmosphere_supplement,mycoplasma_pneumonia,high_interaction,baseline_open,positive_leaning,1,1,300,15,285,15,15,0,0,0,0,0.5333,0.5333,0.0667,,7,8,4,seed_4,,0.4741,0.5266,0.4713
atmosphere_supplement,mycoplasma_pneumonia,high_interaction,baseline_open,negative_leaning,1,2,300,15,285,15,7,5,3,0,0,1.0,1.0,1.0,0.0,0,15,5,t1_e9,1.0,0.5378,0.6788,0.5304
atmosphere_supplement,mycoplasma_pneumonia,high_interaction,baseline_open,positive_leaning,1,2,300,15,285,14,6,6,2,0,1,0.0667,0.9286,-0.8571,3.0,13,1,5,t1_e15,0.6,0.4736,0.4345,0.4756
atmosphere_supplement,mycoplasma_pneumonia,high_interaction,baseline_open,negative_leaning,1,3,300,15,285,15,4,9,2,0,0,1.0,1.0,1.0,2.3333,0,15,2,t1_e11,1.0,0.5504,0.6807,0.5435
atmosphere_supplement,mycoplasma_pneumonia,high_interaction,baseline_open,positive_leaning,1,3,300,15,285,12,1,6,5,0,3,0.2,0.8333,-0.6667,2.375,10,2,3,t1_e11,0.1891891891891892,0.4686,0.4941,0.4673
atmosphere_supplement,mycoplasma_pneumonia,high_interaction,baseline_open,negative_leaning,1,4,300,15,285,14,1,9,4,0,1,1.0,1.0,1.0,0.4,0,14,2,t1_e15,1.0,0.5621,0.7615,0.5516
atmosphere_supplement,mycoplasma_pneumonia,high_interaction,baseline_open,positive_leaning,1,4,300,15,285,12,1,5,6,0,3,0.0667,1.0,-1.0,0.6667,12,0,3,t1_e11,0.1873239436619718,0.4621,0.4186,0.4644
atmosphere_supplement,mycoplasma_pneumonia,high_interaction,baseline_open,negative_leaning,1,5,300,15,285,15,1,9,5,0,0,1.0,1.0,1.0,0.875,0,15,2,t1_e15,1.0,0.5736,0.7449,0.5646
atmosphere_supplement,mycoplasma_pneumonia,high_interaction,baseline_open,positive_leaning,1,5,300,15,285,13,2,10,1,0,2,0.1333,0.8462,-0.6923,0.5,11,2,2,t1_e11,0.09765625,0.4555,0.4304,0.4568
atmosphere_supplement,mycoplasma_pneumonia,high_interaction,baseline_open,positive_leaning,1,6,300,15,285,13,6,7,0,0,2,0.1333,0.8462,-0.6923,0.0833,11,2,2,t1_e11,0.0963341858482523,0.4483,0.4124,0.4502
atmosphere_supplement,mycoplasma_pneumonia,high_interaction,baseline_open,positive_leaning,1,7,300,15,285,15,6,9,0,0,0,0.8667,0.8667,0.7333,2.5385,2,13,2,t1_e11,0.081406707912732,0.4492,0.5217,0.4454
atmosphere_supplement,mycoplasma_pneumonia,high_interaction,baseline_open,positive_leaning,1,8,300,15,285,15,7,8,0,0,0,0.4667,0.5333,-0.0667,0.4615,8,7,2,t1_e11,0.2243970550901244,0.4469,0.4893,0.4446
atmosphere_supplement,mycoplasma_pneumonia,high_interaction,baseline_open,positive_leaning,1,9,300,15,285,15,4,9,2,0,0,0.8,0.8,0.6,1.2308,3,12,2,t1_e11,0.2586245394663392,0.4481,0.54,0.4433
atmosphere_supplement,mycoplasma_pneumonia,high_interaction,baseline_open,positive_leaning,1,10,300,15,285,15,12,3,0,0,0,0.8667,0.8667,0.7333,1.8462,2,13,2,t1_e11,0.3260457608085345,0.4516,0.5332,0.4473
atmosphere_supplement,mycoplasma_pneumonia,high_interaction,baseline_open,positive_leaning,1,11,300,15,285,15,13,2,0,0,0,1.0,1.0,1.0,1.4615,0,15,2,t1_e11,0.3391046381861537,0.4558,0.6553,0.4453
atmosphere_supplement,mycoplasma_pneumonia,high_interaction,baseline_open,positive_leaning,1,12,300,15,285,15,12,3,0,0,0,1.0,1.0,1.0,0.6923,0,15,2,t1_e11,0.3554592405524083,0.4598,0.6545,0.4496
atmosphere_supplement,mycoplasma_pneumonia,high_interaction,baseline_open,positive_leaning,1,13,300,15,285,15,13,2,0,0,0,0.8,0.8,0.6,1.0769,3,12,2,t1_e11,0.3771708683473389,0.462,0.6485,0.4522
atmosphere_supplement,mycoplasma_pneumonia,high_interaction,baseline_open,positive_leaning,1,14,300,15,285,15,12,3,0,0,0,1.0,1.0,1.0,0.6154,0,15,2,t1_e11,0.3800955414012739,0.4654,0.7237,0.4518
atmosphere_supplement,mycoplasma_pneumonia,high_interaction,baseline_open,positive_leaning,1,15,300,15,285,15,12,3,0,0,0,1.0,1.0,1.0,0.6154,0,15,2,t1_e11,0.4009815950920245,0.4693,0.7269,0.4558
atmosphere_supplement,mycoplasma_pneumonia,high_interaction,baseline_open,negative_leaning,2,1,300,15,285,15,15,0,0,0,0,0.7333,0.7333,0.4667,,4,11,4,seed_4,,0.5251,0.6169,0.5202
atmosphere_supplement,mycoplasma_pneumonia,high_interaction,baseline_open,positive_leaning,2,1,300,15,285,15,15,0,0,0,0,0.5333,0.5333,0.0667,,7,8,4,seed_4,,0.4735,0.5261,0.4708
atmosphere_supplement,mycoplasma_pneumonia,high_interaction,baseline_open,negative_leaning,2,2,300,15,285,15,6,6,3,0,0,1.0,1.0,1.0,,0,15,5,t1_e9,1.0,0.5378,0.667,0.531
atmosphere_supplement,mycoplasma_pneumonia,high_interaction,baseline_open,positive_leaning,2,2,300,15,285,15,5,8,2,0,0,0.1333,0.8667,-0.7333,0.0,13,2,5,t1_e15,0.6,0.4733,0.434,0.4754
atmosphere_supplement,mycoplasma_pneumonia,high_interaction,baseline_open,negative_leaning,2,3,300,15,285,14,3,10,1,0,1,1.0,1.0,1.0,1.0,0,14,2,t1_e11,1.0,0.5497,0.7058,0.5415
atmosphere_supplement,mycoplasma_pneumonia,high_interaction,baseline_open,positive_leaning,2,3,300,15,285,13,2,9,2,0,2,0.1333,0.9231,-0.8462,2.5714,12,1,3,t1_e14,0.2293650793650793,0.4676,0.4672,0.4676
atmosphere_supplement,mycoplasma_pneumonia,high_interaction,baseline_open,negative_leaning,2,4,300,15,285,13,4,9,0,0,2,1.0,1.0,1.0,0.4444,0,13,2,t1_e8,1.0,0.5618,0.7415,0.5523
atmosphere_supplement,mycoplasma_pneumonia,high_interaction,baseline_open,positive_leaning,2,4,300,15,285,15,2,11,2,0,0,0.2,0.8,-0.6,0.7,12,3,3,t1_e14,0.1667672197083961,0.4628,0.4424,0.4638
atmosphere_supplement,mycoplasma_pneumonia,high_interaction,baseline_open,negative_leaning,2,5,300,15,285,15,8,6,1,0,0,1.0,1.0,1.0,0.4444,0,15,2,t1_e8,1.0,0.5733,0.7645,0.5632
atmosphere_supplement,mycoplasma_pneumonia,high_interaction,baseline_open,positive_leaning,2,5,300,15,285,14,2,12,0,0,1,0.4,0.5714,-0.1429,1.0,8,6,2,t1_e14,0.1432178932178932,0.4591,0.4615,0.459
atmosphere_supplement,mycoplasma_pneumonia,high_interaction,baseline_open,positive_leaning,2,6,300,15,285,15,12,3,0,0,0,1.0,1.0,1.0,3.5385,0,15,2,t1_e14,0.2143416927899686,0.4621,0.5792,0.4559
atmosphere_supplement,mycoplasma_pneumonia,high_interaction,baseline_open,positive_leaning,2,7,300,15,285,15,5,10,0,0,0,0.7333,0.7333,0.4667,1.5385,4,11,2,t1_e14,0.2610828145632899,0.4625,0.5301,0.459
atmosphere_supplement,mycoplasma_pneumonia,high_interaction,baseline_open,positive_leaning,2,8,300,15,285,15,12,3,0,0,0,1.0,1.0,1.0,1.2308,0,15,2,t1_e14,0.3353613569321534,0.4665,0.6466,0.4571
atmosphere_supplement,mycoplasma_pneumonia,high_interaction,baseline_open,positive_leaning,2,9,300,15,285,15,10,5,0,0,0,0.9333,0.9333,0.8667,1.3846,1,14,2,t1_e14,0.36748228703246,0.4705,0.6265,0.4623
atmosphere_supplement,mycoplasma_pneumonia,high_interaction,baseline_open,positive_leaning,2,10,300,15,285,15,4,11,0,0,0,0.9333,0.9333,0.8667,1.6154,1,14,2,t1_e14,0.4146825396825397,0.4751,0.6533,0.4657
atmosphere_supplement,mycoplasma_pneumonia,high_interaction,baseline_open,negative_leaning,3,1,300,15,285,15,15,0,0,0,0,0.7333,0.7333,0.4667,,4,11,4,seed_4,,0.5254,0.6107,0.5209
atmosphere_supplement,mycoplasma_pneumonia,high_interaction,baseline_open,positive_leaning,3,1,300,15,285,15,15,0,0,0,0,0.4667,0.5333,-0.0667,,8,7,4,seed_4,,0.4734,0.5088,0.4715
atmosphere_supplement,mycoplasma_pneumonia,high_interaction,baseline_open,negative_leaning,3,2,300,15,285,11,5,4,2,0,4,1.0,1.0,1.0,4.0,0,11,5,t1_e15,0.8,0.5357,0.657,0.5294
atmosphere_supplement,mycoplasma_pneumonia,high_interaction,baseline_open,positive_leaning,3,2,300,15,285,13,6,5,2,0,2,0.0667,0.9231,-0.8462,0.0,12,1,5,t1_e15,0.6,0.4727,0.4265,0.4751
atmosphere_supplement,mycoplasma_pneumonia,high_interaction,baseline_open,negative_leaning,3,3,300,15,285,15,1,11,3,0,0,1.0,1.0,1.0,0.5,0,15,2,t1_e13,0.8653846153846154,0.5463,0.6904,0.5388
atmosphere_supplement,mycoplasma_pneumonia,high_interaction,baseline_open,positive_leaning,3,3,300,15,285,14,2,9,3,0,1,0.4667,0.5714,-0.1429,1.8333,8,6,3,t1_e12,0.1111111111111111,0.469,0.5275,0.4659
atmosphere_supplement,mycoplasma_pneumonia,high_interaction,baseline_open,negative_leaning,3,4,300,15,285,15,3,9,3,0,0,1.0,1.0,1.0,0.4,0,15,2,t1_e13,0.9546783625730996,0.5578,0.7092,0.5498
atmosphere_supplement,mycoplasma_pneumonia,high_interaction,baseline_open,positive_leaning,3,4,300,15,285,15,0,9,6,0,0,0.1333,0.8667,-0.7333,0.6,13,2,3,t1_e11,0.2304761904761904,0.4635,0.4212,0.4658
atmosphere_supplement,mycoplasma_pneumonia,high_interaction,baseline_open,negative_leaning,3,5,300,15,285,15,4,11,0,0,0,1.0,1.0,1.0,0.6667,0,15,2,t1_e13,0.9714946070878272,0.5693,0.7483,0.5599
atmosphere_supplement,mycoplasma_pneumonia,high_interaction,baseline_open,positive_leaning,3,5,300,15,285,12,3,7,2,0,3,0.2,0.8333,-0.6667,0.375,10,2,3,t1_e11,0.190040650406504,0.4588,0.4402,0.4597
atmosphere_supplement,mycoplasma_pneumonia,high_interaction,baseline_open,positive_leaning,3,6,300,15,285,11,1,7,3,0,4,0.3333,0.6364,-0.2727,0.3077,7,4,3,t1_e11,0.1748044965786901,0.4548,0.4636,0.4543
atmosphere_supplement,mycoplasma_pneumonia,high_interaction,baseline_open,positive_leaning,3,7,300,15,285,15,3,10,2,0,0,0.2,0.8,-0.6,0.2308,12,3,3,t1_e11,0.21424372218023,0.4501,0.421,0.4516
atmosphere_supplement,mycoplasma_pneumonia,high_interaction,baseline_open,positive_leaning,3,8,300,15,285,14,2,10,2,0,1,0.3333,0.6429,-0.2857,0.3077,9,5,3,t1_e11,0.1912195713544579,0.4464,0.4664,0.4454
atmosphere_supplement,mycoplasma_pneumonia,high_interaction,baseline_open,positive_leaning,3,9,300,15,285,12,2,7,3,0,3,0.4667,0.5833,0.1667,0.7692,5,7,3,t1_e11,0.212867457452295,0.4443,0.5365,0.4395
atmosphere_supplement,mycoplasma_pneumonia,high_interaction,baseline_open,positive_leaning,3,10,300,15,285,15,4,7,4,0,0,0.3333,0.6667,-0.3333,1.0,10,5,3,t1_e11,0.2447302608074311,0.4418,0.3849,0.4448
atmosphere_supplement,mycoplasma_pneumonia,high_interaction,baseline_open,positive_leaning,3,11,300,15,285,14,2,11,1,0,1,0.3333,0.6429,-0.2857,0.8462,9,5,3,t1_e11,0.2375073715131352,0.4383,0.5105,0.4345
atmosphere_supplement,mycoplasma_pneumonia,high_interaction,baseline_open,positive_leaning,3,12,300,15,285,12,0,12,0,0,3,0.2667,0.8333,-0.6667,0.8462,10,2,3,t1_e11,0.2560311785357684,0.4339,0.4177,0.4348
atmosphere_supplement,mycoplasma_pneumonia,high_interaction,baseline_open,positive_leaning,3,13,300,15,285,9,3,5,1,0,6,0.5333,0.5556,0.1111,0.3846,4,5,3,t1_e11,0.2471134047488727,0.433,0.469,0.4311
atmosphere_supplement,mycoplasma_pneumonia,high_interaction,baseline_open,positive_leaning,3,14,300,15,285,14,2,7,5,0,1,0.4,0.6429,-0.2857,1.0769,9,5,3,t1_e11,0.2511486284216724,0.4301,0.4289,0.4301
atmosphere_supplement,mycoplasma_pneumonia,high_interaction,baseline_open,positive_leaning,3,15,300,15,285,13,5,7,1,0,2,0.4,0.6154,-0.2308,1.0,8,5,3,t1_e11,0.251399990298431,0.427,0.4852,0.4239
atmosphere_supplement,mycoplasma_pneumonia,high_interaction,baseline_open,negative_leaning,4,1,300,15,285,15,15,0,0,0,0,0.6667,0.6667,0.3333,,5,10,4,seed_4,,0.523,0.6015,0.5189
atmosphere_supplement,mycoplasma_pneumonia,high_interaction,baseline_open,positive_leaning,4,1,300,15,285,15,15,0,0,0,0,0.5333,0.5333,0.0667,,7,8,4,seed_4,,0.4721,0.5261,0.4692
atmosphere_supplement,mycoplasma_pneumonia,high_interaction,baseline_open,negative_leaning,4,2,300,15,285,14,4,3,7,0,1,1.0,1.0,1.0,,0,14,5,t1_e9,1.0,0.5359,0.6698,0.5288
atmosphere_supplement,mycoplasma_pneumonia,high_interaction,baseline_open,positive_leaning,4,2,300,15,285,14,9,4,1,0,1,0.0,1.0,-1.0,0.0,14,0,5,t1_e15,0.6,0.4707,0.4121,0.4738
atmosphere_supplement,mycoplasma_pneumonia,high_interaction,baseline_open,negative_leaning,4,3,300,15,285,15,5,9,1,0,0,1.0,1.0,1.0,1.6,0,15,2,t1_e9,1.0,0.5485,0.6928,0.5409
atmosphere_supplement,mycoplasma_pneumonia,high_interaction,baseline_open,positive_leaning,4,3,300,15,285,10,1,6,3,0,5,0.2667,0.7,-0.4,1.4286,7,3,2,t1_e11,0.1416666666666667,0.4662,0.4897,0.465
atmosphere_supplement,mycoplasma_pneumonia,high_interaction,baseline_open,negative_leaning,4,4,300,15,285,15,6,9,0,0,0,1.0,1.0,1.0,1.0,0,15,2,t1_e9,1.0,0.5603,0.7309,0.5513
atmosphere_supplement,mycoplasma_pneumonia,high_interaction,baseline_open,positive_leaning,4,4,300,15,285,15,4,9,2,0,0,0.7333,0.7333,0.4667,1.2222,4,11,2,t1_e11,0.2481481481481481,0.4669,0.5736,0.4613
atmosphere_supplement,mycoplasma_pneumonia,high_interaction,baseline_open,negative_leaning,4,5,300,15,285,15,2,13,0,0,0,1.0,1.0,1.0,0.0909,0,15,2,t1_e9,1.0,0.5713,0.7867,0.56
atmosphere_supplement,mycoplasma_pneumonia,high_interaction,baseline_open,positive_leaning,4,5,300,15,285,13,3,8,2,0,2,0.6667,0.6923,0.3846,1.6,4,9,2,t1_e11,0.4432390817469204,0.4696,0.5565,0.465
atmosphere_supplement,mycoplasma_pneumonia,high_interaction,baseline_open,positive_leaning,4,6,300,15,285,14,6,4,4,0,1,1.0,1.0,1.0,2.2308,0,14,2,t1_e11,0.5136363636363636,0.4763,0.6354,0.4679
atmosphere_supplement,mycoplasma_pneumonia,high_interaction,baseline_open,positive_leaning,4,7,300,15,285,12,7,2,3,0,3,0.9333,0.9167,0.8333,2.3846,1,11,2,t1_e11,0.6000098386462023,0.4833,0.5981,0.4772
atmosphere_supplement,mycoplasma_pneumonia,high_interaction,baseline_open,positive_leaning,4,8,300,15,285,13,7,1,5,0,2,0.9333,0.9231,0.8462,1.0,1,12,2,t1_e11,0.6388524159663865,0.4897,0.7258,0.4772
atmosphere_supplement,mycoplasma_pneumonia,high_interaction,baseline_open,negative_leaning,5,1,300,15,285,15,15,0,0,0,0,0.7333,0.7333,0.4667,,4,11,4,seed_4,,0.5246,0.6152,0.5199
atmosphere_supplement,mycoplasma_pneumonia,high_interaction,baseline_open,positive_leaning,5,1,300,15,285,15,15,0,0,0,0,0.5333,0.5333,0.0667,,7,8,4,seed_4,,0.473,0.52,0.4706
atmosphere_supplement,mycoplasma_pneumonia,high_interaction,baseline_open,negative_leaning,5,2,300,15,285,14,8,4,2,0,1,0.8,0.7857,0.5714,,3,11,5,t1_e9,0.8,0.533,0.619,0.5285
atmosphere_supplement,mycoplasma_pneumonia,high_interaction,baseline_open,positive_leaning,5,2,300,15,285,15,4,10,1,0,0,0.1333,0.8667,-0.7333,0.0,13,2,5,t1_e15,0.6,0.4727,0.4324,0.4748
atmosphere_supplement,mycoplasma_pneumonia,high_interaction,baseline_open,negative_leaning,5,3,300,15,285,13,3,9,1,0,2,1.0,1.0,1.0,0.6667,0,13,2,t1_e15,0.7435897435897435,0.5421,0.6736,0.5352
atmosphere_supplement,mycoplasma_pneumonia,high_interaction,baseline_open,positive_leaning,5,3,300,15,285,15,5,10,0,0,0,0.4,0.6,-0.2,1.1429,9,6,2,t1_e11,0.1527777777777777,0.4688,0.5138,0.4665
atmosphere_supplement,mycoplasma_pneumonia,high_interaction,baseline_open,negative_leaning,5,4,300,15,285,12,1,9,2,0,3,0.9333,0.9167,0.8333,0.75,1,11,2,t1_e15,0.8875000000000001,0.552,0.7072,0.5438
atmosphere_supplement,mycoplasma_pneumonia,high_interaction,baseline_open,positive_leaning,5,4,300,15,285,14,0,8,6,0,1,0.0667,0.9286,-0.8571,1.0,13,1,2,t1_e11,0.2178030303030303,0.463,0.4169,0.4655
atmosphere_supplement,mycoplasma_pneumonia,high_interaction,baseline_open,negative_leaning,5,5,300,15,285,14,3,8,3,0,1,0.9333,0.9286,0.8571,0.1429,1,13,2,t1_e15,0.8959566074950691,0.5619,0.7105,0.5541
atmosphere_supplement,mycoplasma_pneumonia,high_interaction,baseline_open,positive_leaning,5,5,300,15,285,13,2,7,4,0,2,0.1333,0.8462,-0.6923,0.1818,11,2,2,t1_e11,0.1672204501151869,0.4571,0.4125,0.4595
atmosphere_supplement,mycoplasma_pneumonia,high_interaction,baseline_open,positive_leaning,5,6,300,15,285,12,5,5,2,0,3,0.4,0.5833,-0.1667,0.3077,7,5,2,t1_e10,0.1313775510204081,0.4534,0.5235,0.4497
atmosphere_supplement,mycoplasma_pneumonia,high_interaction,baseline_open,positive_leaning,5,7,300,15,285,14,1,10,3,0,1,0.2,0.8571,-0.7143,0.3846,12,2,2,t1_e10,0.130718954248366,0.4477,0.3877,0.4509
atmosphere_supplement,mycoplasma_pneumonia,high_interaction,baseline_open,positive_leaning,5,8,300,15,285,12,2,9,1,0,3,0.2,0.8333,-0.6667,0.1538,10,2,2,t1_e10,0.1347111967316571,0.4414,0.3917,0.444
atmosphere_supplement,mycoplasma_pneumonia,high_interaction,baseline_open,positive_leaning,5,9,300,15,285,13,3,10,0,0,2,1.0,1.0,1.0,2.2308,0,13,2,t1_e10,0.1308038110574342,0.4435,0.5864,0.436
atmosphere_supplement,mycoplasma_pneumonia,high_interaction,baseline_open,positive_leaning,5,10,300,15,285,14,3,8,3,0,1,0.8667,0.8571,0.7143,2.4615,2,12,2,t1_e10,0.2307629707995176,0.4461,0.5208,0.4421
atmosphere_supplement,mycoplasma_pneumonia,high_interaction,baseline_open,positive_leaning,5,11,300,15,285,15,9,4,2,0,0,0.9333,0.9333,0.8667,2.1538,1,14,2,t1_e10,0.2956905093178177,0.4498,0.568,0.4436
atmosphere_supplement,mycoplasma_pneumonia,high_interaction,baseline_open,positive_leaning,5,12,300,15,285,14,6,7,1,0,1,0.9333,0.9286,0.8571,1.3846,1,13,2,t1_e10,0.3260702940511898,0.453,0.6266,0.4438
atmosphere_supplement,mycoplasma_pneumonia,high_interaction,baseline_open,positive_leaning,5,13,300,15,285,15,6,5,4,0,0,0.8,0.8,0.6,0.5385,3,12,2,t1_e10,0.3734931387875629,0.4554,0.6149,0.447
atmosphere_supplement,mycoplasma_pneumonia,high_interaction,baseline_open,positive_leaning,5,14,300,15,285,13,4,6,3,0,2,0.8,0.7692,0.5385,1.0769,3,10,2,t1_e10,0.4034364649202047,0.458,0.6515,0.4478
atmosphere_supplement,mycoplasma_pneumonia,high_interaction,baseline_open,positive_leaning,5,15,300,15,285,15,6,6,3,0,0,0.9333,0.9333,0.8667,1.1538,1,14,2,t1_e10,0.42899494362909,0.4623,0.6705,0.4513
atmosphere_supplement,mycoplasma_pneumonia,high_interaction,baseline_open,negative_leaning,6,1,300,15,285,15,15,0,0,0,0,0.5333,0.5333,0.0667,,7,8,4,seed_4,,0.5203,0.5739,0.5175
atmosphere_supplement,mycoplasma_pneumonia,high_interaction,baseline_open,positive_leaning,6,1,300,15,285,15,15,0,0,0,0,0.4667,0.5333,-0.0667,,8,7,4,seed_4,,0.4698,0.5019,0.4681
atmosphere_supplement,mycoplasma_pneumonia,high_interaction,baseline_open,negative_leaning,6,2,300,15,285,14,9,4,1,0,1,1.0,1.0,1.0,,0,14,5,t1_e9,0.8,0.5303,0.6527,0.5238
atmosphere_supplement,mycoplasma_pneumonia,high_interaction,baseline_open,positive_leaning,6,2,300,15,285,15,10,3,2,0,0,0.8667,0.8667,0.7333,4.0,2,13,5,t1_e15,0.6,0.4766,0.5784,0.4712
atmosphere_supplement,mycoplasma_pneumonia,high_interaction,baseline_open,negative_leaning,6,3,300,15,285,15,6,9,0,0,0,1.0,1.0,1.0,1.8333,0,15,1,t1_e15,0.8,0.5402,0.6734,0.5332
atmosphere_supplement,mycoplasma_pneumonia,high_interaction,baseline_open,positive_leaning,6,3,300,15,285,15,8,6,1,0,0,1.0,1.0,1.0,2.6667,0,15,2,t1_e12,0.8300000000000001,0.4875,0.6222,0.4804
atmosphere_supplement,mycoplasma_pneumonia,high_interaction,baseline_open,negative_leaning,6,4,300,15,285,14,2,7,5,0,1,1.0,1.0,1.0,1.0,0,14,1,t1_e15,0.9285714285714288,0.5517,0.7049,0.5436
atmosphere_supplement,mycoplasma_pneumonia,high_interaction,baseline_open,positive_leaning,6,4,300,15,285,14,4,5,5,0,1,0.9333,0.9286,0.8571,2.4,1,13,2,t2_e15,0.9239130434782608,0.4986,0.6232,0.4921
atmosphere_supplement,mycoplasma_pneumonia,high_interaction,baseline_open,negative_leaning,6,5,300,15,285,15,1,9,5,0,0,1.0,1.0,1.0,1.8,0,15,1,t1_e15,0.9615384615384616,0.5634,0.7057,0.5559
atmosphere_supplement,mycoplasma_pneumonia,high_interaction,baseline_open,positive_leaning,6,5,300,15,285,14,2,8,4,0,1,1.0,1.0,1.0,0.0,0,14,2,t2_e15,0.9142712550607288,0.5097,0.6963,0.4999
atmosphere_supplement,mycoplasma_pneumonia,high_interaction,baseline_open,negative_leaning,7,1,300,15,285,15,15,0,0,0,0,0.8,0.8,0.6,,3,12,4,seed_4,,0.525,0.625,0.5197
atmosphere_supplement,mycoplasma_pneumonia,high_interaction,baseline_open,positive_leaning,7,1,300,15,285,15,15,0,0,0,0,0.4667,0.5333,-0.0667,,8,7,4,seed_4,,0.4725,0.5163,0.4702
atmosphere_supplement,mycoplasma_pneumonia,high_interaction,baseline_open,negative_leaning,7,2,300,15,285,15,8,4,3,0,0,1.0,1.0,1.0,,0,15,5,t1_e15,1.0,0.5377,0.6702,0.5307
atmosphere_supplement,mycoplasma_pneumonia,high_interaction,baseline_open,positive_leaning,7,2,300,15,285,11,4,7,0,0,4,0.1333,0.8182,-0.6364,0.5,9,2,5,t1_e15,0.4,0.4696,0.4459,0.4708
atmosphere_supplement,mycoplasma_pneumonia,high_interaction,baseline_open,negative_leaning,7,3,300,15,285,15,2,7,6,0,0,1.0,1.0,1.0,0.75,0,15,1,t1_e11,1.0,0.5499,0.7036,0.5418
atmosphere_supplement,mycoplasma_pneumonia,high_interaction,baseline_open,positive_leaning,7,3,300,15,285,15,2,11,2,0,0,0.3333,0.6667,-0.3333,1.4286,10,5,3,t1_e13,0.3045045045045045,0.4672,0.5238,0.4643
atmosphere_supplement,mycoplasma_pneumonia,high_interaction,baseline_open,negative_leaning,7,4,300,15,285,13,1,8,4,0,2,1.0,1.0,1.0,0.75,0,13,1,t1_e11,1.0,0.5617,0.7379,0.5525
atmosphere_supplement,mycoplasma_pneumonia,high_interaction,baseline_open,positive_leaning,7,4,300,15,285,14,0,7,7,0,1,0.2667,0.7143,-0.4286,0.625,10,4,3,t1_e11,0.2621848739495798,0.464,0.4903,0.4626
atmosphere_supplement,mycoplasma_pneumonia,high_interaction,baseline_open,negative_leaning,7,5,300,15,285,15,0,12,3,0,0,1.0,1.0,1.0,1.2,0,15,1,t1_e11,1.0,0.5732,0.7537,0.5637
atmosphere_supplement,mycoplasma_pneumonia,high_interaction,baseline_open,positive_leaning,7,5,300,15,285,13,0,4,9,0,2,0.2,0.8462,-0.6923,0.5,11,2,3,t1_e11,0.2700635978195033,0.4597,0.483,0.4585
atmosphere_supplement,mycoplasma_pneumonia,high_interaction,baseline_open,positive_leaning,7,6,300,15,285,13,2,9,2,0,2,0.4,0.6154,-0.2308,0.4615,8,5,3,t1_e11,0.2430124223602484,0.4575,0.5176,0.4544
atmosphere_supplement,mycoplasma_pneumonia,high_interaction,baseline_open,positive_leaning,7,7,300,15,285,13,3,8,2,0,2,0.4667,0.6154,-0.2308,0.6154,8,5,3,t1_e11,0.2502343355685341,0.4555,0.5462,0.4507
atmosphere_supplement,mycoplasma_pneumonia,high_interaction,baseline_open,positive_leaning,7,8,300,15,285,14,2,10,2,0,1,0.3333,0.6429,-0.2857,0.6923,9,5,3,t1_e11,0.2445978775092699,0.4517,0.4917,0.4496
atmosphere_supplement,mycoplasma_pneumonia,high_interaction,baseline_open,positive_leaning,7,9,300,15,285,12,1,7,4,0,3,0.1333,0.8333,-0.6667,0.5385,10,2,3,t1_e11,0.2580071174377224,0.4467,0.4053,0.4488
atmosphere_supplement,mycoplasma_pneumonia,high_interaction,baseline_open,positive_leaning,7,10,300,15,285,15,7,5,3,0,0,0.4,0.6,-0.2,0.7692,9,6,3,t1_e11,0.2376625902078561,0.4436,0.515,0.4398
atmosphere_supplement,mycoplasma_pneumonia,high_interaction,baseline_open,positive_leaning,7,11,300,15,285,14,0,13,1,0,1,0.3333,0.6429,-0.2857,0.7692,9,5,3,t1_e11,0.2384363085893698,0.4407,0.4307,0.4413
atmosphere_supplement,mycoplasma_pneumonia,high_interaction,baseline_open,positive_leaning,7,12,300,15,285,14,3,8,3,0,1,0.6,0.5714,0.1429,0.7692,6,8,3,t1_e11,0.2522329381027682,0.4399,0.5127,0.4361
atmosphere_supplement,mycoplasma_pneumonia,high_interaction,baseline_open,positive_leaning,7,13,300,15,285,15,7,5,3,0,0,0.8,0.8,0.6,1.9231,3,12,3,t1_e11,0.2774093722369584,0.4417,0.4963,0.4389
atmosphere_supplement,mycoplasma_pneumonia,high_interaction,baseline_open,positive_leaning,7,14,300,15,285,13,5,4,4,0,2,0.5333,0.6154,0.2308,0.4615,5,8,3,t1_e11,0.2989990847908418,0.4409,0.5042,0.4376
atmosphere_supplement,mycoplasma_pneumonia,high_interaction,baseline_open,positive_leaning,7,15,300,15,285,13,6,6,1,0,2,0.8,0.8462,0.6923,0.9231,2,11,3,t1_e11,0.3046723805877734,0.4436,0.5645,0.4372
atmosphere_supplement,mycoplasma_pneumonia,high_interaction,baseline_open,negative_leaning,8,1,300,15,285,15,15,0,0,0,0,0.6667,0.6667,0.3333,,5,10,4,seed_4,,0.5227,0.5931,0.519
atmosphere_supplement,mycoplasma_pneumonia,high_interaction,baseline_open,positive_leaning,8,1,300,15,285,15,15,0,0,0,0,0.4,0.6,-0.2,,9,6,4,seed_4,,0.471,0.4921,0.4699
atmosphere_supplement,mycoplasma_pneumonia,high_interaction,baseline_open,negative_leaning,8,2,300,15,285,14,5,5,4,0,1,1.0,1.0,1.0,,0,14,5,t1_e15,1.0,0.5352,0.6677,0.5282
atmosphere_supplement,mycoplasma_pneumonia,high_interaction,baseline_open,positive_leaning,8,2,300,15,285,15,6,9,0,0,0,0.0667,0.9286,-0.8571,2.6667,13,1,5,t1_e15,0.4,0.4672,0.4394,0.4687
atmosphere_supplement,mycoplasma_pneumonia,high_interaction,baseline_open,negative_leaning,8,3,300,15,285,15,7,6,2,0,0,1.0,1.0,1.0,1.3333,0,15,2,t1_e10,1.0,0.5476,0.6838,0.5404
atmosphere_supplement,mycoplasma_pneumonia,high_interaction,baseline_open,positive_leaning,8,3,300,15,285,15,2,8,5,0,0,0.0667,0.9333,-0.8667,2.0,14,1,2,t1_e12,0.2,0.4609,0.4196,0.463
atmosphere_supplement,mycoplasma_pneumonia,high_interaction,baseline_open,negative_leaning,8,4,300,15,285,13,0,10,3,0,2,1.0,1.0,1.0,1.0909,0,13,2,t1_e10,1.0,0.5596,0.7366,0.5503
atmosphere_supplement,mycoplasma_pneumonia,high_interaction,baseline_open,positive_leaning,8,4,300,15,285,12,0,7,5,0,3,0.2667,0.8333,-0.6667,0.2222,10,2,2,t1_e12,0.1301282051282051,0.4558,0.4267,0.4573
atmosphere_supplement,mycoplasma_pneumonia,high_interaction,baseline_open,negative_leaning,8,5,300,15,285,15,0,10,5,0,0,1.0,1.0,1.0,0.375,0,15,2,t1_e15,1.0,0.5713,0.7385,0.5625
atmosphere_supplement,mycoplasma_pneumonia,high_interaction,baseline_open,positive_leaning,8,5,300,15,285,15,3,8,4,0,0,0.0667,0.9333,-0.8667,0.4,14,1,2,t1_e12,0.141353262616522,0.4489,0.4024,0.4514
atmosphere_supplement,mycoplasma_pneumonia,high_interaction,baseline_open,positive_leaning,8,6,300,15,285,15,0,11,4,0,0,0.3333,0.6667,-0.3333,0.8462,10,5,2,t1_e12,0.1246240179573513,0.4446,0.4004,0.4469
atmosphere_supplement,mycoplasma_pneumonia,high_interaction,baseline_open,positive_leaning,8,7,300,15,285,13,2,8,3,0,2,0.4,0.6154,-0.2308,0.9231,8,5,2,t1_e11,0.1760091887222178,0.4414,0.4355,0.4417
atmosphere_supplement,mycoplasma_pneumonia,high_interaction,baseline_open,positive_leaning,8,8,300,15,285,12,1,4,7,0,3,0.2,0.8333,-0.6667,0.9231,10,2,2,t1_e12,0.1900591067257733,0.4364,0.368,0.44
atmosphere_supplement,mycoplasma_pneumonia,high_interaction,baseline_open,positive_leaning,8,9,300,15,285,14,2,9,3,0,1,0.2667,0.7143,-0.4286,0.7692,10,4,2,t1_e11,0.176063829787234,0.4325,0.3998,0.4342
atmosphere_supplement,mycoplasma_pneumonia,high_interaction,baseline_open,positive_leaning,8,10,300,15,285,12,1,4,7,0,3,0.4667,0.5833,-0.1667,0.9231,7,5,2,t1_e11,0.1872248122248122,0.4296,0.4515,0.4284
atmosphere_supplement,mycoplasma_pneumonia,high_interaction,baseline_open,positive_leaning,8,11,300,15,285,12,2,7,3,0,3,0.2,0.75,-0.5,0.6154,9,3,2,t1_e11,0.2022658973434307,0.4257,0.3131,0.4316
atmosphere_supplement,mycoplasma_pneumonia,high_interaction,baseline_open,positive_leaning,8,12,300,15,285,14,5,6,3,0,1,0.2667,0.7143,-0.4286,0.6154,10,4,2,t1_e11,0.2022064933066625,0.422,0.4043,0.423
atmosphere_supplement,mycoplasma_pneumonia,high_interaction,baseline_open,positive_leaning,8,13,300,15,285,14,8,3,3,0,1,0.8667,0.8571,0.7143,1.8462,2,12,2,t1_e11,0.2042131844763423,0.4243,0.5427,0.4181
atmosphere_supplement,mycoplasma_pneumonia,high_interaction,baseline_open,positive_leaning,8,14,300,15,285,13,8,3,2,0,2,0.8,0.7692,0.5385,1.9231,3,10,2,t1_e11,0.2391744843760778,0.4267,0.4498,0.4255
atmosphere_supplement,mycoplasma_pneumonia,high_interaction,baseline_open,positive_leaning,8,15,300,15,285,12,7,1,4,0,3,0.4667,0.5833,-0.1667,0.5385,7,5,2,t1_e11,0.2521018179860237,0.4244,0.5049,0.4202
atmosphere_supplement,mycoplasma_pneumonia,high_interaction,baseline_open,negative_leaning,9,1,300,15,285,15,15,0,0,0,0,0.7333,0.7333,0.4667,,4,11,4,seed_4,,0.5249,0.6126,0.5202
atmosphere_supplement,mycoplasma_pneumonia,high_interaction,baseline_open,positive_leaning,9,1,300,15,285,15,15,0,0,0,0,0.4667,0.5333,-0.0667,,8,7,4,seed_4,,0.4729,0.511,0.4709
atmosphere_supplement,mycoplasma_pneumonia,high_interaction,baseline_open,negative_leaning,9,2,300,15,285,11,3,3,5,0,4,1.0,1.0,1.0,0.0,0,11,5,t1_e9,1.0,0.5373,0.6804,0.5298
atmosphere_supplement,mycoplasma_pneumonia,high_interaction,baseline_open,positive_leaning,9,2,300,15,285,15,4,9,2,0,0,0.2,0.8,-0.6,4.0,12,3,5,t1_e15,0.6,0.4737,0.4724,0.4738
atmosphere_supplement,mycoplasma_pneumonia,high_interaction,baseline_open,negative_leaning,9,3,300,15,285,15,6,9,0,0,0,1.0,1.0,1.0,0.6667,0,15,2,t1_e9,1.0,0.5494,0.7102,0.5409
atmosphere_supplement,mycoplasma_pneumonia,high_interaction,baseline_open,positive_leaning,9,3,300,15,285,15,1,11,3,0,0,0.3333,0.6667,-0.3333,2.2857,10,5,4,t1_e14,0.2644230769230769,0.4709,0.5187,0.4684
atmosphere_supplement,mycoplasma_pneumonia,high_interaction,baseline_open,negative_leaning,9,4,300,15,285,13,2,8,3,0,2,1.0,1.0,1.0,0.8571,0,13,2,t1_e9,1.0,0.5615,0.7181,0.5533
atmosphere_supplement,mycoplasma_pneumonia,high_interaction,baseline_open,positive_leaning,9,4,300,15,285,14,2,8,4,0,1,0.2667,0.7143,-0.4286,1.4444,10,4,4,t1_e14,0.3104094579008074,0.4682,0.5078,0.4661
atmosphere_supplement,mycoplasma_pneumonia,high_interaction,baseline_open,negative_leaning,9,5,300,15,285,14,1,10,3,0,1,1.0,1.0,1.0,0.6,0,14,2,t1_e9,1.0,0.5728,0.7893,0.5614
atmosphere_supplement,mycoplasma_pneumonia,high_interaction,baseline_open,positive_leaning,9,5,300,15,285,9,0,4,5,0,6,0.1333,0.8889,-0.7778,0.1,8,1,4,t1_e14,0.2936787391012743,0.4641,0.4519,0.4647
atmosphere_supplement,mycoplasma_pneumonia,high_interaction,baseline_open,positive_leaning,9,6,300,15,285,12,2,7,3,0,3,0.6667,0.6667,0.3333,1.3846,4,8,4,t1_e14,0.2643720366934652,0.4642,0.5766,0.4583
atmosphere_supplement,mycoplasma_pneumonia,high_interaction,baseline_open,positive_leaning,9,7,300,15,285,15,4,7,4,0,0,0.7333,0.7333,0.4667,1.5385,4,11,4,t1_e14,0.3246994342291371,0.4655,0.5885,0.4591
atmosphere_supplement,mycoplasma_pneumonia,high_interaction,baseline_open,positive_leaning,9,8,300,15,285,14,3,9,2,0,1,0.7333,0.7143,0.4286,1.2308,4,10,4,t1_e14,0.3692334076487737,0.4673,0.6226,0.4591
atmosphere_supplement,mycoplasma_pneumonia,high_interaction,baseline_open,positive_leaning,9,9,300,15,285,14,2,6,6,0,1,0.7333,0.7143,0.4286,1.0769,4,10,4,t1_e14,0.4202111994614834,0.4693,0.6266,0.461
atmosphere_supplement,mycoplasma_pneumonia,high_interaction,baseline_open,positive_leaning,9,10,300,15,285,14,2,7,5,0,1,0.8667,0.8571,0.7143,0.8462,2,12,4,t1_e14,0.4493624160061084,0.4729,0.6752,0.4622
atmosphere_supplement,mycoplasma_pneumonia,high_interaction,baseline_open,positive_leaning,9,11,300,15,285,15,2,13,0,0,0,0.6,0.6,0.2,0.2308,6,9,4,t1_e14,0.4924253185261707,0.4741,0.623,0.4663
atmosphere_supplement,mycoplasma_pneumonia,high_interaction,baseline_open,positive_leaning,9,12,300,15,285,15,3,9,3,0,0,0.9333,0.9333,0.8667,1.0769,1,14,4,t1_e14,0.4976094052633718,0.4785,0.7461,0.4644
atmosphere_supplement,mycoplasma_pneumonia,high_interaction,baseline_open,positive_leaning,9,13,300,15,285,14,2,6,6,0,1,0.7333,0.7143,0.4286,1.0769,4,10,4,t1_e14,0.5416472377872456,0.4821,0.6365,0.474
atmosphere_supplement,mycoplasma_pneumonia,high_interaction,baseline_open,positive_leaning,9,14,300,15,285,14,4,6,4,0,1,0.9333,1.0,1.0,0.4615,0,14,4,t1_e14,0.5528156490812093,0.4863,0.7949,0.47
atmosphere_supplement,mycoplasma_pneumonia,high_interaction,baseline_open,positive_leaning,9,15,300,15,285,13,2,10,1,0,2,0.8667,0.9231,0.8462,1.6154,1,12,4,t1_e14,0.5815328691378251,0.491,0.7284,0.4785
atmosphere_supplement,mycoplasma_pneumonia,high_interaction,baseline_open,negative_leaning,10,1,300,15,285,15,15,0,0,0,0,0.7333,0.7333,0.4667,,4,11,4,seed_4,,0.5241,0.6172,0.5192
atmosphere_supplement,mycoplasma_pneumonia,high_interaction,baseline_open,positive_leaning,10,1,300,15,285,15,15,0,0,0,0,0.5333,0.5333,0.0667,,7,8,4,seed_4,,0.4726,0.5267,0.4697
atmosphere_supplement,mycoplasma_pneumonia,high_interaction,baseline_open,negative_leaning,10,2,300,15,285,15,6,2,7,0,0,1.0,1.0,1.0,,0,15,5,t1_e9,1.0,0.537,0.6653,0.5303
atmosphere_supplement,mycoplasma_pneumonia,high_interaction,baseline_open,positive_leaning,10,2,300,15,285,11,3,6,2,0,4,0.0,1.0,-1.0,,11,0,5,t1_e15,0.6,0.4714,0.4071,0.4748
atmosphere_supplement,mycoplasma_pneumonia,high_interaction,baseline_open,negative_leaning,10,3,300,15,285,15,2,11,2,0,0,1.0,1.0,1.0,1.4,0,15,3,t1_e11,1.0,0.5494,0.6972,0.5416
atmosphere_supplement,mycoplasma_pneumonia,high_interaction,baseline_open,positive_leaning,10,3,300,15,285,15,1,9,5,0,0,0.2667,0.7333,-0.4667,1.875,11,4,3,t1_e14,0.081081081081081,0.4656,0.4918,0.4642
atmosphere_supplement,mycoplasma_pneumonia,high_interaction,baseline_open,negative_leaning,10,4,300,15,285,15,4,11,0,0,0,1.0,1.0,1.0,0.625,0,15,2,t1_e11,1.0,0.5611,0.7356,0.5519
atmosphere_supplement,mycoplasma_pneumonia,high_interaction,baseline_open,positive_leaning,10,4,300,15,285,13,3,9,1,0,2,0.7333,0.6923,0.3846,2.7143,4,9,3,t1_e11,0.1626506024096385,0.4657,0.548,0.4614
atmosphere_supplement,mycoplasma_pneumonia,high_interaction,baseline_open,negative_leaning,10,5,300,15,285,15,3,12,0,0,0,1.0,1.0,1.0,0.25,0,15,2,t1_e11,1.0,0.5728,0.76,0.5629
atmosphere_supplement,mycoplasma_pneumonia,high_interaction,baseline_open,positive_leaning,10,5,300,15,285,14,7,6,1,0,1,0.7333,0.7143,0.4286,1.7273,4,10,3,t1_e11,0.3096168294515402,0.4669,0.5658,0.4617
atmosphere_supplement,mycoplasma_pneumonia,high_interaction,baseline_open,positive_leaning,10,6,300,15,285,12,2,7,3,0,3,0.6,0.6667,0.3333,0.9231,4,8,3,t1_e11,0.374930713025951,0.4684,0.5605,0.4635
atmosphere_supplement,mycoplasma_pneumonia,high_interaction,baseline_open,positive_leaning,10,7,300,15,285,11,9,2,0,0,4,0.8667,0.9091,0.8182,1.3846,1,10,3,t1_e11,0.4170673435866805,0.4721,0.6355,0.4635
atmosphere_supplement,mycoplasma_pneumonia,high_interaction,baseline_open,positive_leaning,10,8,300,15,285,14,3,7,4,0,1,0.8667,0.8571,0.7143,1.1538,2,12,3,t1_e11,0.4387057387057387,0.4759,0.6796,0.4652
atmosphere_supplement,mycoplasma_pneumonia,high_interaction,baseline_open,positive_leaning,10,9,300,15,285,15,9,3,3,0,0,0.8,0.8,0.6,1.0,3,12,3,t1_e11,0.5165351473922902,0.4797,0.6864,0.4689
atmosphere_supplement,mycoplasma_pneumonia,high_interaction,baseline_open,positive_leaning,10,10,300,15,285,14,3,4,7,0,1,0.6667,0.6429,0.2857,0.6923,5,9,3,t1_e11,0.5433244040686389,0.4822,0.6943,0.4711
atmosphere_supplement,mycoplasma_pneumonia,high_interaction,baseline_open,positive_leaning,10,11,300,15,285,15,1,10,4,0,0,0.6,0.6,0.2,1.0769,6,9,3,t1_e11,0.5678007774781968,0.4848,0.7067,0.4731
atmosphere_supplement,mycoplasma_pneumonia,high_interaction,baseline_open,positive_leaning,10,12,300,15,285,15,7,5,3,0,0,1.0,1.0,1.0,1.3846,0,15,3,t1_e11,0.5697948209630452,0.4902,0.7662,0.4756
atmosphere_supplement,mycoplasma_pneumonia,high_interaction,baseline_open,positive_leaning,10,13,300,15,285,15,6,8,1,0,0,0.8667,0.8667,0.7333,0.0,2,13,3,t1_e11,0.6013697157789377,0.4939,0.8333,0.476
atmosphere_supplement,mycoplasma_pneumonia,high_interaction,baseline_open,positive_leaning,10,14,300,15,285,13,5,4,4,0,2,0.9333,1.0,1.0,0.8462,0,13,3,t1_e11,0.6245220266584324,0.4995,0.7904,0.4842
atmosphere_supplement,mycoplasma_pneumonia,high_interaction,baseline_open,positive_leaning,10,15,300,15,285,14,4,10,0,0,1,0.8667,0.8571,0.7143,0.5385,2,12,3,t1_e11,0.6482655005104564,0.5039,0.8098,0.4877
combined_supplement,influenza_a,high_interaction,balanced_persona_mix,negative_leaning,1,1,300,15,285,15,15,0,0,0,0,0.6667,0.6667,0.3333,,5,10,4,seed_4,,0.5073,0.5686,0.5041
combined_supplement,influenza_a,high_interaction,balanced_persona_mix,positive_leaning,1,1,300,15,285,15,15,0,0,0,0,0.7333,0.7333,0.4667,,4,11,4,seed_4,,0.4878,0.5554,0.4843
combined_supplement,influenza_a,high_interaction,balanced_persona_mix,negative_leaning,1,2,300,15,285,13,5,7,1,0,2,0.9333,0.9231,0.8462,0.0,1,12,5,t1_e15,0.8,0.5156,0.6084,0.5107
combined_supplement,influenza_a,high_interaction,balanced_persona_mix,positive_leaning,1,2,300,15,285,12,6,6,0,0,3,0.4,0.5833,-0.1667,0.5,7,5,5,t1_e15,0.8,0.4926,0.5225,0.491
combined_supplement,influenza_a,high_interaction,balanced_persona_mix,negative_leaning,1,3,300,15,285,15,6,6,3,0,0,1.0,1.0,1.0,1.4,0,15,2,t1_e14,0.7986111111111112,0.5243,0.6435,0.518
combined_supplement,influenza_a,high_interaction,balanced_persona_mix,positive_leaning,1,3,300,15,285,13,6,7,0,0,2,0.6667,0.6923,0.3846,1.4444,4,9,3,t1_e14,0.4424242424242424,0.4945,0.5928,0.4894
combined_supplement,influenza_a,high_interaction,balanced_persona_mix,negative_leaning,1,4,300,15,285,11,1,8,2,0,4,0.9333,0.9091,0.8182,1.4444,1,10,2,t1_e14,0.8923160173160173,0.5333,0.6526,0.527
combined_supplement,influenza_a,high_interaction,balanced_persona_mix,positive_leaning,1,4,300,15,285,12,1,9,2,0,3,0.6667,0.6667,0.3333,0.75,4,8,3,t1_e14,0.5,0.4968,0.5957,0.4916
combined_supplement,influenza_a,high_interaction,balanced_persona_mix,negative_leaning,1,5,300,15,285,14,2,8,4,0,1,1.0,1.0,1.0,0.7,0,14,2,t1_e11,0.8939775910364145,0.5429,0.705,0.5344
combined_supplement,influenza_a,high_interaction,balanced_persona_mix,positive_leaning,1,5,300,15,285,13,7,4,2,0,2,0.6667,0.6154,0.2308,2.6667,5,8,2,t1_e14,0.5596304591265397,0.5007,0.5551,0.4979
combined_supplement,influenza_a,high_interaction,balanced_persona_mix,positive_leaning,1,6,300,15,285,12,2,6,4,0,3,0.8667,0.8333,0.6667,1.4667,2,10,2,t1_e14,0.6436842105263157,0.5062,0.6489,0.4986
combined_supplement,influenza_a,high_interaction,balanced_persona_mix,positive_leaning,1,7,300,15,285,15,6,6,3,0,0,0.7333,0.7333,0.4667,1.6923,4,11,2,t1_e14,0.6805283757338552,0.5109,0.6574,0.5032
combined_supplement,influenza_a,high_interaction,balanced_persona_mix,positive_leaning,1,8,300,15,285,12,2,6,4,0,3,0.9333,0.9167,0.8333,1.0667,1,11,2,t1_e14,0.658618997281788,0.5161,0.7167,0.5055
combined_supplement,influenza_a,high_interaction,balanced_persona_mix,positive_leaning,1,9,300,15,285,12,3,7,2,0,3,0.8667,0.8333,0.6667,1.2667,2,10,2,t1_e14,0.698087290068422,0.5212,0.7662,0.5083
combined_supplement,influenza_a,high_interaction,balanced_persona_mix,positive_leaning,1,10,300,15,285,13,5,3,5,0,2,0.9333,0.9231,0.8462,1.0,1,12,2,t1_e14,0.7084389400921658,0.527,0.7577,0.5148
combined_supplement,influenza_a,high_interaction,balanced_persona_mix,positive_leaning,1,11,300,15,285,13,5,5,3,0,2,0.9333,1.0,1.0,0.9333,0,13,2,t1_e14,0.7251908396946565,0.5325,0.7924,0.5188
combined_supplement,influenza_a,high_interaction,balanced_persona_mix,positive_leaning,1,12,300,15,285,13,3,5,5,0,2,0.8,0.7692,0.5385,1.0667,3,10,2,t1_e14,0.7506868131868132,0.5373,0.8231,0.5223
combined_supplement,influenza_a,high_interaction,balanced_persona_mix,positive_leaning,1,13,300,15,285,15,6,6,3,0,0,0.9333,0.9333,0.8667,0.7333,1,14,2,t1_e14,0.7452370742465082,0.542,0.84,0.5263
combined_supplement,influenza_a,high_interaction,balanced_persona_mix,positive_leaning,1,14,300,15,285,15,5,10,0,0,0,0.7333,0.7333,0.4667,1.2,4,11,2,t1_e14,0.7575415164288254,0.5462,0.8427,0.5306
combined_supplement,influenza_a,high_interaction,balanced_persona_mix,positive_leaning,1,15,300,15,285,12,0,6,6,0,3,0.8667,0.9167,0.8333,0.8667,1,11,2,t1_e14,0.7527906624640415,0.5506,0.8743,0.5335
combined_supplement,influenza_a,high_interaction,balanced_persona_mix,negative_leaning,2,1,300,15,285,15,15,0,0,0,0,0.7333,0.7333,0.4667,,4,11,4,seed_4,,0.5077,0.5824,0.5037
combined_supplement,influenza_a,high_interaction,balanced_persona_mix,positive_leaning,2,1,300,15,285,15,15,0,0,0,0,0.7333,0.7333,0.4667,,4,11,4,seed_4,,0.4878,0.5619,0.4839
combined_supplement,influenza_a,high_interaction,balanced_persona_mix,negative_leaning,2,2,300,15,285,13,8,2,3,0,2,1.0,1.0,1.0,0.0,0,13,5,t1_e9,1.0,0.5192,0.6527,0.5122
combined_supplement,influenza_a,high_interaction,balanced_persona_mix,positive_leaning,2,2,300,15,285,14,7,5,2,0,1,0.7333,0.7143,0.4286,0.0,4,10,5,t1_e9,0.6,0.4926,0.5673,0.4887
combined_supplement,influenza_a,high_interaction,balanced_persona_mix,negative_leaning,2,3,300,15,285,15,6,7,2,0,0,1.0,1.0,1.0,1.25,0,15,3,t1_e11,1.0,0.5307,0.6558,0.5241
combined_supplement,influenza_a,high_interaction,balanced_persona_mix,positive_leaning,2,3,300,15,285,15,4,7,4,0,0,0.9333,0.9333,0.8667,1.0,1,14,3,t1_e15,0.696969696969697,0.5001,0.6007,0.4948
combined_supplement,influenza_a,high_interaction,balanced_persona_mix,negative_leaning,2,4,300,15,285,13,5,4,4,0,2,1.0,1.0,1.0,1.0,0,13,3,t1_e11,1.0,0.5416,0.6971,0.5334
combined_supplement,influenza_a,high_interaction,balanced_persona_mix,positive_leaning,2,4,300,15,285,13,2,8,3,0,2,1.0,1.0,1.0,1.375,0,13,3,t1_e15,0.8067632850241546,0.5089,0.636,0.5022
combined_supplement,influenza_a,high_interaction,balanced_persona_mix,negative_leaning,2,5,300,15,285,14,6,8,0,0,1,1.0,1.0,1.0,1.0,0,14,3,t1_e11,1.0,0.5527,0.7073,0.5446
combined_supplement,influenza_a,high_interaction,balanced_persona_mix,positive_leaning,2,5,300,15,285,15,2,8,5,0,0,1.0,1.0,1.0,1.1,0,15,3,t1_e15,0.8757009345794393,0.5183,0.6829,0.5097
combined_supplement,influenza_a,high_interaction,balanced_persona_mix,negative_leaning,3,1,300,15,285,15,15,0,0,0,0,0.6667,0.6667,0.3333,,5,10,4,seed_4,,0.5056,0.5696,0.5022
combined_supplement,influenza_a,high_interaction,balanced_persona_mix,positive_leaning,3,1,300,15,285,15,15,0,0,0,0,0.6667,0.6667,0.3333,,5,10,4,seed_4,,0.4857,0.5492,0.4823
combined_supplement,influenza_a,high_interaction,balanced_persona_mix,negative_leaning,3,2,300,15,285,11,5,6,0,0,4,1.0,1.0,1.0,1.0,0,11,5,t1_e9,1.0,0.5168,0.6438,0.5101
combined_supplement,influenza_a,high_interaction,balanced_persona_mix,positive_leaning,3,2,300,15,285,13,5,7,1,0,2,0.2,0.8462,-0.6923,1.6667,11,2,5,t1_e15,0.6,0.4861,0.489,0.4859
combined_supplement,influenza_a,high_interaction,balanced_persona_mix,negative_leaning,3,3,300,15,285,15,6,7,2,0,0,1.0,1.0,1.0,1.25,0,15,4,t1_e11,1.0,0.528,0.6544,0.5214
combined_supplement,influenza_a,high_interaction,balanced_persona_mix,positive_leaning,3,3,300,15,285,15,7,7,1,0,0,0.6667,0.6667,0.3333,0.6667,5,10,3,t1_e11,0.3538461538461538,0.4867,0.5905,0.4813
combined_supplement,influenza_a,high_interaction,balanced_persona_mix,negative_leaning,3,4,300,15,285,15,1,10,4,0,0,1.0,1.0,1.0,1.3636,0,15,4,t1_e5,1.0,0.5392,0.7085,0.5303
combined_supplement,influenza_a,high_interaction,balanced_persona_mix,positive_leaning,3,4,300,15,285,12,2,6,4,0,3,0.3333,0.6667,-0.3333,0.6,8,4,3,t1_e13,0.4145805884936319,0.4862,0.5216,0.4843
combined_supplement,influenza_a,high_interaction,balanced_persona_mix,negative_leaning,3,5,300,15,285,15,0,9,6,0,0,1.0,1.0,1.0,0.625,0,15,4,t1_e5,1.0,0.55,0.7209,0.541
combined_supplement,influenza_a,high_interaction,balanced_persona_mix,positive_leaning,3,5,300,15,285,13,1,5,7,0,2,0.4667,0.5385,0.0769,1.25,6,7,2,t1_e13,0.4148351648351648,0.4862,0.5669,0.482
combined_supplement,influenza_a,high_interaction,balanced_persona_mix,positive_leaning,3,6,300,15,285,14,3,10,1,0,1,0.4,0.5714,-0.1429,1.0714,8,6,2,t1_e11,0.4527994791666666,0.4861,0.5423,0.4831
combined_supplement,influenza_a,high_interaction,balanced_persona_mix,positive_leaning,3,7,300,15,285,14,2,12,0,0,1,0.8,0.7857,0.5714,1.0,3,11,2,t1_e11,0.4289215686274509,0.4875,0.6463,0.4792
combined_supplement,influenza_a,high_interaction,balanced_persona_mix,positive_leaning,3,8,300,15,285,14,2,10,2,0,1,0.5333,0.5714,0.1429,1.0667,6,8,2,t1_e11,0.5127688690154961,0.4884,0.5499,0.4852
combined_supplement,influenza_a,high_interaction,balanced_persona_mix,positive_leaning,3,9,300,15,285,13,2,10,1,0,2,0.8667,0.8462,0.6923,1.2,2,11,2,t1_e13,0.5229594832648268,0.4922,0.6685,0.4829
combined_supplement,influenza_a,high_interaction,balanced_persona_mix,positive_leaning,3,10,300,15,285,14,0,10,4,0,1,0.8,0.7857,0.5714,0.8667,3,11,2,t1_e11,0.5600430246949962,0.4953,0.6735,0.4859
combined_supplement,influenza_a,high_interaction,balanced_persona_mix,positive_leaning,3,11,300,15,285,14,4,8,2,0,1,0.6667,0.6429,0.2857,1.2667,5,9,2,t1_e11,0.5917228428351309,0.4978,0.6463,0.49
combined_supplement,influenza_a,high_interaction,balanced_persona_mix,positive_leaning,3,12,300,15,285,15,6,7,2,0,0,0.8667,0.8667,0.7333,0.8,2,13,2,t1_e11,0.6011832239925023,0.5016,0.7136,0.4904
combined_supplement,influenza_a,high_interaction,balanced_persona_mix,positive_leaning,3,13,300,15,285,14,7,7,0,0,1,0.9333,1.0,1.0,1.4667,0,14,2,t1_e11,0.6165546964127265,0.5063,0.7179,0.4952
combined_supplement,influenza_a,high_interaction,balanced_persona_mix,positive_leaning,3,14,300,15,285,15,6,8,1,0,0,1.0,1.0,1.0,1.0,0,15,2,t1_e11,0.6367410714285714,0.5109,0.7818,0.4967
combined_supplement,influenza_a,high_interaction,balanced_persona_mix,positive_leaning,3,15,300,15,285,15,4,11,0,0,0,1.0,1.0,1.0,1.1333,0,15,2,t1_e11,0.6612638312586446,0.5164,0.7905,0.502
combined_supplement,influenza_a,high_interaction,balanced_persona_mix,negative_leaning,4,1,300,15,285,15,15,0,0,0,0,0.8,0.8,0.6,,3,12,4,seed_4,,0.509,0.586,0.5049
combined_supplement,influenza_a,high_interaction,balanced_persona_mix,positive_leaning,4,1,300,15,285,15,15,0,0,0,0,0.8,0.8,0.6,,3,12,4,seed_4,,0.4891,0.5684,0.4849
combined_supplement,influenza_a,high_interaction,balanced_persona_mix,negative_leaning,4,2,300,15,285,9,6,3,0,0,6,1.0,1.0,1.0,0.0,0,9,5,t1_e15,1.0,0.5202,0.6376,0.514
combined_supplement,influenza_a,high_interaction,balanced_persona_mix,positive_leaning,4,2,300,15,285,13,9,3,1,0,2,1.0,1.0,1.0,0.0,0,13,5,t1_e15,1.0,0.5005,0.6259,0.4939
combined_supplement,influenza_a,high_interaction,balanced_persona_mix,negative_leaning,4,3,300,15,285,15,4,10,1,0,0,1.0,1.0,1.0,0.6667,0,15,2,t1_e13,1.0,0.5311,0.6699,0.5238
combined_supplement,influenza_a,high_interaction,balanced_persona_mix,positive_leaning,4,3,300,15,285,14,6,6,2,0,1,0.9333,0.9286,0.8571,0.4,1,13,2,t1_e10,1.0,0.5113,0.6443,0.5043
combined_supplement,influenza_a,high_interaction,balanced_persona_mix,negative_leaning,4,4,300,15,285,13,3,7,3,0,2,1.0,1.0,1.0,1.2,0,13,2,t1_e13,1.0,0.5421,0.6739,0.5352
combined_supplement,influenza_a,high_interaction,balanced_persona_mix,positive_leaning,4,4,300,15,285,13,2,7,4,0,2,1.0,1.0,1.0,0.1667,0,13,1,t1_e10,1.0,0.5222,0.6722,0.5143
combined_supplement,influenza_a,high_interaction,balanced_persona_mix,negative_leaning,4,5,300,15,285,14,0,9,5,0,1,1.0,1.0,1.0,0.3636,0,14,1,t1_e13,1.0,0.5527,0.7466,0.5425
combined_supplement,influenza_a,high_interaction,balanced_persona_mix,positive_leaning,4,5,300,15,285,15,0,9,6,0,0,1.0,1.0,1.0,1.1,0,15,1,t1_e10,1.0,0.5329,0.7114,0.5235
combined_supplement,influenza_a,high_interaction,balanced_persona_mix,negative_leaning,5,1,300,15,285,15,15,0,0,0,0,0.6667,0.6667,0.3333,,5,10,4,seed_4,,0.5072,0.5737,0.5037
combined_supplement,influenza_a,high_interaction,balanced_persona_mix,positive_leaning,5,1,300,15,285,15,15,0,0,0,0,0.7333,0.7333,0.4667,,4,11,4,seed_4,,0.4878,0.5639,0.4838
combined_supplement,influenza_a,high_interaction,balanced_persona_mix,negative_leaning,5,2,300,15,285,13,5,7,1,0,2,0.9333,0.9231,0.8462,4.0,1,12,5,t1_e15,0.8,0.5157,0.6057,0.511
combined_supplement,influenza_a,high_interaction,balanced_persona_mix,positive_leaning,5,2,300,15,285,14,7,5,2,0,1,0.6,0.6429,0.2857,0.0,5,9,5,t1_e15,0.6,0.4918,0.5337,0.4896
combined_supplement,influenza_a,high_interaction,balanced_persona_mix,negative_leaning,5,3,300,15,285,15,6,8,1,0,0,0.9333,0.9333,0.8667,1.3333,1,14,3,t1_e14,0.9025641025641028,0.5252,0.6567,0.5183
combined_supplement,influenza_a,high_interaction,balanced_persona_mix,positive_leaning,5,3,300,15,285,15,6,8,1,0,0,0.6667,0.6667,0.3333,0.5,5,10,3,t1_e12,0.7045454545454546,0.4971,0.5889,0.4923
combined_supplement,influenza_a,high_interaction,balanced_persona_mix,negative_leaning,5,4,300,15,285,15,1,8,6,0,0,1.0,1.0,1.0,1.0,0,15,3,t1_e14,0.9018264840182648,0.5349,0.6901,0.5267
combined_supplement,influenza_a,high_interaction,balanced_persona_mix,positive_leaning,5,4,300,15,285,13,1,6,6,0,2,0.9333,0.9231,0.8462,1.1111,1,12,3,t1_e12,0.6318407960199005,0.5032,0.631,0.4965
combined_supplement,influenza_a,high_interaction,balanced_persona_mix,negative_leaning,5,5,300,15,285,15,2,10,3,0,0,1.0,1.0,1.0,1.1,0,15,3,t1_e14,0.9411144411144412,0.5445,0.7273,0.5348
combined_supplement,influenza_a,high_interaction,balanced_persona_mix,positive_leaning,5,5,300,15,285,13,4,4,5,0,2,0.9333,0.9231,0.8462,0.7778,1,12,3,t1_e12,0.7746395998823185,0.5104,0.6503,0.503
combined_supplement,influenza_a,high_interaction,balanced_persona_mix,positive_leaning,5,6,300,15,285,13,4,7,2,0,2,0.7333,0.8462,0.6923,0.6429,2,11,3,t1_e12,0.7982558139534883,0.5167,0.6607,0.5091
combined_supplement,influenza_a,high_interaction,balanced_persona_mix,positive_leaning,5,7,300,15,285,13,3,7,3,0,2,0.8,0.7692,0.5385,0.4667,3,10,3,t1_e12,0.7940669578868337,0.5232,0.7187,0.5129
combined_supplement,influenza_a,high_interaction,balanced_persona_mix,positive_leaning,5,8,300,15,285,12,0,6,6,0,3,0.8667,0.8333,0.6667,0.9333,2,10,3,t1_e12,0.7776886743485933,0.5297,0.7421,0.5185
combined_supplement,influenza_a,high_interaction,balanced_persona_mix,positive_leaning,5,9,300,15,285,13,3,6,4,0,2,0.7333,0.7692,0.5385,0.8667,3,10,3,t1_e12,0.786123397536441,0.5354,0.7563,0.5238
combined_supplement,influenza_a,high_interaction,balanced_persona_mix,positive_leaning,5,10,300,15,285,14,1,9,4,0,1,0.8,0.7857,0.5714,1.1333,3,11,3,t1_e12,0.7730875002989214,0.5409,0.7951,0.5275
combined_supplement,influenza_a,high_interaction,balanced_persona_mix,positive_leaning,5,11,300,15,285,14,5,5,4,0,1,0.8667,0.8571,0.7143,0.8,2,12,3,t1_e12,0.771891092189395,0.5468,0.8366,0.5315
combined_supplement,influenza_a,high_interaction,balanced_persona_mix,positive_leaning,5,12,300,15,285,13,6,4,3,0,2,0.8667,0.8462,0.6923,1.2667,2,11,3,t1_e12,0.7831586790075596,0.5518,0.827,0.5373
combined_supplement,influenza_a,high_interaction,balanced_persona_mix,positive_leaning,5,13,300,15,285,11,1,6,4,0,4,1.0,1.0,1.0,0.8667,0,11,3,t1_e12,0.7782755735523048,0.5571,0.9016,0.539
combined_supplement,influenza_a,high_interaction,balanced_persona_mix,positive_leaning,5,14,300,15,285,14,2,10,2,0,1,0.9333,0.9286,0.8571,1.1333,1,13,3,t1_e12,0.7979101847374508,0.5623,0.8961,0.5447
combined_supplement,influenza_a,high_interaction,balanced_persona_mix,positive_leaning,5,15,300,15,285,15,2,11,2,0,0,0.9333,0.9333,0.8667,0.7333,1,14,3,t1_e12,0.8082178598922247,0.5668,0.9077,0.5489
combined_supplement,influenza_a,high_interaction,balanced_persona_mix,negative_leaning,6,1,300,15,285,15,15,0,0,0,0,0.6667,0.6667,0.3333,,5,10,4,seed_4,,0.5056,0.5711,0.5021
combined_supplement,influenza_a,high_interaction,balanced_persona_mix,positive_leaning,6,1,300,15,285,15,15,0,0,0,0,0.6667,0.6667,0.3333,,5,10,4,seed_4,,0.4857,0.553,0.4821
combined_supplement,influenza_a,high_interaction,balanced_persona_mix,negative_leaning,6,2,300,15,285,15,6,6,3,0,0,1.0,1.0,1.0,1.6667,0,15,5,t1_e9,0.8,0.5145,0.6298,0.5085
combined_supplement,influenza_a,high_interaction,balanced_persona_mix,positive_leaning,6,2,300,15,285,13,6,6,1,0,2,0.5333,0.5385,0.0769,0.0,6,7,5,t1_e9,0.8,0.4912,0.5324,0.489
combined_supplement,influenza_a,high_interaction,balanced_persona_mix,negative_leaning,6,3,300,15,285,15,9,5,1,0,0,0.9333,0.9333,0.8667,2.6667,1,14,2,t1_e14,0.9087301587301586,0.5246,0.6276,0.5192
combined_supplement,influenza_a,high_interaction,balanced_persona_mix,positive_leaning,6,3,300,15,285,15,5,7,3,0,0,0.6,0.6,0.2,0.3,6,9,2,t1_e10,0.4578125,0.4932,0.5917,0.488
combined_supplement,influenza_a,high_interaction,balanced_persona_mix,negative_leaning,6,4,300,15,285,14,2,7,5,0,1,1.0,1.0,1.0,0.5455,0,14,2,t1_e14,0.9410919540229884,0.5349,0.71,0.5257
combined_supplement,influenza_a,high_interaction,balanced_persona_mix,positive_leaning,6,4,300,15,285,14,0,8,6,0,1,0.7333,0.7143,0.4286,1.0,4,10,2,t1_e14,0.5215220385674931,0.4963,0.5991,0.4909
combined_supplement,influenza_a,high_interaction,balanced_persona_mix,negative_leaning,6,5,300,15,285,15,6,3,6,0,0,1.0,1.0,1.0,0.5714,0,15,2,t1_e14,0.9641927083333334,0.5455,0.695,0.5376
combined_supplement,influenza_a,high_interaction,balanced_persona_mix,positive_leaning,6,5,300,15,285,12,6,4,2,0,3,0.8667,0.9167,0.8333,1.3333,1,11,2,t1_e14,0.6069719753930279,0.5023,0.5994,0.4972
combined_supplement,influenza_a,high_interaction,balanced_persona_mix,positive_leaning,6,6,300,15,285,15,6,6,3,0,0,0.8,0.8,0.6,1.2667,3,12,2,t1_e14,0.6415384615384616,0.5071,0.6715,0.4984
combined_supplement,influenza_a,high_interaction,balanced_persona_mix,positive_leaning,6,7,300,15,285,13,2,6,5,0,2,0.8667,0.8462,0.6923,0.7333,2,11,2,t1_e14,0.6881522770398483,0.5127,0.6791,0.504
combined_supplement,influenza_a,high_interaction,balanced_persona_mix,positive_leaning,6,8,300,15,285,14,2,3,9,0,1,0.8667,0.8571,0.7143,0.9333,2,12,2,t1_e14,0.7125949538795443,0.5185,0.7089,0.5085
combined_supplement,influenza_a,high_interaction,balanced_persona_mix,positive_leaning,6,9,300,15,285,12,3,5,4,0,3,0.8,0.8333,0.6667,0.5333,2,10,2,t1_e14,0.7315966945288755,0.5235,0.7541,0.5114
combined_supplement,influenza_a,high_interaction,balanced_persona_mix,positive_leaning,6,10,300,15,285,13,4,6,3,0,2,0.8,0.7692,0.5385,0.6,3,10,2,t1_e14,0.7367532467532468,0.5287,0.7241,0.5185
combined_supplement,influenza_a,high_interaction,balanced_persona_mix,positive_leaning,6,11,300,15,285,15,3,11,1,0,0,0.7333,0.7333,0.4667,1.0,4,11,2,t1_e14,0.7405502299119321,0.5331,0.7908,0.5196
combined_supplement,influenza_a,high_interaction,balanced_persona_mix,positive_leaning,6,12,300,15,285,13,0,8,5,0,2,0.8667,0.8462,0.6923,0.5333,2,11,2,t1_e14,0.7304514104338695,0.5378,0.769,0.5257
combined_supplement,influenza_a,high_interaction,balanced_persona_mix,positive_leaning,6,13,300,15,285,13,5,7,1,0,2,0.8667,0.8462,0.6923,0.8,2,11,2,t1_e14,0.7434428209787711,0.5428,0.845,0.5269
combined_supplement,influenza_a,high_interaction,balanced_persona_mix,positive_leaning,6,14,300,15,285,13,5,4,4,0,2,1.0,1.0,1.0,0.9333,0,13,2,t1_e14,0.7431281920326864,0.5485,0.8382,0.5332
combined_supplement,influenza_a,high_interaction,balanced_persona_mix,positive_leaning,6,15,300,15,285,15,3,7,5,0,0,0.7333,0.7333,0.4667,0.2667,4,11,2,t1_e14,0.7586927223719677,0.5526,0.8238,0.5383
combined_supplement,influenza_a,high_interaction,balanced_persona_mix,negative_leaning,7,1,300,15,285,15,15,0,0,0,0,0.6667,0.6667,0.3333,,5,10,4,seed_4,,0.5055,0.5711,0.502
combined_supplement,influenza_a,high_interaction,balanced_persona_mix,positive_leaning,7,1,300,15,285,15,15,0,0,0,0,0.7333,0.7333,0.4667,,4,11,4,seed_4,,0.486,0.5577,0.4823
combined_supplement,influenza_a,high_interaction,balanced_persona_mix,negative_leaning,7,2,300,15,285,13,8,5,0,0,2,0.6,0.6923,0.3846,0.3333,4,9,5,t1_e7,0.8,0.5121,0.5869,0.5081
combined_supplement,influenza_a,high_interaction,balanced_persona_mix,positive_leaning,7,2,300,15,285,12,5,5,2,0,3,0.4667,0.5833,-0.1667,0.25,7,5,5,t1_e15,0.8,0.4913,0.5497,0.4883
combined_supplement,influenza_a,high_interaction,balanced_persona_mix,negative_leaning,7,3,300,15,285,14,5,9,0,0,1,0.8,0.7857,0.5714,1.4,3,11,2,t1_e14,0.7192307692307693,0.5185,0.6046,0.514
combined_supplement,influenza_a,high_interaction,balanced_persona_mix,positive_leaning,7,3,300,15,285,14,1,11,2,0,1,0.4667,0.5714,-0.1429,0.2,8,6,3,t1_e14,0.6212121212121212,0.4941,0.5522,0.4911
combined_supplement,influenza_a,high_interaction,balanced_persona_mix,negative_leaning,7,4,300,15,285,15,1,10,4,0,0,0.5333,0.5333,0.0667,0.4,7,8,2,t1_e14,0.6877584780810587,0.5226,0.5822,0.5194
combined_supplement,influenza_a,high_interaction,balanced_persona_mix,positive_leaning,7,4,300,15,285,12,3,7,2,0,3,0.4,0.75,-0.5,1.0,9,3,3,t1_e13,0.5288065843621399,0.495,0.5593,0.4916
combined_supplement,influenza_a,high_interaction,balanced_persona_mix,negative_leaning,7,5,300,15,285,14,4,6,4,0,1,0.5333,0.5,0.0,0.9167,7,7,2,t1_e14,0.6,0.5249,0.6235,0.5197
combined_supplement,influenza_a,high_interaction,balanced_persona_mix,positive_leaning,7,5,300,15,285,15,7,7,1,0,0,0.4667,0.5333,-0.0667,1.3,8,7,2,t1_e13,0.4359276729559748,0.4949,0.5885,0.49
combined_supplement,influenza_a,high_interaction,balanced_persona_mix,negative_leaning,7,6,300,15,285,13,1,7,5,0,2,0.3333,0.6154,-0.2308,1.5333,8,5,2,t1_e14,0.6279342723004695,0.526,0.6271,0.5207
combined_supplement,influenza_a,high_interaction,balanced_persona_mix,positive_leaning,7,6,300,15,285,15,6,9,0,0,0,0.4667,0.5333,-0.0667,0.7333,8,7,2,t1_e13,0.4767156862745098,0.495,0.6126,0.4888
combined_supplement,influenza_a,high_interaction,balanced_persona_mix,negative_leaning,7,7,300,15,285,14,6,6,2,0,1,0.5333,0.5,0.0,0.9333,7,7,2,t1_e14,0.5805152979066023,0.528,0.6457,0.5218
combined_supplement,influenza_a,high_interaction,balanced_persona_mix,positive_leaning,7,7,300,15,285,15,8,7,0,0,0,0.4,0.6,-0.2,0.6,9,6,2,t1_e13,0.4930024916943522,0.4943,0.5801,0.4898
combined_supplement,influenza_a,high_interaction,balanced_persona_mix,negative_leaning,7,8,300,15,285,13,1,7,5,0,2,0.4,0.6923,-0.3846,1.1333,9,4,2,t1_e14,0.570987974289861,0.5288,0.6016,0.5249
combined_supplement,influenza_a,high_interaction,balanced_persona_mix,positive_leaning,7,8,300,15,285,14,7,6,1,0,1,0.2,0.7857,-0.5714,0.8667,11,3,2,t1_e13,0.483125,0.4936,0.5369,0.4913
combined_supplement,influenza_a,high_interaction,balanced_persona_mix,negative_leaning,7,9,300,15,285,13,4,6,3,0,2,0.6667,0.6154,0.2308,1.1333,5,8,2,t1_e14,0.5323505762530153,0.5302,0.6978,0.5213
combined_supplement,influenza_a,high_interaction,balanced_persona_mix,positive_leaning,7,9,300,15,285,14,7,7,0,0,1,0.6667,0.6429,0.2857,0.8,5,9,2,t1_e13,0.4596564289432587,0.4952,0.6677,0.4861
combined_supplement,influenza_a,high_interaction,balanced_persona_mix,negative_leaning,7,10,300,15,285,13,3,8,2,0,2,0.4,0.5385,-0.0769,0.8,7,6,2,t1_e14,0.5471294275642101,0.5311,0.5916,0.528
combined_supplement,influenza_a,high_interaction,balanced_persona_mix,positive_leaning,7,10,300,15,285,13,5,8,0,0,2,0.4667,0.5385,-0.0769,1.1333,7,6,2,t1_e13,0.4864873350161374,0.4952,0.5204,0.4939
combined_supplement,influenza_a,high_interaction,balanced_persona_mix,negative_leaning,7,11,300,15,285,11,3,7,1,0,4,0.2667,0.8182,-0.6364,1.0,9,2,2,t1_e14,0.5417811355311355,0.5306,0.6556,0.524
combined_supplement,influenza_a,high_interaction,balanced_persona_mix,positive_leaning,7,11,300,15,285,15,7,8,0,0,0,0.5333,0.5333,0.0667,0.4667,7,8,2,t1_e13,0.4872627372627373,0.4957,0.6441,0.4879
combined_supplement,influenza_a,high_interaction,balanced_persona_mix,negative_leaning,7,12,300,15,285,14,3,8,3,0,1,0.6,0.6429,0.2857,0.9333,5,9,2,t1_e14,0.517664353190669,0.5322,0.6924,0.5237
combined_supplement,influenza_a,high_interaction,balanced_persona_mix,positive_leaning,7,12,300,15,285,15,6,8,1,0,0,0.4,0.6,-0.2,0.9333,9,6,2,t1_e13,0.4885036526579092,0.4954,0.5493,0.4926
combined_supplement,influenza_a,high_interaction,balanced_persona_mix,negative_leaning,7,13,300,15,285,13,3,9,1,0,2,0.3333,0.7692,-0.5385,0.6667,10,3,2,t1_e14,0.5293988648090815,0.532,0.5545,0.5308
combined_supplement,influenza_a,high_interaction,balanced_persona_mix,positive_leaning,7,13,300,15,285,15,7,8,0,0,0,0.7333,0.7333,0.4667,0.8667,4,11,2,t1_e13,0.484075956937799,0.4968,0.6575,0.4883
combined_supplement,influenza_a,high_interaction,balanced_persona_mix,negative_leaning,7,14,300,15,285,15,4,8,3,0,0,0.5333,0.5333,0.0667,0.6,7,8,2,t1_e14,0.5020078605604922,0.532,0.7243,0.5219
combined_supplement,influenza_a,high_interaction,balanced_persona_mix,positive_leaning,7,14,300,15,285,15,5,10,0,0,0,0.4,0.6,-0.2,0.4,9,6,2,t1_e13,0.4854368179563492,0.4965,0.5213,0.4952
combined_supplement,influenza_a,high_interaction,balanced_persona_mix,negative_leaning,7,15,300,15,285,13,2,7,4,0,2,0.3333,0.6923,-0.3846,1.0,9,4,2,t1_e14,0.5056295464270432,0.5317,0.5754,0.5295
combined_supplement,influenza_a,high_interaction,balanced_persona_mix,positive_leaning,7,15,300,15,285,15,5,9,1,0,0,0.6,0.6,0.2,0.9333,6,9,2,t1_e13,0.4597158967685968,0.4968,0.6779,0.4872
combined_supplement,influenza_a,high_interaction,balanced_persona_mix,negative_leaning,8,1,300,15,285,15,15,0,0,0,0,0.6667,0.6667,0.3333,,5,10,4,seed_4,,0.5063,0.5704,0.5029
combined_supplement,influenza_a,high_interaction,balanced_persona_mix,positive_leaning,8,1,300,15,285,15,15,0,0,0,0,0.7333,0.7333,0.4667,,4,11,4,seed_4,,0.4868,0.5563,0.4831
combined_supplement,influenza_a,high_interaction,balanced_persona_mix,negative_leaning,8,2,300,15,285,14,8,5,1,0,1,1.0,1.0,1.0,0.0,0,14,5,t1_e9,1.0,0.5181,0.6361,0.5119
combined_supplement,influenza_a,high_interaction,balanced_persona_mix,positive_leaning,8,2,300,15,285,12,4,6,2,0,3,0.4667,0.5833,-0.1667,2.0,7,5,5,t1_e15,0.8,0.4923,0.5327,0.4901
combined_supplement,influenza_a,high_interaction,balanced_persona_mix,negative_leaning,8,3,300,15,285,15,6,8,1,0,0,1.0,1.0,1.0,1.0,0,15,2,t1_e10,1.0,0.5295,0.6582,0.5228
combined_supplement,influenza_a,high_interaction,balanced_persona_mix,positive_leaning,8,3,300,15,285,14,5,9,0,0,1,0.8667,0.9231,0.8462,1.2727,1,12,2,t1_e14,0.4427083333333333,0.4956,0.6311,0.4884
combined_supplement,influenza_a,high_interaction,balanced_persona_mix,negative_leaning,8,4,300,15,285,14,4,8,2,0,1,1.0,1.0,1.0,0.875,0,14,2,t1_e10,1.0,0.5406,0.6904,0.5327
combined_supplement,influenza_a,high_interaction,balanced_persona_mix,positive_leaning,8,4,300,15,285,14,5,5,4,0,1,0.8667,0.8571,0.7143,2.4286,2,12,2,t1_e14,0.6686274509803921,0.502,0.5774,0.498
combined_supplement,influenza_a,high_interaction,balanced_persona_mix,negative_leaning,8,5,300,15,285,15,5,8,2,0,0,1.0,1.0,1.0,1.0,0,15,2,t1_e10,1.0,0.551,0.7125,0.5425
combined_supplement,influenza_a,high_interaction,balanced_persona_mix,positive_leaning,8,5,300,15,285,15,2,8,5,0,0,1.0,1.0,1.0,0.875,0,15,2,t1_e14,0.7450396825396824,0.5093,0.6778,0.5004
combined_supplement,influenza_a,high_interaction,balanced_persona_mix,positive_leaning,8,6,300,15,285,14,1,10,3,0,1,0.8667,0.8571,0.7143,1.0,2,12,2,t1_e14,0.8272946859903382,0.5168,0.6679,0.5089
combined_supplement,influenza_a,high_interaction,balanced_persona_mix,positive_leaning,8,7,300,15,285,14,1,10,3,0,1,1.0,1.0,1.0,0.9286,0,14,2,t1_e14,0.8321536905965622,0.5253,0.7353,0.5143
combined_supplement,influenza_a,high_interaction,balanced_persona_mix,positive_leaning,8,8,300,15,285,14,0,6,8,0,1,0.9333,0.9286,0.8571,0.4667,1,13,2,t1_e14,0.8663241106719367,0.5333,0.7711,0.5208
combined_supplement,influenza_a,high_interaction,balanced_persona_mix,positive_leaning,8,9,300,15,285,15,1,9,5,0,0,1.0,1.0,1.0,0.4,0,15,2,t1_e14,0.8766424288812349,0.5414,0.8164,0.5269
combined_supplement,influenza_a,high_interaction,balanced_persona_mix,negative_leaning,9,1,300,15,285,15,15,0,0,0,0,0.6667,0.6667,0.3333,,5,10,4,seed_4,,0.5069,0.5702,0.5036
combined_supplement,influenza_a,high_interaction,balanced_persona_mix,positive_leaning,9,1,300,15,285,15,15,0,0,0,0,0.7333,0.7333,0.4667,,4,11,4,seed_4,,0.4874,0.5561,0.4838
combined_supplement,influenza_a,high_interaction,balanced_persona_mix,negative_leaning,9,2,300,15,285,13,7,5,1,0,2,0.9333,0.9231,0.8462,2.0,1,12,5,t1_e8,0.8,0.5156,0.6186,0.5102
combined_supplement,influenza_a,high_interaction,balanced_persona_mix,positive_leaning,9,2,300,15,285,14,6,5,3,0,1,0.1333,0.8571,-0.7143,2.0,12,2,5,t1_e15,0.8,0.4905,0.4899,0.4905
combined_supplement,influenza_a,high_interaction,balanced_persona_mix,negative_leaning,9,3,300,15,285,15,3,12,0,0,0,0.9333,0.9333,0.8667,1.2,1,14,3,t1_e8,0.7768817204301075,0.5232,0.6346,0.5174
combined_supplement,influenza_a,high_interaction,balanced_persona_mix,positive_leaning,9,3,300,15,285,15,11,4,0,0,0,0.7333,0.7857,0.5714,0.8889,3,11,2,t1_e11,0.2901785714285714,0.491,0.5958,0.4855
combined_supplement,influenza_a,high_interaction,balanced_persona_mix,negative_leaning,9,4,300,15,285,14,2,10,2,0,1,1.0,1.0,1.0,0.875,0,14,3,t1_e10,0.8594032549728752,0.5324,0.666,0.5254
combined_supplement,influenza_a,high_interaction,balanced_persona_mix,positive_leaning,9,4,300,15,285,13,2,7,4,0,2,0.3333,0.7692,-0.5385,0.7778,10,3,2,t1_e11,0.2974537037037037,0.4879,0.5075,0.4869
combined_supplement,influenza_a,high_interaction,balanced_persona_mix,negative_leaning,9,5,300,15,285,15,3,9,3,0,0,1.0,1.0,1.0,1.1818,0,15,3,t1_e10,0.9116635397123202,0.5424,0.7178,0.5331
combined_supplement,influenza_a,high_interaction,balanced_persona_mix,positive_leaning,9,5,300,15,285,10,3,5,2,0,5,0.6667,0.7,0.4,1.1111,3,7,2,t1_e13,0.2904595404595405,0.4878,0.5387,0.4852
combined_supplement,influenza_a,high_interaction,balanced_persona_mix,positive_leaning,9,6,300,15,285,14,7,5,2,0,1,0.7333,0.7143,0.4286,0.8571,4,10,2,t1_e13,0.3571312540610786,0.4888,0.623,0.4818
combined_supplement,influenza_a,high_interaction,balanced_persona_mix,positive_leaning,9,7,300,15,285,15,5,7,3,0,0,0.6,0.6,0.2,1.1333,6,9,2,t1_e13,0.369949494949495,0.4898,0.5499,0.4866
combined_supplement,influenza_a,high_interaction,balanced_persona_mix,positive_leaning,9,8,300,15,285,12,4,6,2,0,3,0.6667,0.75,0.5,0.6,3,9,2,t1_e13,0.4176706827309236,0.4912,0.6209,0.4843
combined_supplement,influenza_a,high_interaction,balanced_persona_mix,positive_leaning,9,9,300,15,285,14,3,8,3,0,1,0.8,0.7857,0.5714,0.7333,3,11,2,t1_e13,0.449558173784978,0.4934,0.6444,0.4855
combined_supplement,influenza_a,high_interaction,balanced_persona_mix,positive_leaning,9,10,300,15,285,14,5,4,5,0,1,0.8,0.7857,0.5714,1.0,3,11,2,t1_e13,0.5103982712147969,0.4959,0.6801,0.4862
combined_supplement,influenza_a,high_interaction,balanced_persona_mix,positive_leaning,9,11,300,15,285,13,6,5,2,0,2,0.8,0.7692,0.5385,1.3333,3,10,2,t1_e13,0.5293429914855763,0.4989,0.6307,0.492
combined_supplement,influenza_a,high_interaction,balanced_persona_mix,positive_leaning,9,12,300,15,285,13,4,4,5,0,2,0.9333,0.9231,0.8462,0.6667,1,12,2,t1_e13,0.5450771798080934,0.5023,0.7544,0.4891
combined_supplement,influenza_a,high_interaction,balanced_persona_mix,positive_leaning,9,13,300,15,285,11,3,6,2,0,4,0.8667,0.9091,0.8182,0.7333,1,10,2,t1_e13,0.5768113465481887,0.5059,0.7354,0.4938
combined_supplement,influenza_a,high_interaction,balanced_persona_mix,positive_leaning,9,14,300,15,285,12,3,5,4,0,3,0.9333,1.0,1.0,0.6,0,12,2,t1_e13,0.6001316189126252,0.5095,0.7776,0.4954
combined_supplement,influenza_a,high_interaction,balanced_persona_mix,negative_leaning,10,1,300,15,285,15,15,0,0,0,0,0.8,0.8,0.6,,3,12,4,seed_4,,0.5072,0.5886,0.5029
combined_supplement,influenza_a,high_interaction,balanced_persona_mix,positive_leaning,10,1,300,15,285,15,15,0,0,0,0,0.7333,0.7333,0.4667,,4,11,4,seed_4,,0.4868,0.561,0.4829
combined_supplement,influenza_a,high_interaction,balanced_persona_mix,negative_leaning,10,2,300,15,285,15,5,5,5,0,0,0.9333,0.9333,0.8667,0.0,1,14,5,t1_e15,1.0,0.5184,0.6387,0.5121
combined_supplement,influenza_a,high_interaction,balanced_persona_mix,positive_leaning,10,2,300,15,285,14,4,6,4,0,1,1.0,1.0,1.0,0.0,0,14,5,t1_e9,1.0,0.4984,0.6193,0.492
combined_supplement,influenza_a,high_interaction,balanced_persona_mix,negative_leaning,10,3,300,15,285,15,7,8,0,0,0,1.0,1.0,1.0,1.8,0,15,2,t1_e10,0.90625,0.5286,0.6499,0.5223
combined_supplement,influenza_a,high_interaction,balanced_persona_mix,positive_leaning,10,3,300,15,285,14,2,12,0,0,1,0.9333,0.9286,0.8571,1.8333,1,13,3,t1_e10,1.0,0.5096,0.6302,0.5032
combined_supplement,influenza_a,high_interaction,balanced_persona_mix,negative_leaning,10,4,300,15,285,14,2,7,5,0,1,1.0,1.0,1.0,0.4,0,14,2,t1_e10,0.953125,0.5388,0.7226,0.5291
combined_supplement,influenza_a,high_interaction,balanced_persona_mix,positive_leaning,10,4,300,15,285,14,3,10,1,0,1,1.0,1.0,1.0,0.125,0,14,3,t1_e9,0.9528112449799196,0.5199,0.689,0.511
combined_supplement,influenza_a,high_interaction,balanced_persona_mix,negative_leaning,10,5,300,15,285,15,1,8,6,0,0,1.0,1.0,1.0,0.5,0,15,2,t1_e10,0.9705882352941176,0.549,0.7258,0.5397
combined_supplement,influenza_a,high_interaction,balanced_persona_mix,positive_leaning,10,5,300,15,285,15,1,8,6,0,0,1.0,1.0,1.0,0.5833,0,15,3,t1_e9,0.9685714285714286,0.5301,0.7247,0.5199
combined_supplement,mycoplasma_pneumonia,high_interaction,balanced_persona_mix,negative_leaning,1,1,300,15,285,15,15,0,0,0,0,0.8,0.8,0.6,,3,12,4,seed_4,,0.5054,0.5904,0.501
combined_supplement,mycoplasma_pneumonia,high_interaction,balanced_persona_mix,positive_leaning,1,1,300,15,285,15,15,0,0,0,0,0.7333,0.7333,0.4667,,4,11,4,seed_4,,0.4884,0.5637,0.4844
combined_supplement,mycoplasma_pneumonia,high_interaction,balanced_persona_mix,negative_leaning,1,2,300,15,285,14,4,5,5,0,1,0.9333,0.9286,0.8571,,1,13,5,t1_e15,1.0,0.5164,0.6194,0.511
combined_supplement,mycoplasma_pneumonia,high_interaction,balanced_persona_mix,positive_leaning,1,2,300,15,285,14,8,4,2,0,1,0.9333,0.9286,0.8571,3.0,1,13,5,t1_e15,0.8,0.4969,0.6036,0.4913
combined_supplement,mycoplasma_pneumonia,high_interaction,balanced_persona_mix,negative_leaning,1,3,300,15,285,15,1,11,3,0,0,1.0,1.0,1.0,1.6667,0,15,1,t1_e10,0.9,0.5264,0.6582,0.5195
combined_supplement,mycoplasma_pneumonia,high_interaction,balanced_persona_mix,positive_leaning,1,3,300,15,285,14,7,6,1,0,1,0.8667,0.8571,0.7143,1.0,2,12,2,t1_e14,0.7435897435897437,0.5042,0.6002,0.4991
combined_supplement,mycoplasma_pneumonia,high_interaction,balanced_persona_mix,negative_leaning,1,4,300,15,285,15,1,8,6,0,0,0.9333,0.9333,0.8667,1.5,1,14,1,t1_e10,0.9583333333333334,0.5363,0.6675,0.5294
combined_supplement,mycoplasma_pneumonia,high_interaction,balanced_persona_mix,positive_leaning,1,4,300,15,285,14,5,8,1,0,1,0.8667,0.7857,0.5714,1.0,3,11,2,t1_e14,0.8011363636363635,0.5119,0.6323,0.5056
combined_supplement,mycoplasma_pneumonia,high_interaction,balanced_persona_mix,negative_leaning,1,5,300,15,285,14,2,9,3,0,1,1.0,1.0,1.0,0.6667,0,14,1,t1_e10,0.9473684210526316,0.546,0.7443,0.5355
combined_supplement,mycoplasma_pneumonia,high_interaction,balanced_persona_mix,positive_leaning,1,5,300,15,285,15,7,8,0,0,0,1.0,1.0,1.0,0.875,0,15,2,t1_e14,0.794186046511628,0.5202,0.6622,0.5127
combined_supplement,mycoplasma_pneumonia,high_interaction,balanced_persona_mix,positive_leaning,1,6,300,15,285,15,4,9,2,0,0,0.9333,0.9333,0.8667,0.5,1,14,2,t1_e12,0.846927966101695,0.5282,0.712,0.5185
combined_supplement,mycoplasma_pneumonia,high_interaction,balanced_persona_mix,positive_leaning,1,7,300,15,285,15,8,6,1,0,0,1.0,1.0,1.0,0.5333,0,15,2,t1_e12,0.8648282097649186,0.537,0.7514,0.5258
combined_supplement,mycoplasma_pneumonia,high_interaction,balanced_persona_mix,negative_leaning,2,1,300,15,285,15,15,0,0,0,0,0.8,0.8,0.6,,3,12,4,seed_4,,0.5049,0.5865,0.5006
combined_supplement,mycoplasma_pneumonia,high_interaction,balanced_persona_mix,positive_leaning,2,1,300,15,285,15,15,0,0,0,0,0.8,0.8,0.6,,3,12,4,seed_4,,0.4883,0.5681,0.4841
combined_supplement,mycoplasma_pneumonia,high_interaction,balanced_persona_mix,negative_leaning,2,2,300,15,285,15,5,5,5,0,0,1.0,1.0,1.0,0.0,0,15,5,t1_e15,1.0,0.5165,0.6366,0.5102
combined_supplement,mycoplasma_pneumonia,high_interaction,balanced_persona_mix,positive_leaning,2,2,300,15,285,13,8,4,1,0,2,0.6,0.6154,0.2308,2.0,5,8,5,t1_e15,0.8,0.4945,0.5488,0.4916
combined_supplement,mycoplasma_pneumonia,high_interaction,balanced_persona_mix,negative_leaning,2,3,300,15,285,15,6,6,3,0,0,1.0,1.0,1.0,1.0,0,15,3,t1_e10,1.0,0.5275,0.6584,0.5206
combined_supplement,mycoplasma_pneumonia,high_interaction,balanced_persona_mix,positive_leaning,2,3,300,15,285,15,8,5,2,0,0,1.0,1.0,1.0,3.0,0,15,2,t1_e14,0.7083333333333334,0.5019,0.6091,0.4963
combined_supplement,mycoplasma_pneumonia,high_interaction,balanced_persona_mix,negative_leaning,2,4,300,15,285,15,0,9,6,0,0,1.0,1.0,1.0,0.2,0,15,3,t1_e10,1.0,0.5386,0.7148,0.5293
combined_supplement,mycoplasma_pneumonia,high_interaction,balanced_persona_mix,positive_leaning,2,4,300,15,285,14,2,5,7,0,1,1.0,1.0,1.0,1.0,0,14,2,t1_e14,0.8511904761904763,0.5114,0.6681,0.5031
combined_supplement,mycoplasma_pneumonia,high_interaction,balanced_persona_mix,negative_leaning,2,5,300,15,285,15,0,9,6,0,0,1.0,1.0,1.0,0.3636,0,15,3,t1_e10,1.0,0.549,0.7364,0.5392
combined_supplement,mycoplasma_pneumonia,high_interaction,balanced_persona_mix,positive_leaning,2,5,300,15,285,15,7,5,3,0,0,1.0,1.0,1.0,0.75,0,15,2,t2_e12,0.9176829268292684,0.5214,0.6724,0.5134
combined_supplement,mycoplasma_pneumonia,high_interaction,balanced_persona_mix,negative_leaning,3,1,300,15,285,15,15,0,0,0,0,0.8,0.8,0.6,,3,12,4,seed_4,,0.5054,0.5808,0.5014
combined_supplement,mycoplasma_pneumonia,high_interaction,balanced_persona_mix,positive_leaning,3,1,300,15,285,15,15,0,0,0,0,0.7333,0.7333,0.4667,,4,11,4,seed_4,,0.4884,0.558,0.4847
combined_supplement,mycoplasma_pneumonia,high_interaction,balanced_persona_mix,negative_leaning,3,2,300,15,285,13,5,7,1,0,2,0.9333,0.9231,0.8462,,1,12,5,t1_e15,1.0,0.5165,0.62,0.511
combined_supplement,mycoplasma_pneumonia,high_interaction,balanced_persona_mix,positive_leaning,3,2,300,15,285,12,7,4,1,0,3,1.0,1.0,1.0,2.0,0,12,5,t1_e15,0.8,0.4976,0.6017,0.4922
combined_supplement,mycoplasma_pneumonia,high_interaction,balanced_persona_mix,negative_leaning,3,3,300,15,285,14,6,6,2,0,1,1.0,1.0,1.0,0.8,0,14,2,t1_e10,1.0,0.5278,0.6663,0.5205
combined_supplement,mycoplasma_pneumonia,high_interaction,balanced_persona_mix,positive_leaning,3,3,300,15,285,14,4,7,3,0,1,0.8667,0.8571,0.7143,0.2,2,12,2,t1_e14,0.8272727272727274,0.5061,0.6162,0.5003
combined_supplement,mycoplasma_pneumonia,high_interaction,balanced_persona_mix,negative_leaning,3,4,300,15,285,13,0,6,7,0,2,1.0,1.0,1.0,1.2222,0,13,2,t1_e10,1.0,0.5388,0.6869,0.531
combined_supplement,mycoplasma_pneumonia,high_interaction,balanced_persona_mix,positive_leaning,3,4,300,15,285,11,1,5,5,0,4,1.0,1.0,1.0,0.625,0,11,2,t1_e14,0.8125,0.5146,0.667,0.5066
combined_supplement,mycoplasma_pneumonia,high_interaction,balanced_persona_mix,negative_leaning,3,5,300,15,285,15,0,10,5,0,0,1.0,1.0,1.0,0.7778,0,15,2,t1_e10,1.0,0.5497,0.7238,0.5405
combined_supplement,mycoplasma_pneumonia,high_interaction,balanced_persona_mix,positive_leaning,3,5,300,15,285,15,4,7,4,0,0,0.9333,0.9333,0.8667,2.1429,1,14,2,t1_e14,0.8851744186046512,0.5242,0.6461,0.5178
combined_supplement,mycoplasma_pneumonia,high_interaction,balanced_persona_mix,positive_leaning,3,6,300,15,285,14,4,8,2,0,1,1.0,1.0,1.0,0.8571,0,14,2,t1_e14,0.9182738669238188,0.5337,0.7325,0.5232
combined_supplement,mycoplasma_pneumonia,high_interaction,balanced_persona_mix,negative_leaning,4,1,300,15,285,15,15,0,0,0,0,0.8,0.8,0.6,,3,12,4,seed_4,,0.5035,0.5844,0.4992
combined_supplement,mycoplasma_pneumonia,high_interaction,balanced_persona_mix,positive_leaning,4,1,300,15,285,15,15,0,0,0,0,0.7333,0.7333,0.4667,,4,11,4,seed_4,,0.4864,0.5597,0.4825
combined_supplement,mycoplasma_pneumonia,high_interaction,balanced_persona_mix,negative_leaning,4,2,300,15,285,15,7,5,3,0,0,1.0,1.0,1.0,0.0,0,15,5,t1_e9,1.0,0.5152,0.6368,0.5088
combined_supplement,mycoplasma_pneumonia,high_interaction,balanced_persona_mix,positive_leaning,4,2,300,15,285,15,9,3,3,0,0,0.9333,0.9333,0.8667,0.0,1,14,5,t1_e15,0.8,0.4951,0.5879,0.4902
combined_supplement,mycoplasma_pneumonia,high_interaction,balanced_persona_mix,negative_leaning,4,3,300,15,285,14,6,6,2,0,1,1.0,1.0,1.0,0.3333,0,14,3,t1_e9,1.0,0.5268,0.6553,0.52
combined_supplement,mycoplasma_pneumonia,high_interaction,balanced_persona_mix,positive_leaning,4,3,300,15,285,14,4,8,2,0,1,1.0,1.0,1.0,0.0,0,14,2,t1_e14,0.8819444444444445,0.5053,0.6299,0.4987
combined_supplement,mycoplasma_pneumonia,high_interaction,balanced_persona_mix,negative_leaning,4,4,300,15,285,15,1,8,6,0,0,1.0,1.0,1.0,0.7778,0,15,3,t1_e9,1.0,0.5375,0.7015,0.5289
combined_supplement,mycoplasma_pneumonia,high_interaction,balanced_persona_mix,positive_leaning,4,4,300,15,285,13,1,8,4,0,2,1.0,1.0,1.0,1.5556,0,13,2,t1_e14,0.9464285714285714,0.5156,0.6569,0.5082
combined_supplement,mycoplasma_pneumonia,high_interaction,balanced_persona_mix,negative_leaning,4,5,300,15,285,15,2,11,2,0,0,1.0,1.0,1.0,0.9,0,15,3,t1_e9,1.0,0.5482,0.7143,0.5395
combined_supplement,mycoplasma_pneumonia,high_interaction,balanced_persona_mix,positive_leaning,4,5,300,15,285,14,1,7,6,0,1,1.0,1.0,1.0,0.5,0,14,2,t1_e14,0.9676470588235294,0.5259,0.6962,0.517
combined_supplement,mycoplasma_pneumonia,high_interaction,balanced_persona_mix,negative_leaning,5,1,300,15,285,15,15,0,0,0,0,0.8,0.8,0.6,,3,12,4,seed_4,,0.5044,0.5852,0.5001
combined_supplement,mycoplasma_pneumonia,high_interaction,balanced_persona_mix,positive_leaning,5,1,300,15,285,15,15,0,0,0,0,0.7333,0.7333,0.4667,,4,11,4,seed_4,,0.4874,0.562,0.4834
combined_supplement,mycoplasma_pneumonia,high_interaction,balanced_persona_mix,negative_leaning,5,2,300,15,285,12,6,6,0,0,3,0.8667,0.9167,0.8333,3.0,1,11,5,t1_e15,0.8,0.5123,0.5947,0.508
combined_supplement,mycoplasma_pneumonia,high_interaction,balanced_persona_mix,positive_leaning,5,2,300,15,285,13,7,2,4,0,2,0.9333,0.9231,0.8462,0.0,1,12,5,t1_e9,1.0,0.4984,0.6082,0.4926
combined_supplement,mycoplasma_pneumonia,high_interaction,balanced_persona_mix,negative_leaning,5,3,300,15,285,13,3,9,1,0,2,1.0,1.0,1.0,0.25,0,13,3,t1_e14,0.7777777777777777,0.5208,0.6436,0.5144
combined_supplement,mycoplasma_pneumonia,high_interaction,balanced_persona_mix,positive_leaning,5,3,300,15,285,14,6,7,1,0,1,1.0,1.0,1.0,1.3333,0,14,3,t1_e10,1.0,0.5097,0.6466,0.5025
combined_supplement,mycoplasma_pneumonia,high_interaction,balanced_persona_mix,negative_leaning,5,4,300,15,285,15,2,11,2,0,0,1.0,1.0,1.0,1.625,0,15,3,t1_e13,0.9004694835680752,0.5306,0.6759,0.523
combined_supplement,mycoplasma_pneumonia,high_interaction,balanced_persona_mix,positive_leaning,5,4,300,15,285,13,2,6,5,0,2,1.0,1.0,1.0,1.0,0,13,2,t1_e10,1.0,0.5207,0.6795,0.5123
combined_supplement,mycoplasma_pneumonia,high_interaction,balanced_persona_mix,negative_leaning,5,5,300,15,285,15,4,9,2,0,0,1.0,1.0,1.0,0.8,0,15,3,t1_e13,0.9400991165697048,0.5405,0.7126,0.5314
combined_supplement,mycoplasma_pneumonia,high_interaction,balanced_persona_mix,positive_leaning,5,5,300,15,285,14,1,11,2,0,1,0.9333,0.9286,0.8571,0.625,1,13,2,t1_e10,1.0,0.5307,0.6934,0.5222
combined_supplement,mycoplasma_pneumonia,high_interaction,balanced_persona_mix,negative_leaning,6,1,300,15,285,15,15,0,0,0,0,0.8,0.8,0.6,,3,12,4,seed_4,,0.5021,0.5817,0.4979
combined_supplement,mycoplasma_pneumonia,high_interaction,balanced_persona_mix,positive_leaning,6,1,300,15,285,15,15,0,0,0,0,0.6667,0.6667,0.3333,,5,10,4,seed_4,,0.4847,0.5469,0.4814
combined_supplement,mycoplasma_pneumonia,high_interaction,balanced_persona_mix,negative_leaning,6,2,300,15,285,14,7,5,2,0,1,1.0,1.0,1.0,,0,14,5,t1_e15,1.0,0.5135,0.6292,0.5074
combined_supplement,mycoplasma_pneumonia,high_interaction,balanced_persona_mix,positive_leaning,6,2,300,15,285,14,7,5,2,0,1,1.0,1.0,1.0,,0,14,5,t1_e9,0.8,0.4935,0.601,0.4879
combined_supplement,mycoplasma_pneumonia,high_interaction,balanced_persona_mix,negative_leaning,6,3,300,15,285,15,8,6,1,0,0,0.9333,0.9333,0.8667,0.2,1,14,1,t1_e10,1.0,0.5247,0.6493,0.5181
combined_supplement,mycoplasma_pneumonia,high_interaction,balanced_persona_mix,positive_leaning,6,3,300,15,285,14,4,10,0,0,1,1.0,1.0,1.0,1.8571,0,14,2,t1_e13,0.9,0.5037,0.6311,0.497
combined_supplement,mycoplasma_pneumonia,high_interaction,balanced_persona_mix,negative_leaning,6,4,300,15,285,14,2,7,5,0,1,1.0,1.0,1.0,0.7143,0,14,1,t1_e10,0.9333333333333332,0.535,0.6814,0.5273
combined_supplement,mycoplasma_pneumonia,high_interaction,balanced_persona_mix,positive_leaning,6,4,300,15,285,14,3,6,5,0,1,1.0,1.0,1.0,1.0,0,14,2,t1_e13,0.9530612244897958,0.5145,0.6567,0.5071
combined_supplement,mycoplasma_pneumonia,high_interaction,balanced_persona_mix,negative_leaning,6,5,300,15,285,15,1,10,4,0,0,1.0,1.0,1.0,0.2727,0,15,1,t1_e10,0.9629629629629628,0.5453,0.7181,0.5363
combined_supplement,mycoplasma_pneumonia,high_interaction,balanced_persona_mix,positive_leaning,6,5,300,15,285,15,4,6,5,0,0,1.0,1.0,1.0,0.9091,0,15,2,t1_e13,0.9705528846153846,0.525,0.7096,0.5153
combined_supplement,mycoplasma_pneumonia,high_interaction,balanced_persona_mix,negative_leaning,7,1,300,15,285,15,15,0,0,0,0,0.8,0.8,0.6,,3,12,4,seed_4,,0.5044,0.5872,0.5
combined_supplement,mycoplasma_pneumonia,high_interaction,balanced_persona_mix,positive_leaning,7,1,300,15,285,15,15,0,0,0,0,0.6667,0.6667,0.3333,,5,10,4,seed_4,,0.4869,0.5518,0.4835
combined_supplement,mycoplasma_pneumonia,high_interaction,balanced_persona_mix,negative_leaning,7,2,300,15,285,15,3,8,4,0,0,1.0,1.0,1.0,0.0,0,15,5,t1_e9,1.0,0.5159,0.6351,0.5097
combined_supplement,mycoplasma_pneumonia,high_interaction,balanced_persona_mix,positive_leaning,7,2,300,15,285,15,6,5,4,0,0,0.9333,0.9333,0.8667,1.6667,1,14,5,t1_e15,0.6,0.4928,0.592,0.4876
combined_supplement,mycoplasma_pneumonia,high_interaction,balanced_persona_mix,negative_leaning,7,3,300,15,285,15,5,5,5,0,0,1.0,1.0,1.0,1.2,0,15,3,t1_e10,1.0,0.5272,0.6571,0.5204
combined_supplement,mycoplasma_pneumonia,high_interaction,balanced_persona_mix,positive_leaning,7,3,300,15,285,15,8,5,2,0,0,1.0,1.0,1.0,2.8,0,15,2,t1_e13,0.8916666666666667,0.5029,0.619,0.4968
combined_supplement,mycoplasma_pneumonia,high_interaction,balanced_persona_mix,negative_leaning,7,4,300,15,285,15,4,6,5,0,0,0.9333,0.9333,0.8667,1.4444,1,14,3,t1_e10,1.0,0.5373,0.6885,0.5293
combined_supplement,mycoplasma_pneumonia,high_interaction,balanced_persona_mix,positive_leaning,7,4,300,15,285,14,0,10,4,0,1,1.0,1.0,1.0,1.0,0,14,2,t1_e12,0.9377104377104376,0.513,0.6848,0.504
combined_supplement,mycoplasma_pneumonia,high_interaction,balanced_persona_mix,negative_leaning,7,5,300,15,285,15,0,8,7,0,0,1.0,1.0,1.0,0.8462,0,15,3,t1_e10,0.9718710493046776,0.5473,0.7507,0.5365
combined_supplement,mycoplasma_pneumonia,high_interaction,balanced_persona_mix,positive_leaning,7,5,300,15,285,15,2,9,4,0,0,1.0,1.0,1.0,0.8,0,15,2,t1_e12,0.9666666666666666,0.5236,0.6631,0.5163
combined_supplement,mycoplasma_pneumonia,high_interaction,balanced_persona_mix,negative_leaning,8,1,300,15,285,15,15,0,0,0,0,0.8,0.8,0.6,,3,12,4,seed_4,,0.5035,0.5768,0.4997
combined_supplement,mycoplasma_pneumonia,high_interaction,balanced_persona_mix,positive_leaning,8,1,300,15,285,15,15,0,0,0,0,0.7333,0.7333,0.4667,,4,11,4,seed_4,,0.4865,0.5516,0.4831
combined_supplement,mycoplasma_pneumonia,high_interaction,balanced_persona_mix,negative_leaning,8,2,300,15,285,14,7,5,2,0,1,1.0,1.0,1.0,3.0,0,14,5,t1_e9,0.8,0.5123,0.6177,0.5068
combined_supplement,mycoplasma_pneumonia,high_interaction,balanced_persona_mix,positive_leaning,8,2,300,15,285,15,9,5,1,0,0,0.9333,0.9333,0.8667,0.0,1,14,5,t1_e9,0.8,0.4948,0.5963,0.4894
combined_supplement,mycoplasma_pneumonia,high_interaction,balanced_persona_mix,negative_leaning,8,3,300,15,285,14,4,8,2,0,1,0.9333,1.0,1.0,1.3333,0,14,3,t1_e8,0.9015151515151516,0.5217,0.6497,0.515
combined_supplement,mycoplasma_pneumonia,high_interaction,balanced_persona_mix,positive_leaning,8,3,300,15,285,15,5,7,3,0,0,1.0,1.0,1.0,2.0,0,15,2,t1_e8,0.875,0.5045,0.6208,0.4984
combined_supplement,mycoplasma_pneumonia,high_interaction,balanced_persona_mix,negative_leaning,8,4,300,15,285,15,2,13,0,0,0,1.0,1.0,1.0,1.0,0,15,3,t1_e13,0.9523809523809524,0.5325,0.671,0.5252
combined_supplement,mycoplasma_pneumonia,high_interaction,balanced_persona_mix,positive_leaning,8,4,300,15,285,14,3,6,5,0,1,1.0,1.0,1.0,1.25,0,14,2,t1_e8,0.9445564516129032,0.5153,0.6582,0.5077
combined_supplement,mycoplasma_pneumonia,high_interaction,balanced_persona_mix,negative_leaning,8,5,300,15,285,15,1,9,5,0,0,1.0,1.0,1.0,0.2222,0,15,3,t1_e13,0.9715335169880625,0.5427,0.7202,0.5334
combined_supplement,mycoplasma_pneumonia,high_interaction,balanced_persona_mix,positive_leaning,8,5,300,15,285,14,3,8,3,0,1,1.0,1.0,1.0,0.125,0,14,1,t1_e8,0.9629629629629628,0.5256,0.6801,0.5175
combined_supplement,mycoplasma_pneumonia,high_interaction,balanced_persona_mix,negative_leaning,9,1,300,15,285,15,15,0,0,0,0,0.8,0.8,0.6,,3,12,4,seed_4,,0.5049,0.5871,0.5005
combined_supplement,mycoplasma_pneumonia,high_interaction,balanced_persona_mix,positive_leaning,9,1,300,15,285,15,15,0,0,0,0,0.6667,0.6667,0.3333,,5,10,4,seed_4,,0.4871,0.5476,0.4839
combined_supplement,mycoplasma_pneumonia,high_interaction,balanced_persona_mix,negative_leaning,9,2,300,15,285,14,7,5,2,0,1,1.0,1.0,1.0,1.5,0,14,5,t1_e15,0.8,0.5137,0.6286,0.5076
combined_supplement,mycoplasma_pneumonia,high_interaction,balanced_persona_mix,positive_leaning,9,2,300,15,285,13,7,4,2,0,2,0.4667,0.6154,-0.2308,0.5,8,5,5,t1_e15,0.8,0.4923,0.5393,0.4898
combined_supplement,mycoplasma_pneumonia,high_interaction,balanced_persona_mix,negative_leaning,9,3,300,15,285,15,5,7,3,0,0,0.9333,0.9333,0.8667,0.25,1,14,2,t1_e14,0.8866666666666667,0.5232,0.6448,0.5168
combined_supplement,mycoplasma_pneumonia,high_interaction,balanced_persona_mix,positive_leaning,9,3,300,15,285,11,3,6,2,0,4,0.4,0.6364,-0.2727,2.3,7,4,3,t1_e14,0.3703703703703703,0.4909,0.5635,0.4871
combined_supplement,mycoplasma_pneumonia,high_interaction,balanced_persona_mix,negative_leaning,9,4,300,15,285,14,1,11,2,0,1,1.0,1.0,1.0,0.8,0,14,2,t1_e14,0.8966346153846154,0.5327,0.6984,0.524
combined_supplement,mycoplasma_pneumonia,high_interaction,balanced_persona_mix,positive_leaning,9,4,300,15,285,13,1,10,2,0,2,0.4667,0.5385,0.0769,0.1429,6,7,3,t1_e11,0.3061038961038961,0.4898,0.5209,0.4882
combined_supplement,mycoplasma_pneumonia,high_interaction,balanced_persona_mix,negative_leaning,9,5,300,15,285,13,3,8,2,0,2,1.0,1.0,1.0,0.625,0,13,2,t1_e14,0.937111801242236,0.5428,0.7088,0.534
combined_supplement,mycoplasma_pneumonia,high_interaction,balanced_persona_mix,positive_leaning,9,5,300,15,285,13,2,6,5,0,2,0.4,0.6154,-0.2308,0.2727,8,5,3,t1_e11,0.3874458874458874,0.489,0.5494,0.4858
combined_supplement,mycoplasma_pneumonia,high_interaction,balanced_persona_mix,positive_leaning,9,6,300,15,285,14,7,4,3,0,1,0.6,0.6429,0.2857,0.9286,5,9,3,t1_e11,0.3817498291182502,0.4893,0.575,0.4848
combined_supplement,mycoplasma_pneumonia,high_interaction,balanced_persona_mix,positive_leaning,9,7,300,15,285,12,3,6,3,0,3,0.6,0.6667,0.3333,1.2,4,8,3,t1_e11,0.4253126550868486,0.4903,0.5941,0.4848
combined_supplement,mycoplasma_pneumonia,high_interaction,balanced_persona_mix,positive_leaning,9,8,300,15,285,14,4,7,3,0,1,0.6667,0.6429,0.2857,0.5333,5,9,3,t1_e11,0.4445548489666137,0.4914,0.6292,0.4842
combined_supplement,mycoplasma_pneumonia,high_interaction,balanced_persona_mix,positive_leaning,9,9,300,15,285,14,6,4,4,0,1,0.4667,0.5,0.0,0.6,7,7,3,t1_e11,0.472570123939987,0.4915,0.5826,0.4868
combined_supplement,mycoplasma_pneumonia,high_interaction,balanced_persona_mix,positive_leaning,9,10,300,15,285,11,1,7,3,0,4,0.6,0.5455,-0.0909,0.6,6,5,3,t1_e11,0.4476973894318067,0.4918,0.6293,0.4846
combined_supplement,mycoplasma_pneumonia,high_interaction,balanced_persona_mix,positive_leaning,9,11,300,15,285,11,1,8,2,0,4,0.5333,0.6364,0.2727,0.8,4,7,3,t1_e11,0.4499507712504102,0.4922,0.6137,0.4858
combined_supplement,mycoplasma_pneumonia,high_interaction,balanced_persona_mix,positive_leaning,9,12,300,15,285,15,3,8,4,0,0,0.5333,0.5333,0.0667,0.8,7,8,3,t1_e11,0.4613359365755532,0.4927,0.6245,0.4858
combined_supplement,mycoplasma_pneumonia,high_interaction,balanced_persona_mix,positive_leaning,9,13,300,15,285,13,4,6,3,0,2,0.7333,0.6923,0.3846,1.0667,4,9,3,t1_e11,0.4544698987996073,0.4936,0.7012,0.4827
combined_supplement,mycoplasma_pneumonia,high_interaction,balanced_persona_mix,positive_leaning,9,14,300,15,285,14,8,6,0,0,1,0.6667,0.7143,0.4286,1.3333,4,10,3,t1_e11,0.4735659466729963,0.495,0.6381,0.4875
combined_supplement,mycoplasma_pneumonia,high_interaction,balanced_persona_mix,positive_leaning,9,15,300,15,285,15,5,7,3,0,0,0.6667,0.6667,0.3333,0.3333,5,10,3,t1_e11,0.4859377448251261,0.4954,0.655,0.487
combined_supplement,mycoplasma_pneumonia,high_interaction,balanced_persona_mix,negative_leaning,10,1,300,15,285,15,15,0,0,0,0,0.8,0.8,0.6,,3,12,4,seed_4,,0.5039,0.5866,0.4996
combined_supplement,mycoplasma_pneumonia,high_interaction,balanced_persona_mix,positive_leaning,10,1,300,15,285,15,15,0,0,0,0,0.8,0.8,0.6,,3,12,4,seed_4,,0.4873,0.5717,0.4829
combined_supplement,mycoplasma_pneumonia,high_interaction,balanced_persona_mix,negative_leaning,10,2,300,15,285,14,6,6,2,0,1,1.0,1.0,1.0,,0,14,5,t1_e15,1.0,0.5158,0.6307,0.5097
combined_supplement,mycoplasma_pneumonia,high_interaction,balanced_persona_mix,positive_leaning,10,2,300,15,285,14,6,6,2,0,1,1.0,1.0,1.0,,0,14,5,t1_e15,1.0,0.4993,0.6158,0.4931
combined_supplement,mycoplasma_pneumonia,high_interaction,balanced_persona_mix,negative_leaning,10,3,300,15,285,15,5,9,1,0,0,0.9333,0.9333,0.8667,0.6667,1,14,2,t1_e10,1.0,0.5266,0.6566,0.5198
combined_supplement,mycoplasma_pneumonia,high_interaction,balanced_persona_mix,positive_leaning,10,3,300,15,285,15,6,8,1,0,0,1.0,1.0,1.0,0.5714,0,15,2,t1_e10,1.0,0.5106,0.6582,0.5028
combined_supplement,mycoplasma_pneumonia,high_interaction,balanced_persona_mix,negative_leaning,10,4,300,15,285,15,7,2,6,0,0,0.8667,0.8667,0.7333,1.4444,2,13,2,t1_e10,0.950925925925926,0.5359,0.6747,0.5286
combined_supplement,mycoplasma_pneumonia,high_interaction,balanced_persona_mix,positive_leaning,10,4,300,15,285,15,6,3,6,0,0,1.0,1.0,1.0,0.625,0,15,2,t1_e10,1.0,0.5215,0.6775,0.5133
combined_supplement,mycoplasma_pneumonia,high_interaction,balanced_persona_mix,negative_leaning,10,5,300,15,285,13,4,6,3,0,2,1.0,1.0,1.0,0.8182,0,13,2,t1_e10,0.8956068840579711,0.5451,0.7263,0.5356
combined_supplement,mycoplasma_pneumonia,high_interaction,balanced_persona_mix,positive_leaning,10,5,300,15,285,15,2,8,5,0,0,1.0,1.0,1.0,0.5,0,15,1,t1_e10,1.0,0.5324,0.7076,0.5232
combined_supplement,mycoplasma_pneumonia,high_interaction,balanced_persona_mix,negative_leaning,10,6,300,15,285,15,0,8,7,0,0,1.0,1.0,1.0,0.3333,0,15,2,t1_e10,0.9190873358259036,0.5547,0.7775,0.543
combined_supplement,mycoplasma_pneumonia,high_interaction,balanced_persona_mix,negative_leaning,10,7,300,15,285,13,4,6,3,0,2,1.0,1.0,1.0,0.5,0,13,2,t1_e12,0.9426248994221345,0.5639,0.8049,0.5512
