experiment_family,scenario_name,condition_name,persona_name,chat_atmosphere,report_1_polarity,report_2_polarity,repeat_index,timestep,success,error_message,final_choice,credible_choice,share_choice,comment_choice,like_choice,reason,reason_signal,nsb,cb,sb,eb,nci_comp,raw_response
main,influenza_a,independent,main_baseline_neutral,none,positive,negative,1,1,True,,positive,positive,none,neutral,none,报道1中的恢复较快和可应对上升的描述比报道2中恢复拖长的个案更符合季节性波动的常规模式。,,0.0,0,0,0,0,"{""final_choice"":""report_1"",""credible_choice"":""report_1"",""share_choice"":""none"",""comment_choice"":""neutral"",""like_choice"":""none"",""reason"":""报道1中的恢复较快和可应对上升的描述比报道2中恢复拖长的个案更符合季节性波动的常规模式。""}"
main,influenza_a,independent,main_baseline_neutral,none,negative,positive,2,1,True,,negative,negative,none,neutral,none,报道1中提到的'高热反复、恢复时间拖长'和'刚好转又反复'的具体症状描述，比报道2中的一般性恢复描述更能解释当前流感病例增加的背景。,,1.0,1,0,0,1,"{""final_choice"":""report_1"",""credible_choice"":""report_1"",""share_choice"":""none"",""comment_choice"":""neutral"",""like_choice"":""none"",""reason"":""报道1中提到的'高热反复、恢复时间拖长'和'刚好转又反复'的具体症状描述，比报道2中的一般性恢复描述更能解释当前流感病例增加的背景。""}"
main,influenza_a,independent,main_baseline_neutral,none,positive,negative,3,1,True,,positive,positive,none,neutral,none,报道1提供了更具体的恢复路径和应对措施，而报道2的风险线索相对零散且缺乏具体细节。,,0.0,0,0,0,0,"{""final_choice"":""report_1"",""credible_choice"":""report_1"",""share_choice"":""none"",""comment_choice"":""neutral"",""like_choice"":""none"",""reason"":""报道1提供了更具体的恢复路径和应对措施，而报道2的风险线索相对零散且缺乏具体细节。""}"
main,influenza_a,independent,main_baseline_neutral,none,negative,positive,4,1,True,,negative,negative,none,neutral,none,报道1中提到的'高热反复'、'恢复时间拖长'和'刚好转又反复'等具体症状描述比报道2的'短期发热'和'几天内缓解'更符合背景中提到的'恢复慢、复查观察和症状拖延线索'。,,1.0,1,0,0,1,"{""final_choice"":""report_1"",""credible_choice"":""report_1"",""share_choice"":""none"",""comment_choice"":""neutral"",""like_choice"":""none"",""reason"":""报道1中提到的'高热反复'、'恢复时间拖长'和'刚好转又反复'等具体症状描述比报道2的'短期发热'和'几天内缓解'更符合背景中提到的'恢复慢、复查观察和症状拖延线索'。""}"
main,influenza_a,independent,main_baseline_neutral,none,positive,negative,5,1,True,,positive,positive,none,neutral,none,报道1中提到的门诊医生、家长和老师的一线观察更具体，且明确提到症状缓解和传播链可控，比报道2中的网络传闻更有参考价值。,,0.0,0,0,0,0,"{""final_choice"":""report_1"",""credible_choice"":""report_1"",""share_choice"":""none"",""comment_choice"":""neutral"",""like_choice"":""none"",""reason"":""报道1中提到的门诊医生、家长和老师的一线观察更具体，且明确提到症状缓解和传播链可控，比报道2中的网络传闻更有参考价值。""}"
main,influenza_a,independent,main_baseline_neutral,none,negative,positive,6,1,True,,negative,negative,none,neutral,none,报道1中提到的'高热反复、恢复时间拖长'和'刚好转又反复'的具体经历更符合背景信息中'讨论是否需要提高警惕'的担忧氛围。,,1.0,1,0,0,1,"{""final_choice"":""report_1"",""credible_choice"":""report_1"",""share_choice"":""none"",""comment_choice"":""neutral"",""like_choice"":""none"",""reason"":""报道1中提到的'高热反复、恢复时间拖长'和'刚好转又反复'的具体经历更符合背景信息中'讨论是否需要提高警惕'的担忧氛围。""}"
main,influenza_a,independent,main_baseline_neutral,none,positive,negative,7,1,True,,positive,positive,none,neutral,none,报道1提供的医疗应对和常规治疗缓解案例更具体，而报道2的风险线索多为零散网络消息，缺乏系统性医疗数据支持。,,0.0,0,0,0,0,"{""final_choice"":""report_1"",""credible_choice"":""report_1"",""share_choice"":""none"",""comment_choice"":""neutral"",""like_choice"":""none"",""reason"":""报道1提供的医疗应对和常规治疗缓解案例更具体，而报道2的风险线索多为零散网络消息，缺乏系统性医疗数据支持。""}"
main,influenza_a,independent,main_baseline_neutral,none,negative,positive,8,1,True,,negative,negative,none,neutral,none,报道1中提到的高热反复、恢复时间拖长和交叉感染压力更具体，且与背景中'恢复慢、复查观察和症状拖延线索'更吻合。,,1.0,1,0,0,1,"{""final_choice"":""report_1"",""credible_choice"":""report_1"",""share_choice"":""none"",""comment_choice"":""neutral"",""like_choice"":""none"",""reason"":""报道1中提到的高热反复、恢复时间拖长和交叉感染压力更具体，且与背景中'恢复慢、复查观察和症状拖延线索'更吻合。""}"
main,influenza_a,independent,main_baseline_neutral,none,positive,negative,9,1,True,,positive,positive,none,neutral,none,报道1提供了更具体的恢复路径和应对措施，而报道2的风险提醒多为零散个案，缺乏系统描述。,,0.0,0,0,0,0,"{""final_choice"":""report_1"",""credible_choice"":""report_1"",""share_choice"":""none"",""comment_choice"":""neutral"",""like_choice"":""none"",""reason"":""报道1提供了更具体的恢复路径和应对措施，而报道2的风险提醒多为零散个案，缺乏系统描述。""}"
main,influenza_a,independent,main_baseline_neutral,none,negative,positive,10,1,True,,negative,negative,none,support_negative,negative,报道1中提到的'高热反复'、'恢复时间拖长'和'交叉感染压力'等具体风险线索更贴近背景信息中'公众持续讨论'的担忧情绪。,,1.0,1,0,1,3,"{""final_choice"":""report_1"",""credible_choice"":""report_1"",""share_choice"":""none"",""comment_choice"":""support_report_1"",""like_choice"":""report_1"",""reason"":""报道1中提到的'高热反复'、'恢复时间拖长'和'交叉感染压力'等具体风险线索更贴近背景信息中'公众持续讨论'的担忧情绪。""}"
main,influenza_a,independent,main_baseline_neutral,none,positive,negative,11,1,True,,positive,positive,none,neutral,none,报道1提到的常规治疗快速缓解和学校有效控制措施更符合季节性流感的典型特征。,,0.0,0,0,0,0,"{""final_choice"":""report_1"",""credible_choice"":""report_1"",""share_choice"":""none"",""comment_choice"":""neutral"",""like_choice"":""none"",""reason"":""报道1提到的常规治疗快速缓解和学校有效控制措施更符合季节性流感的典型特征。""}"
main,influenza_a,independent,main_baseline_neutral,none,negative,positive,12,1,True,,negative,negative,none,neutral,none,报道1中提到的'高热反复、恢复时间拖长'和'家庭班级交叉感染压力'更具体地解释了当前流感传播的实际情况。,,1.0,1,0,0,1,"{""final_choice"":""report_1"",""credible_choice"":""report_1"",""share_choice"":""none"",""comment_choice"":""neutral"",""like_choice"":""none"",""reason"":""报道1中提到的'高热反复、恢复时间拖长'和'家庭班级交叉感染压力'更具体地解释了当前流感传播的实际情况。""}"
main,influenza_a,independent,main_baseline_neutral,none,positive,negative,13,1,True,,positive,positive,none,neutral,none,报道1中提到的医生、家长和老师的具体经验更丰富，且明确提到了症状缓解和应对措施的有效性，而报道2中的线索较为零散。,,0.0,0,0,0,0,"{""final_choice"":""report_1"",""credible_choice"":""report_1"",""share_choice"":""none"",""comment_choice"":""neutral"",""like_choice"":""none"",""reason"":""报道1中提到的医生、家长和老师的具体经验更丰富，且明确提到了症状缓解和应对措施的有效性，而报道2中的线索较为零散。""}"
main,influenza_a,independent,main_baseline_neutral,none,negative,positive,14,1,True,,negative,negative,none,neutral,none,报道1中提到的具体风险线索如'高热反复'、'恢复时间拖长'和'交叉感染压力更明显'比报道2的常规描述更具体。,,1.0,1,0,0,1,"{""final_choice"":""report_1"",""credible_choice"":""report_1"",""share_choice"":""none"",""comment_choice"":""neutral"",""like_choice"":""none"",""reason"":""报道1中提到的具体风险线索如'高热反复'、'恢复时间拖长'和'交叉感染压力更明显'比报道2的常规描述更具体。""}"
main,influenza_a,independent,main_baseline_neutral,none,positive,negative,15,1,True,,positive,positive,none,neutral,none,报道1中的医生、家长和学校老师的具体经验描述更系统，提供了明确的恢复时间和应对措施，而报道2多为网络个案和转述信息。,,0.0,0,0,0,0,"{""final_choice"":""report_1"",""credible_choice"":""report_1"",""share_choice"":""none"",""comment_choice"":""neutral"",""like_choice"":""none"",""reason"":""报道1中的医生、家长和学校老师的具体经验描述更系统，提供了明确的恢复时间和应对措施，而报道2多为网络个案和转述信息。""}"
main,influenza_a,independent,main_baseline_neutral,none,negative,positive,16,1,True,,negative,negative,none,neutral,none,报道1中提到的'高热反复'、'恢复时间拖长'和'刚好转又反复'的具体经历比报道2的'几天内明显缓解'更符合背景中'恢复慢、复查观察和症状拖延'的线索。,,1.0,1,0,0,1,"{""final_choice"":""report_1"",""credible_choice"":""report_1"",""share_choice"":""none"",""comment_choice"":""neutral"",""like_choice"":""none"",""reason"":""报道1中提到的'高热反复'、'恢复时间拖长'和'刚好转又反复'的具体经历比报道2的'几天内明显缓解'更符合背景中'恢复慢、复查观察和症状拖延'的线索。""}"
main,influenza_a,independent,main_baseline_neutral,none,positive,negative,17,1,True,,positive,positive,none,neutral,none,报道1提到了一线医生和学校的具体应对措施及恢复情况，这些实际操作和短期缓解的证据比报道2中更模糊的'网络消息'更能说明当前情况的应对能力。,,0.0,0,0,0,0,"{""final_choice"":""report_1"",""credible_choice"":""report_1"",""share_choice"":""none"",""comment_choice"":""neutral"",""like_choice"":""none"",""reason"":""报道1提到了一线医生和学校的具体应对措施及恢复情况，这些实际操作和短期缓解的证据比报道2中更模糊的'网络消息'更能说明当前情况的应对能力。""}"
main,influenza_a,independent,main_baseline_neutral,none,negative,positive,18,1,True,,negative,negative,none,neutral,none,报道1中更具体的'高热反复'、'恢复时间拖长'和'交叉感染压力'等具体风险线索，比报道2的'短期发热'和'几天内缓解'更符合背景中讨论的传播趋势担忧。,,1.0,1,0,0,1,"{""final_choice"":""report_1"",""credible_choice"":""report_1"",""share_choice"":""none"",""comment_choice"":""neutral"",""like_choice"":""none"",""reason"":""报道1中更具体的'高热反复'、'恢复时间拖长'和'交叉感染压力'等具体风险线索，比报道2的'短期发热'和'几天内缓解'更符合背景中讨论的传播趋势担忧。""}"
main,influenza_a,independent,main_baseline_neutral,none,positive,negative,19,1,True,,positive,positive,none,neutral,none,报道1提供了更具体的恢复路径和应对措施，而报道2的风险线索多为零散个案，缺乏系统支持。,,0.0,0,0,0,0,"{""final_choice"":""report_1"",""credible_choice"":""report_1"",""share_choice"":""none"",""comment_choice"":""neutral"",""like_choice"":""none"",""reason"":""报道1提供了更具体的恢复路径和应对措施，而报道2的风险线索多为零散个案，缺乏系统支持。""}"
main,influenza_a,independent,main_baseline_neutral,none,negative,positive,20,1,True,,negative,negative,none,neutral,none,报道1中具体提到了'高热反复、恢复时间拖长'和'刚好转又反复'的个人经历，这些具体症状描述比报道2的'短期发热、几天内缓解'更符合背景中'讨论升温'的氛围。,,1.0,1,0,0,1,"{""final_choice"":""report_1"",""credible_choice"":""report_1"",""share_choice"":""none"",""comment_choice"":""neutral"",""like_choice"":""none"",""reason"":""报道1中具体提到了'高热反复、恢复时间拖长'和'刚好转又反复'的个人经历，这些具体症状描述比报道2的'短期发热、几天内缓解'更符合背景中'讨论升温'的氛围。""}"
main,influenza_a,independent,main_baseline_neutral,none,positive,negative,21,1,True,,positive,positive,none,neutral,none,报道1提供了更具体的恢复时间和常规治疗效果，而报道2的担忧多为零散个案和转述信息。,,0.0,0,0,0,0,"{""final_choice"":""report_1"",""credible_choice"":""report_1"",""share_choice"":""none"",""comment_choice"":""neutral"",""like_choice"":""none"",""reason"":""报道1提供了更具体的恢复时间和常规治疗效果，而报道2的担忧多为零散个案和转述信息。""}"
main,influenza_a,independent,main_baseline_neutral,none,negative,positive,22,1,True,,negative,negative,none,neutral,none,报道1中关于恢复时间长、反复感染和门诊压力增大的具体描述更符合当前流感病例增加的背景，而报道2虽然提到症状可控但缺乏具体应对压力的描述。,,1.0,1,0,0,1,"{""final_choice"":""report_1"",""credible_choice"":""report_1"",""share_choice"":""none"",""comment_choice"":""neutral"",""like_choice"":""none"",""reason"":""报道1中关于恢复时间长、反复感染和门诊压力增大的具体描述更符合当前流感病例增加的背景，而报道2虽然提到症状可控但缺乏具体应对压力的描述。""}"
main,influenza_a,independent,main_baseline_neutral,none,positive,negative,23,1,True,,positive,positive,none,neutral,none,报道1提供了更多一线医生、家长和老师的具体经验，包括症状表现、治疗反应和防控措施的实际效果，这些具体线索比报道2中网络传言和零散个案更有代表性。,,0.0,0,0,0,0,"{""final_choice"":""report_1"",""credible_choice"":""report_1"",""share_choice"":""none"",""comment_choice"":""neutral"",""like_choice"":""none"",""reason"":""报道1提供了更多一线医生、家长和老师的具体经验，包括症状表现、治疗反应和防控措施的实际效果，这些具体线索比报道2中网络传言和零散个案更有代表性。""}"
main,influenza_a,independent,main_baseline_neutral,none,negative,positive,24,1,True,,negative,negative,none,neutral,none,报道1中提到的'高热反复、恢复时间拖长'和'刚好转又反复'的具体经历比报道2的'几天内明显缓解'更符合背景中'恢复慢、复查观察和症状拖延'的讨论。,,1.0,1,0,0,1,"{""final_choice"":""report_1"",""credible_choice"":""report_1"",""share_choice"":""none"",""comment_choice"":""neutral"",""like_choice"":""none"",""reason"":""报道1中提到的'高热反复、恢复时间拖长'和'刚好转又反复'的具体经历比报道2的'几天内明显缓解'更符合背景中'恢复慢、复查观察和症状拖延'的讨论。""}"
main,influenza_a,independent,main_baseline_neutral,none,positive,negative,25,1,True,,positive,positive,none,neutral,none,报道1提供了更具体的医生、家长和学校老师的实际观察，以及明确的应对措施和恢复时间，这些具体线索比报道2中混杂的个案和转述信息更可信。,,0.0,0,0,0,0,"{""final_choice"":""report_1"",""credible_choice"":""report_1"",""share_choice"":""none"",""comment_choice"":""neutral"",""like_choice"":""none"",""reason"":""报道1提供了更具体的医生、家长和学校老师的实际观察，以及明确的应对措施和恢复时间，这些具体线索比报道2中混杂的个案和转述信息更可信。""}"
main,influenza_a,independent,main_baseline_neutral,none,negative,positive,26,1,True,,negative,negative,none,neutral,none,报道1中提到的'高热反复、恢复时间拖长'和'刚好转又反复'的具体症状描述更符合背景中公众对流感严重程度的担忧。,,1.0,1,0,0,1,"{""final_choice"":""report_1"",""credible_choice"":""report_1"",""share_choice"":""none"",""comment_choice"":""neutral"",""like_choice"":""none"",""reason"":""报道1中提到的'高热反复、恢复时间拖长'和'刚好转又反复'的具体症状描述更符合背景中公众对流感严重程度的担忧。""}"
main,influenza_a,independent,main_baseline_neutral,none,positive,negative,27,1,True,,positive,positive,none,neutral,none,报道1提到的门诊应对和学校防控措施更具体，能解释当前波动情况，而报道2的担忧主要基于网络传言和个别案例。,,0.0,0,0,0,0,"{""final_choice"":""report_1"",""credible_choice"":""report_1"",""share_choice"":""none"",""comment_choice"":""neutral"",""like_choice"":""none"",""reason"":""报道1提到的门诊应对和学校防控措施更具体，能解释当前波动情况，而报道2的担忧主要基于网络传言和个别案例。""}"
main,influenza_a,independent,main_baseline_neutral,none,negative,positive,28,1,True,,negative,negative,none,neutral,none,报道1中提到的'高热反复、恢复时间拖长'和'刚好转又反复'的具体症状描述比报道2的'短期发热、几天内缓解'更符合背景中提到的'恢复慢、复查观察和症状拖延'线索。,,1.0,1,0,0,1,"{""final_choice"":""report_1"",""credible_choice"":""report_1"",""share_choice"":""none"",""comment_choice"":""neutral"",""like_choice"":""none"",""reason"":""报道1中提到的'高热反复、恢复时间拖长'和'刚好转又反复'的具体症状描述比报道2的'短期发热、几天内缓解'更符合背景中提到的'恢复慢、复查观察和症状拖延'线索。""}"
main,influenza_a,independent,main_baseline_neutral,none,positive,negative,29,1,True,,positive,positive,none,neutral,none,报道1中的具体治疗和恢复路径更明确，而报道2的风险线索多为网络传言和零散个案。,,0.0,0,0,0,0,"{""final_choice"":""report_1"",""credible_choice"":""report_1"",""share_choice"":""none"",""comment_choice"":""neutral"",""like_choice"":""none"",""reason"":""报道1中的具体治疗和恢复路径更明确，而报道2的风险线索多为网络传言和零散个案。""}"
main,influenza_a,independent,main_baseline_neutral,none,negative,positive,30,1,True,,negative,negative,none,neutral,none,报道1中提到的恢复时间拖长和'刚好转又反复'的具体经历比报道2的'通常能在几天内明显缓解'更符合背景中提到的争论升温。,,1.0,1,0,0,1,"{""final_choice"":""report_1"",""credible_choice"":""report_1"",""share_choice"":""none"",""comment_choice"":""neutral"",""like_choice"":""none"",""reason"":""报道1中提到的恢复时间拖长和'刚好转又反复'的具体经历比报道2的'通常能在几天内明显缓解'更符合背景中提到的争论升温。""}"
main,influenza_a,independent,main_baseline_neutral,none,positive,negative,31,1,True,,positive,positive,none,neutral,none,报道1中提到的恢复较快和常规治疗有效的情况比报道2中少数恢复拖长的个案更具普遍性和说服力。,,0.0,0,0,0,0,"{""final_choice"":""report_1"",""credible_choice"":""report_1"",""share_choice"":""none"",""comment_choice"":""neutral"",""like_choice"":""none"",""reason"":""报道1中提到的恢复较快和常规治疗有效的情况比报道2中少数恢复拖长的个案更具普遍性和说服力。""}"
main,influenza_a,independent,main_baseline_neutral,none,negative,positive,32,1,True,,negative,negative,none,neutral,none,报道1中提到的'高热反复'、'恢复时间拖长'和'家庭班级交叉感染压力'更具体地解释了当前流感季的挑战，这些具体线索比报道2中的'短期发热'和'几天内缓解'更能与背景中提到的'传播趋势担忧'相呼应。,,1.0,1,0,0,1,"{""final_choice"":""report_1"",""credible_choice"":""report_1"",""share_choice"":""none"",""comment_choice"":""neutral"",""like_choice"":""none"",""reason"":""报道1中提到的'高热反复'、'恢复时间拖长'和'家庭班级交叉感染压力'更具体地解释了当前流感季的挑战，这些具体线索比报道2中的'短期发热'和'几天内缓解'更能与背景中提到的'传播趋势担忧'相呼应。""}"
main,influenza_a,independent,main_baseline_neutral,none,positive,negative,33,1,True,,positive,positive,none,neutral,none,报道1提供了更具体的恢复时间和应对措施，而报道2的风险线索多为零散个案。,,0.0,0,0,0,0,"{""final_choice"":""report_1"",""credible_choice"":""report_1"",""share_choice"":""none"",""comment_choice"":""neutral"",""like_choice"":""none"",""reason"":""报道1提供了更具体的恢复时间和应对措施，而报道2的风险线索多为零散个案。""}"
main,influenza_a,independent,main_baseline_neutral,none,negative,positive,34,1,True,,negative,negative,none,neutral,none,报道1中提到的'高热反复、恢复时间拖长'和'刚好转又反复'的具体经历比报道2的'几天内明显缓解'更符合背景中讨论的传播趋势担忧。,,1.0,1,0,0,1,"{""final_choice"":""report_1"",""credible_choice"":""report_1"",""share_choice"":""none"",""comment_choice"":""neutral"",""like_choice"":""none"",""reason"":""报道1中提到的'高热反复、恢复时间拖长'和'刚好转又反复'的具体经历比报道2的'几天内明显缓解'更符合背景中讨论的传播趋势担忧。""}"
main,influenza_a,independent,main_baseline_neutral,none,positive,negative,35,1,True,,positive,positive,none,neutral,none,报道1中一线医生、家长和老师的具体经验更一致地表明症状可控且传播链可压住，而报道2的担忧多来自网络传闻和个案，缺乏类似的具体来源支持。,,0.0,0,0,0,0,"{""final_choice"":""report_1"",""credible_choice"":""report_1"",""share_choice"":""none"",""comment_choice"":""neutral"",""like_choice"":""none"",""reason"":""报道1中一线医生、家长和老师的具体经验更一致地表明症状可控且传播链可压住，而报道2的担忧多来自网络传闻和个案，缺乏类似的具体来源支持。""}"
main,influenza_a,independent,main_baseline_neutral,none,negative,positive,36,1,True,,negative,negative,none,neutral,none,报道1中提到的'高热反复、恢复时间拖长'和'刚好转又反复'的具体经历比报道2的'几天内明显缓解'更符合当前流感病例增加的背景。,,1.0,1,0,0,1,"{""final_choice"":""report_1"",""credible_choice"":""report_1"",""share_choice"":""none"",""comment_choice"":""neutral"",""like_choice"":""none"",""reason"":""报道1中提到的'高热反复、恢复时间拖长'和'刚好转又反复'的具体经历比报道2的'几天内明显缓解'更符合当前流感病例增加的背景。""}"
main,influenza_a,independent,main_baseline_neutral,none,positive,negative,37,1,True,,positive,positive,none,neutral,none,报道1中提到的门诊应对措施和学校防控效果更具操作性，而报道2的风险描述多为网络传言和个别案例。,,0.0,0,0,0,0,"{""final_choice"":""report_1"",""credible_choice"":""report_1"",""share_choice"":""none"",""comment_choice"":""neutral"",""like_choice"":""none"",""reason"":""报道1中提到的门诊应对措施和学校防控效果更具操作性，而报道2的风险描述多为网络传言和个别案例。""}"
main,influenza_a,independent,main_baseline_neutral,none,negative,positive,38,1,True,,negative,negative,none,neutral,none,报道1中提到的'高热反复'、'恢复时间拖长'和'交叉感染压力'等具体风险线索更为连续和具体，而报道2中的'短期发热'和'几天内缓解'描述相对常规。,,1.0,1,0,0,1,"{""final_choice"":""report_1"",""credible_choice"":""report_1"",""share_choice"":""none"",""comment_choice"":""neutral"",""like_choice"":""none"",""reason"":""报道1中提到的'高热反复'、'恢复时间拖长'和'交叉感染压力'等具体风险线索更为连续和具体，而报道2中的'短期发热'和'几天内缓解'描述相对常规。""}"
main,influenza_a,independent,main_baseline_neutral,none,positive,negative,39,1,True,,positive,positive,none,neutral,none,报道1中提到的具体症状表现、治疗反应和学校应对措施更为具体和一致。,,0.0,0,0,0,0,"{""final_choice"":""report_1"",""credible_choice"":""report_1"",""share_choice"":""none"",""comment_choice"":""neutral"",""like_choice"":""none"",""reason"":""报道1中提到的具体症状表现、治疗反应和学校应对措施更为具体和一致。""}"
main,influenza_a,independent,main_baseline_neutral,none,negative,positive,40,1,True,,negative,negative,none,neutral,none,报道1中提到的'高热反复、恢复时间拖长'和'家庭和班级内部交叉感染压力'等具体风险线索更贴近当前公众讨论的担忧点。,,1.0,1,0,0,1,"{""final_choice"":""report_1"",""credible_choice"":""report_1"",""share_choice"":""none"",""comment_choice"":""neutral"",""like_choice"":""none"",""reason"":""报道1中提到的'高热反复、恢复时间拖长'和'家庭和班级内部交叉感染压力'等具体风险线索更贴近当前公众讨论的担忧点。""}"
main,influenza_a,independent,main_baseline_neutral,none,positive,negative,41,1,True,,positive,positive,none,neutral,none,报道1中提到的短期发热和常规治疗后几天内缓解的具体恢复路径，比报道2中'恢复拖长'的模糊描述更有说服力。,,0.0,0,0,0,0,"{""final_choice"":""report_1"",""credible_choice"":""report_1"",""share_choice"":""none"",""comment_choice"":""neutral"",""like_choice"":""none"",""reason"":""报道1中提到的短期发热和常规治疗后几天内缓解的具体恢复路径，比报道2中'恢复拖长'的模糊描述更有说服力。""}"
main,influenza_a,independent,main_baseline_neutral,none,negative,positive,42,1,True,,negative,negative,none,neutral,none,报道1中提到的'高热反复、恢复时间拖长'和'刚好转又反复'的具体经历，比报道2中的一般性描述更能反映当前可能的现实压力。,,1.0,1,0,0,1,"{""final_choice"":""report_1"",""credible_choice"":""report_1"",""share_choice"":""none"",""comment_choice"":""neutral"",""like_choice"":""none"",""reason"":""报道1中提到的'高热反复、恢复时间拖长'和'刚好转又反复'的具体经历，比报道2中的一般性描述更能反映当前可能的现实压力。""}"
main,influenza_a,independent,main_baseline_neutral,none,positive,negative,43,1,True,,neutral,neutral,none,neutral,none,两篇报道都提供了具体线索，报道1强调症状可控和常规治疗有效，报道2则提到恢复慢和反复感染，两边证据旗鼓相当。,,0.5,0,0,0,0,"{""final_choice"":""neutral"",""credible_choice"":""neutral"",""share_choice"":""none"",""comment_choice"":""neutral"",""like_choice"":""none"",""reason"":""两篇报道都提供了具体线索，报道1强调症状可控和常规治疗有效，报道2则提到恢复慢和反复感染，两边证据旗鼓相当。""}"
main,influenza_a,independent,main_baseline_neutral,none,negative,positive,44,1,True,,negative,negative,none,neutral,none,报道1中提到的'高热反复'、'恢复时间拖长'和'刚好转又反复'的具体症状描述比报道2的'短期发热'、'几天内缓解'更具体地反映了潜在风险。,,1.0,1,0,0,1,"{""final_choice"":""report_1"",""credible_choice"":""report_1"",""share_choice"":""none"",""comment_choice"":""neutral"",""like_choice"":""none"",""reason"":""报道1中提到的'高热反复'、'恢复时间拖长'和'刚好转又反复'的具体症状描述比报道2的'短期发热'、'几天内缓解'更具体地反映了潜在风险。""}"
main,influenza_a,independent,main_baseline_neutral,none,positive,negative,45,1,True,,positive,positive,none,neutral,none,报道1中提到的医生、家长和老师的具体观察以及学校社区的实际应对措施，比报道2中零散的网友经历更具代表性和一致性。,,0.0,0,0,0,0,"{""final_choice"":""report_1"",""credible_choice"":""report_1"",""share_choice"":""none"",""comment_choice"":""neutral"",""like_choice"":""none"",""reason"":""报道1中提到的医生、家长和老师的具体观察以及学校社区的实际应对措施，比报道2中零散的网友经历更具代表性和一致性。""}"
main,influenza_a,independent,main_baseline_neutral,none,negative,positive,46,1,True,,negative,negative,none,neutral,none,报道1中提到的'恢复时间拖长'和'刚好转又反复'的具体经历比报道2的'几天内明显缓解'更符合背景中提到的担忧。,,1.0,1,0,0,1,"{""final_choice"":""report_1"",""credible_choice"":""report_1"",""share_choice"":""none"",""comment_choice"":""neutral"",""like_choice"":""none"",""reason"":""报道1中提到的'恢复时间拖长'和'刚好转又反复'的具体经历比报道2的'几天内明显缓解'更符合背景中提到的担忧。""}"
main,influenza_a,independent,main_baseline_neutral,none,positive,negative,47,1,True,,positive,positive,none,neutral,none,报道1提供了更多具体应对措施和恢复路径，而报道2的风险线索较为零散且缺乏系统性描述。,,0.0,0,0,0,0,"{""final_choice"":""report_1"",""credible_choice"":""report_1"",""share_choice"":""none"",""comment_choice"":""neutral"",""like_choice"":""none"",""reason"":""报道1提供了更多具体应对措施和恢复路径，而报道2的风险线索较为零散且缺乏系统性描述。""}"
main,influenza_a,independent,main_baseline_neutral,none,negative,positive,48,1,True,,negative,negative,none,neutral,none,报道1提到的'高热反复'、'恢复时间拖长'和'刚好转又反复'的具体症状描述更符合背景中提到的'公众持续讨论传播趋势'，而报道2的'几天内明显缓解'相对笼统。,,1.0,1,0,0,1,"{""final_choice"":""report_1"",""credible_choice"":""report_1"",""share_choice"":""none"",""comment_choice"":""neutral"",""like_choice"":""none"",""reason"":""报道1提到的'高热反复'、'恢复时间拖长'和'刚好转又反复'的具体症状描述更符合背景中提到的'公众持续讨论传播趋势'，而报道2的'几天内明显缓解'相对笼统。""}"
main,influenza_a,independent,main_baseline_neutral,none,positive,negative,49,1,True,,positive,positive,none,neutral,none,报道1提供了更具体的临床描述和应对措施，而报道2的风险线索多为网络传闻，缺乏具体细节。,,0.0,0,0,0,0,"{""final_choice"":""report_1"",""credible_choice"":""report_1"",""share_choice"":""none"",""comment_choice"":""neutral"",""like_choice"":""none"",""reason"":""报道1提供了更具体的临床描述和应对措施，而报道2的风险线索多为网络传闻，缺乏具体细节。""}"
main,influenza_a,independent,main_baseline_neutral,none,negative,positive,50,1,True,,negative,negative,none,neutral,none,报道1中提到的'高热反复'、'恢复时间拖长'和'刚好转又反复'等具体症状描述更贴近背景中提到的'门诊量波动'和'网络经验贴增多'现象。,,1.0,1,0,0,1,"{""final_choice"":""report_1"",""credible_choice"":""report_1"",""share_choice"":""none"",""comment_choice"":""neutral"",""like_choice"":""none"",""reason"":""报道1中提到的'高热反复'、'恢复时间拖长'和'刚好转又反复'等具体症状描述更贴近背景中提到的'门诊量波动'和'网络经验贴增多'现象。""}"
main,influenza_a,independent,main_baseline_neutral,none,positive,negative,51,1,True,,positive,positive,none,neutral,none,报道1提到发热和症状通常能在几天内缓解，且学校和社区通过常规措施能控制传播，这些具体恢复和应对线索比报道2的零散个案更可信。,,0.0,0,0,0,0,"{""final_choice"":""report_1"",""credible_choice"":""report_1"",""share_choice"":""none"",""comment_choice"":""neutral"",""like_choice"":""none"",""reason"":""报道1提到发热和症状通常能在几天内缓解，且学校和社区通过常规措施能控制传播，这些具体恢复和应对线索比报道2的零散个案更可信。""}"
main,influenza_a,independent,main_baseline_neutral,none,negative,positive,52,1,True,,negative,negative,none,neutral,none,报道1中提到的'高热反复、恢复时间拖长'和'家庭班级交叉感染压力'更直接解释了背景中'门诊候诊时间变长'和'刚好转又反复'的具体现象。,,1.0,1,0,0,1,"{""final_choice"":""report_1"",""credible_choice"":""report_1"",""share_choice"":""none"",""comment_choice"":""neutral"",""like_choice"":""none"",""reason"":""报道1中提到的'高热反复、恢复时间拖长'和'家庭班级交叉感染压力'更直接解释了背景中'门诊候诊时间变长'和'刚好转又反复'的具体现象。""}"
main,influenza_a,independent,main_baseline_neutral,none,positive,negative,53,1,True,,positive,positive,none,neutral,none,报道1中提到一线医生、家长和学校的具体经验更一致，且明确指出不同地区差异，而报道2的网络消息多混杂零散个案。,,0.0,0,0,0,0,"{""final_choice"":""report_1"",""credible_choice"":""report_1"",""share_choice"":""none"",""comment_choice"":""neutral"",""like_choice"":""none"",""reason"":""报道1中提到一线医生、家长和学校的具体经验更一致，且明确指出不同地区差异，而报道2的网络消息多混杂零散个案。""}"
main,influenza_a,independent,main_baseline_neutral,none,negative,positive,54,1,True,,negative,negative,none,neutral,none,报道1中提到的'高热反复、恢复时间拖长'和'家庭班级交叉感染压力'更具体地解释了背景中提到的门诊量波动和经验贴增多现象。,,1.0,1,0,0,1,"{""final_choice"":""report_1"",""credible_choice"":""report_1"",""share_choice"":""none"",""comment_choice"":""neutral"",""like_choice"":""none"",""reason"":""报道1中提到的'高热反复、恢复时间拖长'和'家庭班级交叉感染压力'更具体地解释了背景中提到的门诊量波动和经验贴增多现象。""}"
main,influenza_a,independent,main_baseline_neutral,none,positive,negative,55,1,True,,positive,positive,none,neutral,none,报道1提供了更多一线医生和学校的具体应对经验，且明确区分了地区差异，比报道2的零散网友经历更有参考价值。,,0.0,0,0,0,0,"{""final_choice"":""report_1"",""credible_choice"":""report_1"",""share_choice"":""none"",""comment_choice"":""neutral"",""like_choice"":""none"",""reason"":""报道1提供了更多一线医生和学校的具体应对经验，且明确区分了地区差异，比报道2的零散网友经历更有参考价值。""}"
main,influenza_a,independent,main_baseline_neutral,none,negative,positive,56,1,True,,negative,negative,none,neutral,none,报道1中提到的'高热反复'、'恢复时间拖长'和'刚好转又反复'的具体描述，比报道2中'几天内明显缓解'的概括性说法更符合背景中'恢复慢'的讨论线索。,,1.0,1,0,0,1,"{""final_choice"":""report_1"",""credible_choice"":""report_1"",""share_choice"":""none"",""comment_choice"":""neutral"",""like_choice"":""none"",""reason"":""报道1中提到的'高热反复'、'恢复时间拖长'和'刚好转又反复'的具体描述，比报道2中'几天内明显缓解'的概括性说法更符合背景中'恢复慢'的讨论线索。""}"
main,influenza_a,independent,main_baseline_neutral,none,positive,negative,57,1,True,,positive,positive,none,neutral,none,报道1中提到的医生、家长和学校的具体应对措施和恢复情况更符合常规流感特征，且提到了不同地区的差异性，比报道2中的网络传言更有说服力。,,0.0,0,0,0,0,"{""final_choice"":""report_1"",""credible_choice"":""report_1"",""share_choice"":""none"",""comment_choice"":""neutral"",""like_choice"":""none"",""reason"":""报道1中提到的医生、家长和学校的具体应对措施和恢复情况更符合常规流感特征，且提到了不同地区的差异性，比报道2中的网络传言更有说服力。""}"
main,influenza_a,independent,main_baseline_neutral,none,negative,positive,58,1,True,,negative,negative,none,neutral,none,报道1中'高热反复、恢复时间拖长'和'刚好转又反复'的具体描述比报道2的'几天内明显缓解'更符合背景中提到的'恢复慢、复查观察和症状拖延'线索。,,1.0,1,0,0,1,"{""final_choice"":""report_1"",""credible_choice"":""report_1"",""share_choice"":""none"",""comment_choice"":""neutral"",""like_choice"":""none"",""reason"":""报道1中'高热反复、恢复时间拖长'和'刚好转又反复'的具体描述比报道2的'几天内明显缓解'更符合背景中提到的'恢复慢、复查观察和症状拖延'线索。""}"
main,influenza_a,independent,main_baseline_neutral,none,positive,negative,59,1,True,,positive,positive,none,neutral,none,报道1提供了更具体的恢复路径和应对措施，比报道2的零散个案更有说服力。,,0.0,0,0,0,0,"{""final_choice"":""report_1"",""credible_choice"":""report_1"",""share_choice"":""none"",""comment_choice"":""neutral"",""like_choice"":""none"",""reason"":""报道1提供了更具体的恢复路径和应对措施，比报道2的零散个案更有说服力。""}"
main,influenza_a,independent,main_baseline_neutral,none,negative,positive,60,1,True,,negative,negative,none,neutral,none,报道1中提到的'高热反复'、'恢复时间拖长'和'交叉感染压力'等具体风险线索，比报道2中'短期发热'和'几天内缓解'的描述更能解释背景中公众担忧的原因。,,1.0,1,0,0,1,"{""final_choice"":""report_1"",""credible_choice"":""report_1"",""share_choice"":""none"",""comment_choice"":""neutral"",""like_choice"":""none"",""reason"":""报道1中提到的'高热反复'、'恢复时间拖长'和'交叉感染压力'等具体风险线索，比报道2中'短期发热'和'几天内缓解'的描述更能解释背景中公众担忧的原因。""}"
main,influenza_a,independent,main_baseline_neutral,none,positive,negative,61,1,True,,positive,positive,none,neutral,none,报道1中明确提到'大部分病例表现为短期发热、乏力和上呼吸道症状，经过休息、退热和常规治疗后通常能在几天内明显缓解'，这种具体恢复描述比报道2中的'恢复时间拖长'和'高热反复'更符合季节性流感的常规特征。,,0.0,0,0,0,0,"{""final_choice"":""report_1"",""credible_choice"":""report_1"",""share_choice"":""none"",""comment_choice"":""neutral"",""like_choice"":""none"",""reason"":""报道1中明确提到'大部分病例表现为短期发热、乏力和上呼吸道症状，经过休息、退热和常规治疗后通常能在几天内明显缓解'，这种具体恢复描述比报道2中的'恢复时间拖长'和'高热反复'更符合季节性流感的常规特征。""}"
main,influenza_a,independent,main_baseline_neutral,none,negative,positive,62,1,True,,negative,negative,none,support_negative,negative,报道1中反复出现的高热反复、恢复时间拖长和交叉感染压力更具体，更能解释背景中的门诊量波动和经验贴增多现象。,,1.0,1,0,1,3,"{""final_choice"":""report_1"",""credible_choice"":""report_1"",""share_choice"":""none"",""comment_choice"":""support_report_1"",""like_choice"":""report_1"",""reason"":""报道1中反复出现的高热反复、恢复时间拖长和交叉感染压力更具体，更能解释背景中的门诊量波动和经验贴增多现象。""}"
main,influenza_a,independent,main_baseline_neutral,none,positive,negative,63,1,True,,positive,positive,none,neutral,none,报道1提供了更多一线医生、家长和老师的具体反馈，以及明确的应对措施和恢复时间，这些具体线索比报道2的零散个案更有说服力。,,0.0,0,0,0,0,"{""final_choice"":""report_1"",""credible_choice"":""report_1"",""share_choice"":""none"",""comment_choice"":""neutral"",""like_choice"":""none"",""reason"":""报道1提供了更多一线医生、家长和老师的具体反馈，以及明确的应对措施和恢复时间，这些具体线索比报道2的零散个案更有说服力。""}"
main,influenza_a,independent,main_baseline_neutral,none,negative,positive,64,1,True,,negative,negative,none,neutral,none,报道1中的高热反复、恢复时间拖长以及交叉感染压力等具体风险线索比报道2的常规恢复描述更具体。,,1.0,1,0,0,1,"{""final_choice"":""report_1"",""credible_choice"":""report_1"",""share_choice"":""none"",""comment_choice"":""neutral"",""like_choice"":""none"",""reason"":""报道1中的高热反复、恢复时间拖长以及交叉感染压力等具体风险线索比报道2的常规恢复描述更具体。""}"
main,influenza_a,independent,main_baseline_neutral,none,positive,negative,65,1,True,,positive,positive,none,neutral,none,报道1中医生、家长和老师的具体经验描述比报道2中零散的网络个案更系统、更一致。,,0.0,0,0,0,0,"{""final_choice"":""report_1"",""credible_choice"":""report_1"",""share_choice"":""none"",""comment_choice"":""neutral"",""like_choice"":""none"",""reason"":""报道1中医生、家长和老师的具体经验描述比报道2中零散的网络个案更系统、更一致。""}"
main,influenza_a,independent,main_baseline_neutral,none,negative,positive,66,1,True,,negative,negative,none,neutral,none,报道1中提到的'高热反复'、'恢复时间拖长'和'刚好转又反复'的具体经历更符合背景中'恢复慢'的担忧线索。,,1.0,1,0,0,1,"{""final_choice"":""report_1"",""credible_choice"":""report_1"",""share_choice"":""none"",""comment_choice"":""neutral"",""like_choice"":""none"",""reason"":""报道1中提到的'高热反复'、'恢复时间拖长'和'刚好转又反复'的具体经历更符合背景中'恢复慢'的担忧线索。""}"
main,influenza_a,independent,main_baseline_neutral,none,positive,negative,67,1,True,,positive,positive,none,neutral,none,报道1中提到的门诊应对能力和学校防控措施更具体，而报道2的风险线索多来自网络传言，缺乏具体数据支持。,,0.0,0,0,0,0,"{""final_choice"":""report_1"",""credible_choice"":""report_1"",""share_choice"":""none"",""comment_choice"":""neutral"",""like_choice"":""none"",""reason"":""报道1中提到的门诊应对能力和学校防控措施更具体，而报道2的风险线索多来自网络传言，缺乏具体数据支持。""}"
main,influenza_a,independent,main_baseline_neutral,none,negative,positive,68,1,True,,negative,negative,none,neutral,none,报道1中反复出现的高热反复、恢复时间拖长和交叉感染压力等具体风险线索，比报道2中的一般性应对描述更能解释背景中提到的公众讨论升温现象。,,1.0,1,0,0,1,"{""final_choice"":""report_1"",""credible_choice"":""report_1"",""share_choice"":""none"",""comment_choice"":""neutral"",""like_choice"":""none"",""reason"":""报道1中反复出现的高热反复、恢复时间拖长和交叉感染压力等具体风险线索，比报道2中的一般性应对描述更能解释背景中提到的公众讨论升温现象。""}"
main,influenza_a,independent,main_baseline_neutral,none,positive,negative,69,1,True,,positive,positive,none,neutral,none,报道1提供了更具体的恢复路径和防控措施实例，而报道2的风险线索多为转述和零散个案。,,0.0,0,0,0,0,"{""final_choice"":""report_1"",""credible_choice"":""report_1"",""share_choice"":""none"",""comment_choice"":""neutral"",""like_choice"":""none"",""reason"":""报道1提供了更具体的恢复路径和防控措施实例，而报道2的风险线索多为转述和零散个案。""}"
main,influenza_a,independent,main_baseline_neutral,none,negative,positive,70,1,True,,negative,negative,none,neutral,none,报道1中提到的'高热反复、恢复时间拖长'和'刚好转又反复'的具体个人体验比报道2中的'短期发热、几天内缓解'更符合背景中提到的'讨论升温'和'担忧'。,,1.0,1,0,0,1,"{""final_choice"":""report_1"",""credible_choice"":""report_1"",""share_choice"":""none"",""comment_choice"":""neutral"",""like_choice"":""none"",""reason"":""报道1中提到的'高热反复、恢复时间拖长'和'刚好转又反复'的具体个人体验比报道2中的'短期发热、几天内缓解'更符合背景中提到的'讨论升温'和'担忧'。""}"
main,influenza_a,independent,main_baseline_neutral,none,positive,negative,71,1,True,,positive,positive,none,neutral,none,报道1提到大部分病例表现为短期发热和常规治疗后几天内缓解，具体恢复路径更清晰，而报道2中的恢复拖长描述相对模糊且混杂零散个案。,,0.0,0,0,0,0,"{""final_choice"":""report_1"",""credible_choice"":""report_1"",""share_choice"":""none"",""comment_choice"":""neutral"",""like_choice"":""none"",""reason"":""报道1提到大部分病例表现为短期发热和常规治疗后几天内缓解，具体恢复路径更清晰，而报道2中的恢复拖长描述相对模糊且混杂零散个案。""}"
main,influenza_a,independent,main_baseline_neutral,none,negative,positive,72,1,True,,negative,negative,none,neutral,none,报道1中提到的高热反复、恢复时间拖长和交叉感染压力等具体风险线索，比报道2中的一般性缓解描述更符合背景中讨论的'是否需要提高警惕'的争议焦点。,,1.0,1,0,0,1,"{""final_choice"":""report_1"",""credible_choice"":""report_1"",""share_choice"":""none"",""comment_choice"":""neutral"",""like_choice"":""none"",""reason"":""报道1中提到的高热反复、恢复时间拖长和交叉感染压力等具体风险线索，比报道2中的一般性缓解描述更符合背景中讨论的'是否需要提高警惕'的争议焦点。""}"
main,influenza_a,independent,main_baseline_neutral,none,positive,negative,73,1,True,,positive,positive,none,neutral,none,报道1提供了更多一线医疗人员和学校管理者的具体应对经验，以及明确的恢复路径和时间框架，而报道2的风险线索更多基于网络传闻和零散个案。,,0.0,0,0,0,0,"{""final_choice"":""report_1"",""credible_choice"":""report_1"",""share_choice"":""none"",""comment_choice"":""neutral"",""like_choice"":""none"",""reason"":""报道1提供了更多一线医疗人员和学校管理者的具体应对经验，以及明确的恢复路径和时间框架，而报道2的风险线索更多基于网络传闻和零散个案。""}"
main,influenza_a,independent,main_baseline_neutral,none,negative,positive,74,1,True,,negative,negative,none,neutral,none,报道1中提到的'高热反复、恢复时间拖长'和'刚好转又反复'的具体体验比报道2的'短期发热'和'几天内缓解'更符合当前流感传播趋势的复杂性。,,1.0,1,0,0,1,"{""final_choice"":""report_1"",""credible_choice"":""report_1"",""share_choice"":""none"",""comment_choice"":""neutral"",""like_choice"":""none"",""reason"":""报道1中提到的'高热反复、恢复时间拖长'和'刚好转又反复'的具体体验比报道2的'短期发热'和'几天内缓解'更符合当前流感传播趋势的复杂性。""}"
main,influenza_a,independent,main_baseline_neutral,none,positive,negative,75,1,True,,positive,positive,none,neutral,none,报道1提供了具体的临床观察和应对措施，而报道2的风险线索较为零散且缺乏具体数据支持。,,0.0,0,0,0,0,"{""final_choice"":""report_1"",""credible_choice"":""report_1"",""share_choice"":""none"",""comment_choice"":""neutral"",""like_choice"":""none"",""reason"":""报道1提供了具体的临床观察和应对措施，而报道2的风险线索较为零散且缺乏具体数据支持。""}"
main,influenza_a,independent,main_baseline_neutral,none,negative,positive,76,1,True,,negative,negative,none,neutral,none,报道1中提到的恢复时间拖长和'刚好转又反复'的具体经历比报道2的短期缓解描述更符合背景信息中公众的担忧。,,1.0,1,0,0,1,"{""final_choice"":""report_1"",""credible_choice"":""report_1"",""share_choice"":""none"",""comment_choice"":""neutral"",""like_choice"":""none"",""reason"":""报道1中提到的恢复时间拖长和'刚好转又反复'的具体经历比报道2的短期缓解描述更符合背景信息中公众的担忧。""}"
main,influenza_a,independent,main_baseline_neutral,none,positive,negative,77,1,True,,positive,positive,none,neutral,none,报道1提到了一线医生、家长和老师的具体观察，以及学校和社区的应对措施，提供了更系统的应对路径和恢复证据。,,0.0,0,0,0,0,"{""final_choice"":""report_1"",""credible_choice"":""report_1"",""share_choice"":""none"",""comment_choice"":""neutral"",""like_choice"":""none"",""reason"":""报道1提到了一线医生、家长和老师的具体观察，以及学校和社区的应对措施，提供了更系统的应对路径和恢复证据。""}"
main,influenza_a,independent,main_baseline_neutral,none,negative,positive,78,1,True,,negative,negative,none,neutral,none,报道1中提到的'高热反复、恢复时间拖长'和'刚好转又反复'的具体症状描述比报道2的'几天内明显缓解'更符合背景中'恢复慢、复查观察和症状拖延'的线索。,,1.0,1,0,0,1,"{""final_choice"":""report_1"",""credible_choice"":""report_1"",""share_choice"":""none"",""comment_choice"":""neutral"",""like_choice"":""none"",""reason"":""报道1中提到的'高热反复、恢复时间拖长'和'刚好转又反复'的具体症状描述比报道2的'几天内明显缓解'更符合背景中'恢复慢、复查观察和症状拖延'的线索。""}"
main,influenza_a,independent,main_baseline_neutral,none,positive,negative,79,1,True,,positive,positive,none,neutral,none,报道1提供了更具体的治疗和应对措施，以及更明确的恢复时间线。,,0.0,0,0,0,0,"{""final_choice"":""report_1"",""credible_choice"":""report_1"",""share_choice"":""none"",""comment_choice"":""neutral"",""like_choice"":""none"",""reason"":""报道1提供了更具体的治疗和应对措施，以及更明确的恢复时间线。""}"
main,influenza_a,independent,main_baseline_neutral,none,negative,positive,80,1,True,,negative,negative,none,neutral,none,报道1中反复出现的恢复慢、症状反复和门诊压力更具体，这些具体风险线索比报道2的常规应对描述更能解释当前情况。,,1.0,1,0,0,1,"{""final_choice"":""report_1"",""credible_choice"":""report_1"",""share_choice"":""none"",""comment_choice"":""neutral"",""like_choice"":""none"",""reason"":""报道1中反复出现的恢复慢、症状反复和门诊压力更具体，这些具体风险线索比报道2的常规应对描述更能解释当前情况。""}"
main,influenza_a,independent,main_baseline_neutral,none,positive,negative,81,1,True,,positive,positive,none,neutral,none,报道1中提到的常规治疗和快速恢复的描述更具体，且提到了学校和社区的应对措施能有效控制传播。,,0.0,0,0,0,0,"{""final_choice"":""report_1"",""credible_choice"":""report_1"",""share_choice"":""none"",""comment_choice"":""neutral"",""like_choice"":""none"",""reason"":""报道1中提到的常规治疗和快速恢复的描述更具体，且提到了学校和社区的应对措施能有效控制传播。""}"
main,influenza_a,independent,main_baseline_neutral,none,negative,positive,82,1,True,,negative,negative,none,support_negative,negative,报道1提到了更具体的恢复慢、反复高热和就医压力等实际体验，这些细节比报道2的常规描述更能解释当前流感传播的复杂性。,,1.0,1,0,1,3,"{""final_choice"":""report_1"",""credible_choice"":""report_1"",""share_choice"":""none"",""comment_choice"":""support_report_1"",""like_choice"":""report_1"",""reason"":""报道1提到了更具体的恢复慢、反复高热和就医压力等实际体验，这些细节比报道2的常规描述更能解释当前流感传播的复杂性。""}"
main,influenza_a,independent,main_baseline_neutral,none,positive,negative,83,1,True,,neutral,neutral,none,neutral,none,报道1强调常规治疗可快速缓解和学校防控有效，报道2则提到高热反复、恢复拖长和交叉感染压力，两边都有具体但不同的医疗和社会线索，无法确定哪一方更全面反映当前情况。,,0.5,0,0,0,0,"{""final_choice"":""neutral"",""credible_choice"":""neutral"",""share_choice"":""none"",""comment_choice"":""neutral"",""like_choice"":""none"",""reason"":""报道1强调常规治疗可快速缓解和学校防控有效，报道2则提到高热反复、恢复拖长和交叉感染压力，两边都有具体但不同的医疗和社会线索，无法确定哪一方更全面反映当前情况。""}"
main,influenza_a,independent,main_baseline_neutral,none,negative,positive,84,1,True,,negative,negative,none,neutral,none,报道1中关于患者高热反复、恢复时间拖长以及家庭班级交叉感染的具体描述更具体，更符合背景中提到的公众担忧。,,1.0,1,0,0,1,"{""final_choice"":""report_1"",""credible_choice"":""report_1"",""share_choice"":""none"",""comment_choice"":""neutral"",""like_choice"":""none"",""reason"":""报道1中关于患者高热反复、恢复时间拖长以及家庭班级交叉感染的具体描述更具体，更符合背景中提到的公众担忧。""}"
main,influenza_a,independent,main_baseline_neutral,none,positive,negative,85,1,True,,positive,positive,none,neutral,none,报道1提供了更具体的医疗应对路径和恢复时间描述，而报道2中的担忧更多是基于零散个案。,,0.0,0,0,0,0,"{""final_choice"":""report_1"",""credible_choice"":""report_1"",""share_choice"":""none"",""comment_choice"":""neutral"",""like_choice"":""none"",""reason"":""报道1提供了更具体的医疗应对路径和恢复时间描述，而报道2中的担忧更多是基于零散个案。""}"
main,influenza_a,independent,main_baseline_neutral,none,negative,positive,86,1,True,,negative,negative,none,neutral,none,报道1中提到的恢复时间拖长和'刚好转又反复'的具体经历比报道2的常规缓解描述更贴近背景中的担忧。,,1.0,1,0,0,1,"{""final_choice"":""report_1"",""credible_choice"":""report_1"",""share_choice"":""none"",""comment_choice"":""neutral"",""like_choice"":""none"",""reason"":""报道1中提到的恢复时间拖长和'刚好转又反复'的具体经历比报道2的常规缓解描述更贴近背景中的担忧。""}"
main,influenza_a,independent,main_baseline_neutral,none,positive,negative,87,1,True,,positive,positive,none,neutral,none,报道1中一线医生、家长和老师的具体经验表明大多数病例症状较轻且可快速缓解，而报道2的网络消息多基于零散个案，缺乏具体来源。,,0.0,0,0,0,0,"{""final_choice"":""report_1"",""credible_choice"":""report_1"",""share_choice"":""none"",""comment_choice"":""neutral"",""like_choice"":""none"",""reason"":""报道1中一线医生、家长和老师的具体经验表明大多数病例症状较轻且可快速缓解，而报道2的网络消息多基于零散个案，缺乏具体来源。""}"
main,influenza_a,independent,main_baseline_neutral,none,negative,positive,88,1,True,,negative,negative,none,neutral,none,报道1提到的恢复时间长、反复感染和门诊压力增加等具体风险线索比报道2的常规描述更符合背景中提到的'传播趋势担忧'。,,1.0,1,0,0,1,"{""final_choice"":""report_1"",""credible_choice"":""report_1"",""share_choice"":""none"",""comment_choice"":""neutral"",""like_choice"":""none"",""reason"":""报道1提到的恢复时间长、反复感染和门诊压力增加等具体风险线索比报道2的常规描述更符合背景中提到的'传播趋势担忧'。""}"
main,influenza_a,independent,main_baseline_neutral,none,positive,negative,89,1,True,,positive,positive,none,neutral,none,报道1提供了更具体的症状描述和应对措施，而报道2的风险线索较为零散。,,0.0,0,0,0,0,"{""final_choice"":""report_1"",""credible_choice"":""report_1"",""share_choice"":""none"",""comment_choice"":""neutral"",""like_choice"":""none"",""reason"":""报道1提供了更具体的症状描述和应对措施，而报道2的风险线索较为零散。""}"
main,influenza_a,independent,main_baseline_neutral,none,negative,positive,90,1,True,,negative,negative,none,neutral,none,报道1中提到的'高热反复、恢复时间拖长'和'家庭和班级内部交叉感染压力'等具体风险线索更为突出。,,1.0,1,0,0,1,"{""final_choice"":""report_1"",""credible_choice"":""report_1"",""share_choice"":""none"",""comment_choice"":""neutral"",""like_choice"":""none"",""reason"":""报道1中提到的'高热反复、恢复时间拖长'和'家庭和班级内部交叉感染压力'等具体风险线索更为突出。""}"
main,influenza_a,independent,main_baseline_neutral,none,positive,negative,91,1,True,,positive,positive,none,neutral,none,报道1明确提到大部分病例表现为短期症状，常规治疗几天内缓解，而报道2的担忧更多基于零散个案，缺乏系统性描述。,,0.0,0,0,0,0,"{""final_choice"":""report_1"",""credible_choice"":""report_1"",""share_choice"":""none"",""comment_choice"":""neutral"",""like_choice"":""none"",""reason"":""报道1明确提到大部分病例表现为短期症状，常规治疗几天内缓解，而报道2的担忧更多基于零散个案，缺乏系统性描述。""}"
main,influenza_a,independent,main_baseline_neutral,none,negative,positive,92,1,True,,negative,negative,none,neutral,none,报道1中提到的'高热反复'、'恢复时间拖长'和'家庭班级交叉感染压力'等具体风险线索，比报道2的'短期发热'和'几天内缓解'更能解释背景中'门诊候诊时间变长'和'反复感染'的现象。,,1.0,1,0,0,1,"{""final_choice"":""report_1"",""credible_choice"":""report_1"",""share_choice"":""none"",""comment_choice"":""neutral"",""like_choice"":""none"",""reason"":""报道1中提到的'高热反复'、'恢复时间拖长'和'家庭班级交叉感染压力'等具体风险线索，比报道2的'短期发热'和'几天内缓解'更能解释背景中'门诊候诊时间变长'和'反复感染'的现象。""}"
main,influenza_a,independent,main_baseline_neutral,none,positive,negative,93,1,True,,positive,positive,none,neutral,none,报道1提供了更多具体的应对措施和恢复路径，而报道2的风险线索多为零散个案。,,0.0,0,0,0,0,"{""final_choice"":""report_1"",""credible_choice"":""report_1"",""share_choice"":""none"",""comment_choice"":""neutral"",""like_choice"":""none"",""reason"":""报道1提供了更多具体的应对措施和恢复路径，而报道2的风险线索多为零散个案。""}"
main,influenza_a,independent,main_baseline_neutral,none,negative,positive,94,1,True,,negative,negative,none,neutral,none,报道1中的'高热反复'、'恢复时间拖长'和'刚好转又反复'等具体描述比报道2的'短期发热'和'几天内缓解'更符合背景中提到的'病例增加'和'争议升温'。,,1.0,1,0,0,1,"{""final_choice"":""report_1"",""credible_choice"":""report_1"",""share_choice"":""none"",""comment_choice"":""neutral"",""like_choice"":""none"",""reason"":""报道1中的'高热反复'、'恢复时间拖长'和'刚好转又反复'等具体描述比报道2的'短期发热'和'几天内缓解'更符合背景中提到的'病例增加'和'争议升温'。""}"
main,influenza_a,independent,main_baseline_neutral,none,positive,negative,95,1,True,,positive,positive,none,neutral,none,报道1中的医生、家长和学校老师的具体经验提供了更系统的应对措施和恢复时间，而报道2中的网络消息更多是零散个案和转述信息。,,0.0,0,0,0,0,"{""final_choice"":""report_1"",""credible_choice"":""report_1"",""share_choice"":""none"",""comment_choice"":""neutral"",""like_choice"":""none"",""reason"":""报道1中的医生、家长和学校老师的具体经验提供了更系统的应对措施和恢复时间，而报道2中的网络消息更多是零散个案和转述信息。""}"
main,influenza_a,independent,main_baseline_neutral,none,negative,positive,96,1,True,,negative,negative,none,neutral,none,报道1中提到的'高热反复、恢复时间拖长'和'刚好转又反复'的具体经历更符合背景中'公众持续讨论传播趋势'的担忧。,,1.0,1,0,0,1,"{""final_choice"":""report_1"",""credible_choice"":""report_1"",""share_choice"":""none"",""comment_choice"":""neutral"",""like_choice"":""none"",""reason"":""报道1中提到的'高热反复、恢复时间拖长'和'刚好转又反复'的具体经历更符合背景中'公众持续讨论传播趋势'的担忧。""}"
main,influenza_a,independent,main_baseline_neutral,none,positive,negative,97,1,True,,positive,positive,none,neutral,none,报道1提到的医院应对能力和学校处置措施更具体，能解释背景中的波动情况。,,0.0,0,0,0,0,"{""final_choice"":""report_1"",""credible_choice"":""report_1"",""share_choice"":""none"",""comment_choice"":""neutral"",""like_choice"":""none"",""reason"":""报道1提到的医院应对能力和学校处置措施更具体，能解释背景中的波动情况。""}"
main,influenza_a,independent,main_baseline_neutral,none,negative,positive,98,1,True,,negative,negative,none,neutral,none,报道1提到的'高热反复、恢复时间拖长'和'家庭班级交叉感染'等具体风险线索比报道2的'短期发热、几天内缓解'更符合背景中'公众持续讨论传播趋势'的紧张氛围。,,1.0,1,0,0,1,"{""final_choice"":""report_1"",""credible_choice"":""report_1"",""share_choice"":""none"",""comment_choice"":""neutral"",""like_choice"":""none"",""reason"":""报道1提到的'高热反复、恢复时间拖长'和'家庭班级交叉感染'等具体风险线索比报道2的'短期发热、几天内缓解'更符合背景中'公众持续讨论传播趋势'的紧张氛围。""}"
main,influenza_a,independent,main_baseline_neutral,none,positive,negative,99,1,True,,positive,positive,none,neutral,none,报道1提供了更具体的恢复时间和应对措施，比报道2中的零散个案更有说服力。,,0.0,0,0,0,0,"{""final_choice"":""report_1"",""credible_choice"":""report_1"",""share_choice"":""none"",""comment_choice"":""neutral"",""like_choice"":""none"",""reason"":""报道1提供了更具体的恢复时间和应对措施，比报道2中的零散个案更有说服力。""}"
main,influenza_a,independent,main_baseline_neutral,none,negative,positive,100,1,True,,negative,negative,none,neutral,none,报道1中提到的'高热反复、恢复时间拖长'和'刚好转又反复'的具体症状描述比报道2的'短期发热、几天内明显缓解'更符合背景中提到的'恢复慢、复查观察和症状拖延线索'。,,1.0,1,0,0,1,"{""final_choice"":""report_1"",""credible_choice"":""report_1"",""share_choice"":""none"",""comment_choice"":""neutral"",""like_choice"":""none"",""reason"":""报道1中提到的'高热反复、恢复时间拖长'和'刚好转又反复'的具体症状描述比报道2的'短期发热、几天内明显缓解'更符合背景中提到的'恢复慢、复查观察和症状拖延线索'。""}"
main,influenza_a,independent,main_baseline_neutral,none,positive,negative,101,1,True,,positive,positive,none,neutral,none,报道1中的恢复较快、常规治疗有效和传播链可控的描述比报道2中恢复拖长、反复感染的个案更具体且一致。,,0.0,0,0,0,0,"{""final_choice"":""report_1"",""credible_choice"":""report_1"",""share_choice"":""none"",""comment_choice"":""neutral"",""like_choice"":""none"",""reason"":""报道1中的恢复较快、常规治疗有效和传播链可控的描述比报道2中恢复拖长、反复感染的个案更具体且一致。""}"
main,influenza_a,independent,main_baseline_neutral,none,negative,positive,102,1,True,,negative,negative,none,neutral,none,报道1提到的'高热反复'、'恢复时间拖长'和'家庭班级交叉感染压力'等具体症状和传播压力，比报道2的'短期发热'和'几天内缓解'更符合背景中'门诊候诊时间变长'的实际情况。,,1.0,1,0,0,1,"{""final_choice"":""report_1"",""credible_choice"":""report_1"",""share_choice"":""none"",""comment_choice"":""neutral"",""like_choice"":""none"",""reason"":""报道1提到的'高热反复'、'恢复时间拖长'和'家庭班级交叉感染压力'等具体症状和传播压力，比报道2的'短期发热'和'几天内缓解'更符合背景中'门诊候诊时间变长'的实际情况。""}"
main,influenza_a,independent,main_baseline_neutral,none,positive,negative,103,1,True,,positive,positive,none,neutral,none,报道1提供了更具体的治疗和恢复路径，以及学校和社区的应对措施，而报道2的风险线索多为网络传闻和零散个案。,,0.0,0,0,0,0,"{""final_choice"":""report_1"",""credible_choice"":""report_1"",""share_choice"":""none"",""comment_choice"":""neutral"",""like_choice"":""none"",""reason"":""报道1提供了更具体的治疗和恢复路径，以及学校和社区的应对措施，而报道2的风险线索多为网络传闻和零散个案。""}"
main,influenza_a,independent,main_baseline_neutral,none,negative,positive,104,1,True,,negative,negative,none,neutral,none,报道1中关于高热反复、恢复拖长和交叉感染压力的具体描述比报道2的常规治疗缓解描述更具体。,,1.0,1,0,0,1,"{""final_choice"":""report_1"",""credible_choice"":""report_1"",""share_choice"":""none"",""comment_choice"":""neutral"",""like_choice"":""none"",""reason"":""报道1中关于高热反复、恢复拖长和交叉感染压力的具体描述比报道2的常规治疗缓解描述更具体。""}"
main,influenza_a,independent,main_baseline_neutral,none,positive,negative,105,1,True,,positive,positive,none,neutral,none,报道1中一线医生、家长和老师的具体经验比报道2中零散的网络个案更具代表性和一致性，且提到了可应对的措施。,,0.0,0,0,0,0,"{""final_choice"":""report_1"",""credible_choice"":""report_1"",""share_choice"":""none"",""comment_choice"":""neutral"",""like_choice"":""none"",""reason"":""报道1中一线医生、家长和老师的具体经验比报道2中零散的网络个案更具代表性和一致性，且提到了可应对的措施。""}"
main,influenza_a,independent,main_baseline_neutral,none,negative,positive,106,1,True,,negative,negative,none,neutral,none,报道1中提到的'高热反复、恢复时间拖长'和'刚好转又反复'的具体经历比报道2中'几天内明显缓解'的描述更符合背景中公众持续讨论的趋势。,,1.0,1,0,0,1,"{""final_choice"":""report_1"",""credible_choice"":""report_1"",""share_choice"":""none"",""comment_choice"":""neutral"",""like_choice"":""none"",""reason"":""报道1中提到的'高热反复、恢复时间拖长'和'刚好转又反复'的具体经历比报道2中'几天内明显缓解'的描述更符合背景中公众持续讨论的趋势。""}"
main,influenza_a,independent,main_baseline_neutral,none,positive,negative,107,1,True,,positive,positive,none,neutral,none,报道1提到了一线医生、家长和学校老师的具体经验，以及学校和社区的实际应对措施，这些具体线索比报道2中更模糊的网友传言更有说服力。,,0.0,0,0,0,0,"{""final_choice"":""report_1"",""credible_choice"":""report_1"",""share_choice"":""none"",""comment_choice"":""neutral"",""like_choice"":""none"",""reason"":""报道1提到了一线医生、家长和学校老师的具体经验，以及学校和社区的实际应对措施，这些具体线索比报道2中更模糊的网友传言更有说服力。""}"
main,influenza_a,independent,main_baseline_neutral,none,negative,positive,108,1,True,,negative,negative,none,neutral,none,报道1中提到的'高热反复、恢复时间拖长'和'家庭班级交叉感染压力'等具体风险线索比报道2的常规描述更贴近背景中讨论的传播趋势担忧。,,1.0,1,0,0,1,"{""final_choice"":""report_1"",""credible_choice"":""report_1"",""share_choice"":""none"",""comment_choice"":""neutral"",""like_choice"":""none"",""reason"":""报道1中提到的'高热反复、恢复时间拖长'和'家庭班级交叉感染压力'等具体风险线索比报道2的常规描述更贴近背景中讨论的传播趋势担忧。""}"
main,influenza_a,independent,main_baseline_neutral,none,positive,negative,109,1,True,,positive,positive,none,neutral,none,报道1提供了更具体的恢复路径和应对措施，如休息、退热和常规治疗后的缓解时间，以及学校隔离和消毒的实际效果。,,0.0,0,0,0,0,"{""final_choice"":""report_1"",""credible_choice"":""report_1"",""share_choice"":""none"",""comment_choice"":""neutral"",""like_choice"":""none"",""reason"":""报道1提供了更具体的恢复路径和应对措施，如休息、退热和常规治疗后的缓解时间，以及学校隔离和消毒的实际效果。""}"
main,influenza_a,independent,main_baseline_neutral,none,negative,positive,110,1,True,,negative,negative,none,support_negative,negative,报道1中提到的'高热反复'、'恢复时间拖长'和'家庭班级交叉感染压力'等具体风险线索比报道2中的'短期发热'和'几天内缓解'的描述更能解释背景中的'传播趋势'和'感染风险'讨论。,,1.0,1,0,1,3,"{""final_choice"":""report_1"",""credible_choice"":""report_1"",""share_choice"":""none"",""comment_choice"":""support_report_1"",""like_choice"":""report_1"",""reason"":""报道1中提到的'高热反复'、'恢复时间拖长'和'家庭班级交叉感染压力'等具体风险线索比报道2中的'短期发热'和'几天内缓解'的描述更能解释背景中的'传播趋势'和'感染风险'讨论。""}"
main,influenza_a,independent,main_baseline_neutral,none,positive,negative,111,1,True,,positive,positive,none,neutral,none,报道1中提到的大部分病例症状较轻且恢复较快，这与背景中提到的季节性波动更一致。,,0.0,0,0,0,0,"{""final_choice"":""report_1"",""credible_choice"":""report_1"",""share_choice"":""none"",""comment_choice"":""neutral"",""like_choice"":""none"",""reason"":""报道1中提到的大部分病例症状较轻且恢复较快，这与背景中提到的季节性波动更一致。""}"
main,influenza_a,independent,main_baseline_neutral,none,negative,positive,112,1,True,,negative,negative,none,neutral,none,报道1中提到的'高热反复'、'恢复时间拖长'和'刚好转又反复'等具体症状描述，比报道2中笼统的'短期发热'和'几天内缓解'更符合背景中公众对流感严重性的担忧。,,1.0,1,0,0,1,"{""final_choice"":""report_1"",""credible_choice"":""report_1"",""share_choice"":""none"",""comment_choice"":""neutral"",""like_choice"":""none"",""reason"":""报道1中提到的'高热反复'、'恢复时间拖长'和'刚好转又反复'等具体症状描述，比报道2中笼统的'短期发热'和'几天内缓解'更符合背景中公众对流感严重性的担忧。""}"
main,influenza_a,independent,main_baseline_neutral,none,positive,negative,113,1,True,,positive,positive,none,neutral,none,报道1中一线医生、家长和老师的具体经验描述更充分，包括症状缓解时间和传播控制措施的实际效果。,,0.0,0,0,0,0,"{""final_choice"":""report_1"",""credible_choice"":""report_1"",""share_choice"":""none"",""comment_choice"":""neutral"",""like_choice"":""none"",""reason"":""报道1中一线医生、家长和老师的具体经验描述更充分，包括症状缓解时间和传播控制措施的实际效果。""}"
main,influenza_a,independent,main_baseline_neutral,none,negative,positive,114,1,True,,negative,negative,none,neutral,none,报道1提到的'高热反复、恢复时间拖长'和'刚好转又反复'的具体经历更具体，比报道2的一般性描述更有冲击力。,,1.0,1,0,0,1,"{""final_choice"":""report_1"",""credible_choice"":""report_1"",""share_choice"":""none"",""comment_choice"":""neutral"",""like_choice"":""none"",""reason"":""报道1提到的'高热反复、恢复时间拖长'和'刚好转又反复'的具体经历更具体，比报道2的一般性描述更有冲击力。""}"
main,influenza_a,independent,main_baseline_neutral,none,positive,negative,115,1,True,,positive,positive,none,neutral,none,报道1提供了更多一线医生、家长和老师的具体观察，以及学校和社区的实际应对效果，这些正式来源和具体应对措施让我感觉更可靠。,,0.0,0,0,0,0,"{""final_choice"":""report_1"",""credible_choice"":""report_1"",""share_choice"":""none"",""comment_choice"":""neutral"",""like_choice"":""none"",""reason"":""报道1提供了更多一线医生、家长和老师的具体观察，以及学校和社区的实际应对效果，这些正式来源和具体应对措施让我感觉更可靠。""}"
main,influenza_a,independent,main_baseline_neutral,none,negative,positive,116,1,True,,negative,negative,none,neutral,none,报道1中提到的'高热反复、恢复时间拖长'和'刚好转又反复'的具体经历更符合背景信息中提到的'门诊量波动'和'网络经验贴增多'的现象。,,1.0,1,0,0,1,"{""final_choice"":""report_1"",""credible_choice"":""report_1"",""share_choice"":""none"",""comment_choice"":""neutral"",""like_choice"":""none"",""reason"":""报道1中提到的'高热反复、恢复时间拖长'和'刚好转又反复'的具体经历更符合背景信息中提到的'门诊量波动'和'网络经验贴增多'的现象。""}"
main,influenza_a,independent,main_baseline_neutral,none,positive,negative,117,1,True,,positive,positive,none,neutral,none,报道1明确提到一线医生、家长和学校的具体经验，以及可应对的防控措施，而报道2的担忧更多来自网络传言和零散个案。,,0.0,0,0,0,0,"{""final_choice"":""report_1"",""credible_choice"":""report_1"",""share_choice"":""none"",""comment_choice"":""neutral"",""like_choice"":""none"",""reason"":""报道1明确提到一线医生、家长和学校的具体经验，以及可应对的防控措施，而报道2的担忧更多来自网络传言和零散个案。""}"
main,influenza_a,independent,main_baseline_neutral,none,negative,positive,118,1,True,,negative,negative,none,neutral,none,报道1中反复出现的恢复慢、反复发作和门诊压力增加的具体经历，比报道2中的一般性描述更能解释背景信息中的讨论升温。,,1.0,1,0,0,1,"{""final_choice"":""report_1"",""credible_choice"":""report_1"",""share_choice"":""none"",""comment_choice"":""neutral"",""like_choice"":""none"",""reason"":""报道1中反复出现的恢复慢、反复发作和门诊压力增加的具体经历，比报道2中的一般性描述更能解释背景信息中的讨论升温。""}"
main,influenza_a,independent,main_baseline_neutral,none,positive,negative,119,1,True,,positive,positive,none,neutral,none,报道1提供的具体恢复路径、学校应对措施和可控性线索更具体一致，而报道2的风险线索多为零散个案。,,0.0,0,0,0,0,"{""final_choice"":""report_1"",""credible_choice"":""report_1"",""share_choice"":""none"",""comment_choice"":""neutral"",""like_choice"":""none"",""reason"":""报道1提供的具体恢复路径、学校应对措施和可控性线索更具体一致，而报道2的风险线索多为零散个案。""}"
main,influenza_a,independent,main_baseline_neutral,none,negative,positive,120,1,True,,negative,negative,none,neutral,none,报道1中提到的'高热反复'、'恢复时间拖长'和'刚好转又反复'等具体症状描述比报道2的'短期发热'、'几天内明显缓解'更贴近背景信息中的'门诊量波动'和'网络经验贴增多'。,,1.0,1,0,0,1,"{""final_choice"":""report_1"",""credible_choice"":""report_1"",""share_choice"":""none"",""comment_choice"":""neutral"",""like_choice"":""none"",""reason"":""报道1中提到的'高热反复'、'恢复时间拖长'和'刚好转又反复'等具体症状描述比报道2的'短期发热'、'几天内明显缓解'更贴近背景信息中的'门诊量波动'和'网络经验贴增多'。""}"
main,influenza_a,independent,main_baseline_neutral,none,positive,negative,121,1,True,,positive,positive,none,neutral,none,报道1中提到的常规治疗和快速恢复路径更具体，而报道2的风险线索多为零散个案，缺乏系统性描述。,,0.0,0,0,0,0,"{""final_choice"":""report_1"",""credible_choice"":""report_1"",""share_choice"":""none"",""comment_choice"":""neutral"",""like_choice"":""none"",""reason"":""报道1中提到的常规治疗和快速恢复路径更具体，而报道2的风险线索多为零散个案，缺乏系统性描述。""}"
main,influenza_a,independent,main_baseline_neutral,none,negative,positive,122,1,True,,negative,negative,none,support_negative,negative,报道1中提到的'高热反复'、'恢复时间拖长'和'刚好转又反复'等具体症状描述，比报道2的'短期发热'和'几天内缓解'更能解释当前门诊压力和班级感染上升的现象。,,1.0,1,0,1,3,"{""final_choice"":""report_1"",""credible_choice"":""report_1"",""share_choice"":""none"",""comment_choice"":""support_report_1"",""like_choice"":""report_1"",""reason"":""报道1中提到的'高热反复'、'恢复时间拖长'和'刚好转又反复'等具体症状描述，比报道2的'短期发热'和'几天内缓解'更能解释当前门诊压力和班级感染上升的现象。""}"
main,influenza_a,independent,main_baseline_neutral,none,positive,negative,123,1,True,,positive,positive,none,neutral,none,报道1提供了更多一线医生、家长和老师的具体观察，以及学校和社区的实际应对措施和效果，这些具体线索比报道2中的网络传言和零散个案更可信。,,0.0,0,0,0,0,"{""final_choice"":""report_1"",""credible_choice"":""report_1"",""share_choice"":""none"",""comment_choice"":""neutral"",""like_choice"":""none"",""reason"":""报道1提供了更多一线医生、家长和老师的具体观察，以及学校和社区的实际应对措施和效果，这些具体线索比报道2中的网络传言和零散个案更可信。""}"
main,influenza_a,independent,main_baseline_neutral,none,negative,positive,124,1,True,,negative,negative,none,neutral,none,报道1中提到的'高热反复'、'恢复时间拖长'和'刚好转又反复'的具体症状描述比报道2更具体地解释了公众对传播强度担忧的来源。,,1.0,1,0,0,1,"{""final_choice"":""report_1"",""credible_choice"":""report_1"",""share_choice"":""none"",""comment_choice"":""neutral"",""like_choice"":""none"",""reason"":""报道1中提到的'高热反复'、'恢复时间拖长'和'刚好转又反复'的具体症状描述比报道2更具体地解释了公众对传播强度担忧的来源。""}"
main,influenza_a,independent,main_baseline_neutral,none,positive,negative,125,1,True,,positive,positive,none,neutral,none,报道1提到的一线医生、家长和学校老师的具体经验更直接，且提供了可应对的措施和恢复时间，而报道2的网络消息多为零散个案。,,0.0,0,0,0,0,"{""final_choice"":""report_1"",""credible_choice"":""report_1"",""share_choice"":""none"",""comment_choice"":""neutral"",""like_choice"":""none"",""reason"":""报道1提到的一线医生、家长和学校老师的具体经验更直接，且提供了可应对的措施和恢复时间，而报道2的网络消息多为零散个案。""}"
main,influenza_a,independent,main_baseline_neutral,none,negative,positive,126,1,True,,negative,negative,none,neutral,none,报道1中提到的'高热反复、恢复时间拖长'和'刚好转又反复'的具体经历更符合背景中'讨论是否需要提高警惕'的担忧。,,1.0,1,0,0,1,"{""final_choice"":""report_1"",""credible_choice"":""report_1"",""share_choice"":""none"",""comment_choice"":""neutral"",""like_choice"":""none"",""reason"":""报道1中提到的'高热反复、恢复时间拖长'和'刚好转又反复'的具体经历更符合背景中'讨论是否需要提高警惕'的担忧。""}"
main,influenza_a,independent,main_baseline_neutral,none,positive,negative,127,1,True,,positive,positive,none,neutral,none,报道1中提到的医疗应对和恢复路径更具体，而报道2的风险线索多来自网络传言，缺乏具体医疗支持。,,0.0,0,0,0,0,"{""final_choice"":""report_1"",""credible_choice"":""report_1"",""share_choice"":""none"",""comment_choice"":""neutral"",""like_choice"":""none"",""reason"":""报道1中提到的医疗应对和恢复路径更具体，而报道2的风险线索多来自网络传言，缺乏具体医疗支持。""}"
main,influenza_a,independent,main_baseline_neutral,none,negative,positive,128,1,True,,negative,negative,none,neutral,none,报道1中提到的'高热反复、恢复时间拖长'和'刚好转又反复'的具体症状描述比报道2的'短期发热、几天内缓解'更符合背景中'传播趋势'和'感染风险'的关注点。,,1.0,1,0,0,1,"{""final_choice"":""report_1"",""credible_choice"":""report_1"",""share_choice"":""none"",""comment_choice"":""neutral"",""like_choice"":""none"",""reason"":""报道1中提到的'高热反复、恢复时间拖长'和'刚好转又反复'的具体症状描述比报道2的'短期发热、几天内缓解'更符合背景中'传播趋势'和'感染风险'的关注点。""}"
main,influenza_a,independent,main_baseline_neutral,none,positive,negative,129,1,True,,positive,positive,none,neutral,none,报道1提供了更具体的恢复路径和应对措施，且明确提到不同地区情况差异，而报道2的风险线索多为零散个案。,,0.0,0,0,0,0,"{""final_choice"":""report_1"",""credible_choice"":""report_1"",""share_choice"":""none"",""comment_choice"":""neutral"",""like_choice"":""none"",""reason"":""报道1提供了更具体的恢复路径和应对措施，且明确提到不同地区情况差异，而报道2的风险线索多为零散个案。""}"
main,influenza_a,independent,main_baseline_neutral,none,negative,positive,130,1,True,,negative,negative,none,neutral,none,报道1中提到的'高热反复、恢复时间拖长'和'家庭班级内部交叉感染压力'这些具体风险线索比报道2的常规描述更能引起注意。,,1.0,1,0,0,1,"{""final_choice"":""report_1"",""credible_choice"":""report_1"",""share_choice"":""none"",""comment_choice"":""neutral"",""like_choice"":""none"",""reason"":""报道1中提到的'高热反复、恢复时间拖长'和'家庭班级内部交叉感染压力'这些具体风险线索比报道2的常规描述更能引起注意。""}"
main,influenza_a,independent,main_baseline_neutral,none,positive,negative,131,1,True,,positive,positive,none,neutral,none,报道1中提到的大部分病例表现为短期发热和常规治疗后几天内缓解，且学校和社区的应对措施能有效控制传播，这些具体线索更符合背景中提到的季节性波动。,,0.0,0,0,0,0,"{""final_choice"":""report_1"",""credible_choice"":""report_1"",""share_choice"":""none"",""comment_choice"":""neutral"",""like_choice"":""none"",""reason"":""报道1中提到的大部分病例表现为短期发热和常规治疗后几天内缓解，且学校和社区的应对措施能有效控制传播，这些具体线索更符合背景中提到的季节性波动。""}"
main,influenza_a,independent,main_baseline_neutral,none,negative,positive,132,1,True,,negative,negative,none,neutral,none,报道1中提到的'高热反复'、'恢复时间拖长'和'家庭班级交叉感染压力'等具体症状和传播风险线索，比报道2中的一般性描述更能解释背景中提到的'门诊量波动'和'网络经验贴增多'现象。,,1.0,1,0,0,1,"{""final_choice"":""report_1"",""credible_choice"":""report_1"",""share_choice"":""none"",""comment_choice"":""neutral"",""like_choice"":""none"",""reason"":""报道1中提到的'高热反复'、'恢复时间拖长'和'家庭班级交叉感染压力'等具体症状和传播风险线索，比报道2中的一般性描述更能解释背景中提到的'门诊量波动'和'网络经验贴增多'现象。""}"
main,influenza_a,independent,main_baseline_neutral,none,positive,negative,133,1,True,,positive,positive,none,neutral,none,报道1提供了更具体的恢复路径和应对措施，而报道2的风险线索较为零散且缺乏具体数据支持。,,0.0,0,0,0,0,"{""final_choice"":""report_1"",""credible_choice"":""report_1"",""share_choice"":""none"",""comment_choice"":""neutral"",""like_choice"":""none"",""reason"":""报道1提供了更具体的恢复路径和应对措施，而报道2的风险线索较为零散且缺乏具体数据支持。""}"
main,influenza_a,independent,main_baseline_neutral,none,negative,positive,134,1,True,,negative,negative,none,neutral,none,报道1中关于高热反复、恢复时间拖长和交叉感染压力的具体描述比报道2的常规治疗缓解更具体，且与背景中公众讨论的担忧更一致。,,1.0,1,0,0,1,"{""final_choice"":""report_1"",""credible_choice"":""report_1"",""share_choice"":""none"",""comment_choice"":""neutral"",""like_choice"":""none"",""reason"":""报道1中关于高热反复、恢复时间拖长和交叉感染压力的具体描述比报道2的常规治疗缓解更具体，且与背景中公众讨论的担忧更一致。""}"
main,influenza_a,independent,main_baseline_neutral,none,positive,negative,135,1,True,,positive,positive,none,neutral,none,报道1提供了一线医生、家长和老师的具体观察，以及学校和社区的实际应对措施，这些正式来源的线索比报道2中的网络传言和零散个案更具体可靠。,,0.0,0,0,0,0,"{""final_choice"":""report_1"",""credible_choice"":""report_1"",""share_choice"":""none"",""comment_choice"":""neutral"",""like_choice"":""none"",""reason"":""报道1提供了一线医生、家长和老师的具体观察，以及学校和社区的实际应对措施，这些正式来源的线索比报道2中的网络传言和零散个案更具体可靠。""}"
main,influenza_a,independent,main_baseline_neutral,none,negative,positive,136,1,True,,negative,negative,none,neutral,none,报道1中提到的'高热反复'和'恢复时间拖长'的具体病例描述，比报道2中'几天内明显缓解'的笼统说法更能引起我的担忧。,,1.0,1,0,0,1,"{""final_choice"":""report_1"",""credible_choice"":""report_1"",""share_choice"":""none"",""comment_choice"":""neutral"",""like_choice"":""none"",""reason"":""报道1中提到的'高热反复'和'恢复时间拖长'的具体病例描述，比报道2中'几天内明显缓解'的笼统说法更能引起我的担忧。""}"
main,influenza_a,independent,main_baseline_neutral,none,positive,negative,137,1,True,,positive,positive,none,neutral,none,报道1明确提到一线医生、家长和老师的具体观察，以及学校通过常规措施就能控制传播链，这些具体应对能力线索比报道2的零散个案更令人信服。,,0.0,0,0,0,0,"{""final_choice"":""report_1"",""credible_choice"":""report_1"",""share_choice"":""none"",""comment_choice"":""neutral"",""like_choice"":""none"",""reason"":""报道1明确提到一线医生、家长和老师的具体观察，以及学校通过常规措施就能控制传播链，这些具体应对能力线索比报道2的零散个案更令人信服。""}"
main,influenza_a,independent,main_baseline_neutral,none,negative,positive,138,1,True,,negative,negative,none,neutral,none,报道1中提到的'高热反复'、'恢复时间拖长'和'家庭班级交叉感染'等具体风险线索更连续，与背景中'门诊量波动'和'网络经验贴增多'的描述更吻合。,,1.0,1,0,0,1,"{""final_choice"":""report_1"",""credible_choice"":""report_1"",""share_choice"":""none"",""comment_choice"":""neutral"",""like_choice"":""none"",""reason"":""报道1中提到的'高热反复'、'恢复时间拖长'和'家庭班级交叉感染'等具体风险线索更连续，与背景中'门诊量波动'和'网络经验贴增多'的描述更吻合。""}"
main,influenza_a,independent,main_baseline_neutral,none,positive,negative,139,1,True,,positive,positive,none,neutral,none,报道1中提供了更具体的恢复路径和应对措施，而报道2的风险线索较为零散。,,0.0,0,0,0,0,"{""final_choice"":""report_1"",""credible_choice"":""report_1"",""share_choice"":""none"",""comment_choice"":""neutral"",""like_choice"":""none"",""reason"":""报道1中提供了更具体的恢复路径和应对措施，而报道2的风险线索较为零散。""}"
main,influenza_a,independent,main_baseline_neutral,none,negative,positive,140,1,True,,negative,negative,none,neutral,none,报道1中具体的'高热反复'、'恢复时间拖长'和'家庭班级交叉感染'等具体风险线索比报道2的常规描述更能引起关注。,,1.0,1,0,0,1,"{""final_choice"":""report_1"",""credible_choice"":""report_1"",""share_choice"":""none"",""comment_choice"":""neutral"",""like_choice"":""none"",""reason"":""报道1中具体的'高热反复'、'恢复时间拖长'和'家庭班级交叉感染'等具体风险线索比报道2的常规描述更能引起关注。""}"
main,influenza_a,independent,main_baseline_neutral,none,positive,negative,141,1,True,,positive,positive,none,neutral,none,报道1中提到的'短期发热、乏力和上呼吸道症状'以及'几天内明显缓解'的具体描述比报道2中更笼统的'恢复时间拖长'更有说服力。,,0.0,0,0,0,0,"{""final_choice"":""report_1"",""credible_choice"":""report_1"",""share_choice"":""none"",""comment_choice"":""neutral"",""like_choice"":""none"",""reason"":""报道1中提到的'短期发热、乏力和上呼吸道症状'以及'几天内明显缓解'的具体描述比报道2中更笼统的'恢复时间拖长'更有说服力。""}"
main,influenza_a,independent,main_baseline_neutral,none,negative,positive,142,1,True,,negative,negative,none,neutral,none,报道1中提到的高热反复、恢复时间拖长以及家庭班级交叉感染压力的具体描述，比报道2的短期缓解更能解释背景中'门诊候诊时间变长'和'刚好转又反复'的现象。,,1.0,1,0,0,1,"{""final_choice"":""report_1"",""credible_choice"":""report_1"",""share_choice"":""none"",""comment_choice"":""neutral"",""like_choice"":""none"",""reason"":""报道1中提到的高热反复、恢复时间拖长以及家庭班级交叉感染压力的具体描述，比报道2的短期缓解更能解释背景中'门诊候诊时间变长'和'刚好转又反复'的现象。""}"
main,influenza_a,independent,main_baseline_neutral,none,positive,negative,143,1,True,,positive,positive,none,neutral,none,报道1提供了更多一线医生、家长和学校的具体经验，以及更完整的应对措施和恢复过程，而报道2的线索相对零散且多为网络传言。,,0.0,0,0,0,0,"{""final_choice"":""report_1"",""credible_choice"":""report_1"",""share_choice"":""none"",""comment_choice"":""neutral"",""like_choice"":""none"",""reason"":""报道1提供了更多一线医生、家长和学校的具体经验，以及更完整的应对措施和恢复过程，而报道2的线索相对零散且多为网络传言。""}"
main,influenza_a,independent,main_baseline_neutral,none,negative,positive,144,1,True,,negative,negative,none,neutral,none,报道1中关于'高热反复、恢复时间拖长'和'刚好转又反复'的具体描述比报道2的'几天内明显缓解'更符合背景中提到的'传播趋势和感染风险讨论升温'。,,1.0,1,0,0,1,"{""final_choice"":""report_1"",""credible_choice"":""report_1"",""share_choice"":""none"",""comment_choice"":""neutral"",""like_choice"":""none"",""reason"":""报道1中关于'高热反复、恢复时间拖长'和'刚好转又反复'的具体描述比报道2的'几天内明显缓解'更符合背景中提到的'传播趋势和感染风险讨论升温'。""}"
main,influenza_a,independent,main_baseline_neutral,none,positive,negative,145,1,True,,positive,positive,none,neutral,none,报道1提到了一线医生、家长和老师的具体观察，以及学校和社区的实际应对措施，这些正式来源的线索比报道2中的网络传言更具体可靠。,,0.0,0,0,0,0,"{""final_choice"":""report_1"",""credible_choice"":""report_1"",""share_choice"":""none"",""comment_choice"":""neutral"",""like_choice"":""none"",""reason"":""报道1提到了一线医生、家长和老师的具体观察，以及学校和社区的实际应对措施，这些正式来源的线索比报道2中的网络传言更具体可靠。""}"
main,influenza_a,independent,main_baseline_neutral,none,negative,positive,146,1,True,,negative,negative,none,neutral,none,报道1中反复出现的恢复慢、症状反复和交叉感染压力等具体描述，比报道2的一般性恢复更符合当前流感话题的热度讨论。,,1.0,1,0,0,1,"{""final_choice"":""report_1"",""credible_choice"":""report_1"",""share_choice"":""none"",""comment_choice"":""neutral"",""like_choice"":""none"",""reason"":""报道1中反复出现的恢复慢、症状反复和交叉感染压力等具体描述，比报道2的一般性恢复更符合当前流感话题的热度讨论。""}"
main,influenza_a,independent,main_baseline_neutral,none,positive,negative,147,1,True,,positive,positive,none,neutral,none,报道1中提到的常规治疗和学校防控措施更具体，而报道2的风险线索多为零散个案，缺乏系统性描述。,,0.0,0,0,0,0,"{""final_choice"":""report_1"",""credible_choice"":""report_1"",""share_choice"":""none"",""comment_choice"":""neutral"",""like_choice"":""none"",""reason"":""报道1中提到的常规治疗和学校防控措施更具体，而报道2的风险线索多为零散个案，缺乏系统性描述。""}"
main,influenza_a,independent,main_baseline_neutral,none,negative,positive,148,1,True,,negative,negative,none,neutral,none,报道1中提到的'高热反复、恢复时间拖长'和'刚好转又反复'的具体症状描述比报道2的'几天内明显缓解'更符合背景中'公众持续讨论传播趋势'的担忧氛围。,,1.0,1,0,0,1,"{""final_choice"":""report_1"",""credible_choice"":""report_1"",""share_choice"":""none"",""comment_choice"":""neutral"",""like_choice"":""none"",""reason"":""报道1中提到的'高热反复、恢复时间拖长'和'刚好转又反复'的具体症状描述比报道2的'几天内明显缓解'更符合背景中'公众持续讨论传播趋势'的担忧氛围。""}"
main,influenza_a,independent,main_baseline_neutral,none,positive,negative,149,1,True,,positive,positive,none,neutral,none,报道1提供了更具体的症状描述和恢复时间，以及学校和社区的实际应对措施，这些具体线索比报道2中的零散个案更有参考价值。,,0.0,0,0,0,0,"{""final_choice"":""report_1"",""credible_choice"":""report_1"",""share_choice"":""none"",""comment_choice"":""neutral"",""like_choice"":""none"",""reason"":""报道1提供了更具体的症状描述和恢复时间，以及学校和社区的实际应对措施，这些具体线索比报道2中的零散个案更有参考价值。""}"
main,influenza_a,independent,main_baseline_neutral,none,negative,positive,150,1,True,,negative,negative,none,neutral,none,报道1提到的'高热反复、恢复时间拖长'和'刚好转又反复'的具体案例比报道2的常规治疗描述更能引起注意。,,1.0,1,0,0,1,"{""final_choice"":""report_1"",""credible_choice"":""report_1"",""share_choice"":""none"",""comment_choice"":""neutral"",""like_choice"":""none"",""reason"":""报道1提到的'高热反复、恢复时间拖长'和'刚好转又反复'的具体案例比报道2的常规治疗描述更能引起注意。""}"
main,influenza_a,independent,main_baseline_neutral,none,positive,negative,151,1,True,,positive,positive,none,neutral,none,报道1中提到的恢复较快、症状轻微和有效防控措施比报道2中零散的恢复拖长案例更有说服力。,,0.0,0,0,0,0,"{""final_choice"":""report_1"",""credible_choice"":""report_1"",""share_choice"":""none"",""comment_choice"":""neutral"",""like_choice"":""none"",""reason"":""报道1中提到的恢复较快、症状轻微和有效防控措施比报道2中零散的恢复拖长案例更有说服力。""}"
main,influenza_a,independent,main_baseline_neutral,none,negative,positive,152,1,True,,negative,negative,none,neutral,none,报道1中提到的'高热反复、恢复时间拖长'和'刚好转又反复'的具体症状描述，比报道2中'几天内明显缓解'的常规治疗描述更能解释背景中提到的'门诊候诊时间变长'现象。,,1.0,1,0,0,1,"{""final_choice"":""report_1"",""credible_choice"":""report_1"",""share_choice"":""none"",""comment_choice"":""neutral"",""like_choice"":""none"",""reason"":""报道1中提到的'高热反复、恢复时间拖长'和'刚好转又反复'的具体症状描述，比报道2中'几天内明显缓解'的常规治疗描述更能解释背景中提到的'门诊候诊时间变长'现象。""}"
main,influenza_a,independent,main_baseline_neutral,none,positive,negative,153,1,True,,positive,positive,none,neutral,none,报道1提供了更多一线医生和学校的具体应对措施和恢复情况，而报道2的风险线索多为网络传言和零散个案，缺乏一致性和具体性。,,0.0,0,0,0,0,"{""final_choice"":""report_1"",""credible_choice"":""report_1"",""share_choice"":""none"",""comment_choice"":""neutral"",""like_choice"":""none"",""reason"":""报道1提供了更多一线医生和学校的具体应对措施和恢复情况，而报道2的风险线索多为网络传言和零散个案，缺乏一致性和具体性。""}"
main,influenza_a,independent,main_baseline_neutral,none,negative,positive,154,1,True,,negative,negative,none,neutral,none,报道1中高热反复、恢复时间拖长和交叉感染压力的具体描述更符合当前背景中公众对流感传播趋势的担忧。,,1.0,1,0,0,1,"{""final_choice"":""report_1"",""credible_choice"":""report_1"",""share_choice"":""none"",""comment_choice"":""neutral"",""like_choice"":""none"",""reason"":""报道1中高热反复、恢复时间拖长和交叉感染压力的具体描述更符合当前背景中公众对流感传播趋势的担忧。""}"
main,influenza_a,independent,main_baseline_neutral,none,positive,negative,155,1,True,,positive,positive,none,neutral,none,报道1提供了更具体的医疗应对和恢复路径，而报道2的网络消息缺乏明确来源且多为个案。,,0.0,0,0,0,0,"{""final_choice"":""report_1"",""credible_choice"":""report_1"",""share_choice"":""none"",""comment_choice"":""neutral"",""like_choice"":""none"",""reason"":""报道1提供了更具体的医疗应对和恢复路径，而报道2的网络消息缺乏明确来源且多为个案。""}"
main,influenza_a,independent,main_baseline_neutral,none,negative,positive,156,1,True,,negative,negative,none,neutral,none,报道1中提到的'高热反复'、'恢复时间拖长'和'刚好转又反复'等具体症状描述比报道2的'短期发热'和'几天内明显缓解'更符合背景中提到的'恢复慢、复查观察和症状拖延线索'。,,1.0,1,0,0,1,"{""final_choice"":""report_1"",""credible_choice"":""report_1"",""share_choice"":""none"",""comment_choice"":""neutral"",""like_choice"":""none"",""reason"":""报道1中提到的'高热反复'、'恢复时间拖长'和'刚好转又反复'等具体症状描述比报道2的'短期发热'和'几天内明显缓解'更符合背景中提到的'恢复慢、复查观察和症状拖延线索'。""}"
main,influenza_a,independent,main_baseline_neutral,none,positive,negative,157,1,True,,positive,positive,none,neutral,none,报道1提供了具体的医疗应对措施和恢复路径，而报道2的风险线索多来自网络传言，缺乏具体细节。,,0.0,0,0,0,0,"{""final_choice"":""report_1"",""credible_choice"":""report_1"",""share_choice"":""none"",""comment_choice"":""neutral"",""like_choice"":""none"",""reason"":""报道1提供了具体的医疗应对措施和恢复路径，而报道2的风险线索多来自网络传言，缺乏具体细节。""}"
main,influenza_a,independent,main_baseline_neutral,none,negative,positive,158,1,True,,negative,negative,none,neutral,none,报道1中提到的'高热反复、恢复时间拖长'和'家庭班级交叉感染压力'更具体地解释了背景中讨论的传播强度争议。,,1.0,1,0,0,1,"{""final_choice"":""report_1"",""credible_choice"":""report_1"",""share_choice"":""none"",""comment_choice"":""neutral"",""like_choice"":""none"",""reason"":""报道1中提到的'高热反复、恢复时间拖长'和'家庭班级交叉感染压力'更具体地解释了背景中讨论的传播强度争议。""}"
main,influenza_a,independent,main_baseline_neutral,none,positive,negative,159,1,True,,positive,positive,none,neutral,none,报道1提供了更具体的恢复路径和应对措施，而报道2的风险描述多为零散个案。,,0.0,0,0,0,0,"{""final_choice"":""report_1"",""credible_choice"":""report_1"",""share_choice"":""none"",""comment_choice"":""neutral"",""like_choice"":""none"",""reason"":""报道1提供了更具体的恢复路径和应对措施，而报道2的风险描述多为零散个案。""}"
main,influenza_a,independent,main_baseline_neutral,none,negative,positive,160,1,True,,negative,negative,none,neutral,none,报道1中提到的'高热反复、恢复时间拖长'和'家庭班级交叉感染压力'的具体风险线索比报道2的常规描述更直接呼应了背景中'传播趋势和校园感染风险'的讨论。,,1.0,1,0,0,1,"{""final_choice"":""report_1"",""credible_choice"":""report_1"",""share_choice"":""none"",""comment_choice"":""neutral"",""like_choice"":""none"",""reason"":""报道1中提到的'高热反复、恢复时间拖长'和'家庭班级交叉感染压力'的具体风险线索比报道2的常规描述更直接呼应了背景中'传播趋势和校园感染风险'的讨论。""}"
main,influenza_a,independent,main_baseline_neutral,none,positive,negative,161,1,True,,positive,positive,none,neutral,none,报道1中提到大部分病例表现为短期发热和上呼吸道症状，经过常规治疗几天内缓解，且学校和社区通过隔离消毒能控制传播，这些具体线索比报道2中更笼统的'高热反复'和'恢复拖长'更有说服力。,,0.0,0,0,0,0,"{""final_choice"":""report_1"",""credible_choice"":""report_1"",""share_choice"":""none"",""comment_choice"":""neutral"",""like_choice"":""none"",""reason"":""报道1中提到大部分病例表现为短期发热和上呼吸道症状，经过常规治疗几天内缓解，且学校和社区通过隔离消毒能控制传播，这些具体线索比报道2中更笼统的'高热反复'和'恢复拖长'更有说服力。""}"
main,influenza_a,independent,main_baseline_neutral,none,negative,positive,162,1,True,,negative,negative,none,neutral,none,报道1中提到的'高热反复、恢复时间拖长'和'刚好转又反复'的具体经历，比报道2中'通常能在几天内明显缓解'的常规描述更能引起我对实际就医压力的担忧。,,1.0,1,0,0,1,"{""final_choice"":""report_1"",""credible_choice"":""report_1"",""share_choice"":""none"",""comment_choice"":""neutral"",""like_choice"":""none"",""reason"":""报道1中提到的'高热反复、恢复时间拖长'和'刚好转又反复'的具体经历，比报道2中'通常能在几天内明显缓解'的常规描述更能引起我对实际就医压力的担忧。""}"
main,influenza_a,independent,main_baseline_neutral,none,positive,negative,163,1,True,,positive,positive,none,neutral,none,报道1提供了一线医生、家长和学校老师的具体经验，包括症状描述、恢复时间和防控措施，这些具体线索比报道2中的网络传言和零散个案更有参考价值。,,0.0,0,0,0,0,"{""final_choice"":""report_1"",""credible_choice"":""report_1"",""share_choice"":""none"",""comment_choice"":""neutral"",""like_choice"":""none"",""reason"":""报道1提供了一线医生、家长和学校老师的具体经验，包括症状描述、恢复时间和防控措施，这些具体线索比报道2中的网络传言和零散个案更有参考价值。""}"
main,influenza_a,independent,main_baseline_neutral,none,negative,positive,164,1,True,,negative,negative,none,support_negative,negative,报道1提供了更具体的症状细节和恢复困难案例，如高热反复、恢复时间拖长，这些具体风险线索在报道2中未得到同等程度的详细回应。,,1.0,1,0,1,3,"{""final_choice"":""report_1"",""credible_choice"":""report_1"",""share_choice"":""none"",""comment_choice"":""support_report_1"",""like_choice"":""report_1"",""reason"":""报道1提供了更具体的症状细节和恢复困难案例，如高热反复、恢复时间拖长，这些具体风险线索在报道2中未得到同等程度的详细回应。""}"
main,influenza_a,independent,main_baseline_neutral,none,positive,negative,165,1,True,,positive,positive,none,neutral,none,报道1中一线医生、家长和老师的具体经验更具有代表性和一致性，而报道2的网络消息多为零散个案，缺乏系统性观察。,,0.0,0,0,0,0,"{""final_choice"":""report_1"",""credible_choice"":""report_1"",""share_choice"":""none"",""comment_choice"":""neutral"",""like_choice"":""none"",""reason"":""报道1中一线医生、家长和老师的具体经验更具有代表性和一致性，而报道2的网络消息多为零散个案，缺乏系统性观察。""}"
main,influenza_a,independent,main_baseline_neutral,none,negative,positive,166,1,True,,negative,negative,none,neutral,none,报道1中反复出现的高热反复、恢复拖长和交叉感染压力的具体描述更符合背景中提到的门诊量波动和经验贴增多现象。,,1.0,1,0,0,1,"{""final_choice"":""report_1"",""credible_choice"":""report_1"",""share_choice"":""none"",""comment_choice"":""neutral"",""like_choice"":""none"",""reason"":""报道1中反复出现的高热反复、恢复拖长和交叉感染压力的具体描述更符合背景中提到的门诊量波动和经验贴增多现象。""}"
main,influenza_a,independent,main_baseline_neutral,none,positive,negative,167,1,True,,positive,positive,none,neutral,none,报道1中提到的大部分病例症状较轻、恢复较快，且学校和社区已有应对措施，比报道2中模糊的网络传言更具说服力。,,0.0,0,0,0,0,"{""final_choice"":""report_1"",""credible_choice"":""report_1"",""share_choice"":""none"",""comment_choice"":""neutral"",""like_choice"":""none"",""reason"":""报道1中提到的大部分病例症状较轻、恢复较快，且学校和社区已有应对措施，比报道2中模糊的网络传言更具说服力。""}"
main,influenza_a,independent,main_baseline_neutral,none,negative,positive,168,1,True,,negative,negative,none,neutral,none,报道1中提到的'高热反复'、'恢复时间拖长'和'刚好转又反复'的具体症状描述比报道2中更具体的'短期发热'、'几天内明显缓解'更能解释背景中提到的公众争论和担忧。,,1.0,1,0,0,1,"{""final_choice"":""report_1"",""credible_choice"":""report_1"",""share_choice"":""none"",""comment_choice"":""neutral"",""like_choice"":""none"",""reason"":""报道1中提到的'高热反复'、'恢复时间拖长'和'刚好转又反复'的具体症状描述比报道2中更具体的'短期发热'、'几天内明显缓解'更能解释背景中提到的公众争论和担忧。""}"
main,influenza_a,independent,main_baseline_neutral,none,positive,negative,169,1,True,,neutral,neutral,none,neutral,none,报道1中提到大部分病例症状短暂且常规治疗有效，报道2则指出部分患者高热反复和恢复时间拖长，两边都有具体且相互制衡的线索。,,0.5,0,0,0,0,"{""final_choice"":""neutral"",""credible_choice"":""neutral"",""share_choice"":""none"",""comment_choice"":""neutral"",""like_choice"":""none"",""reason"":""报道1中提到大部分病例症状短暂且常规治疗有效，报道2则指出部分患者高热反复和恢复时间拖长，两边都有具体且相互制衡的线索。""}"
main,influenza_a,independent,main_baseline_neutral,none,negative,positive,170,1,True,,negative,negative,none,support_negative,negative,报道1中'高热反复、恢复时间拖长'和'刚好转又反复'的具体描述比报道2的'几天内明显缓解'更符合背景中'传播趋势和校园感染风险'的关注点。,,1.0,1,0,1,3,"{""final_choice"":""report_1"",""credible_choice"":""report_1"",""share_choice"":""none"",""comment_choice"":""support_report_1"",""like_choice"":""report_1"",""reason"":""报道1中'高热反复、恢复时间拖长'和'刚好转又反复'的具体描述比报道2的'几天内明显缓解'更符合背景中'传播趋势和校园感染风险'的关注点。""}"
main,influenza_a,independent,main_baseline_neutral,none,positive,negative,171,1,True,,positive,positive,none,neutral,none,报道1提到'大部分病例表现为短期发热、乏力和上呼吸道症状，经过休息、退热和常规治疗后通常能在几天内明显缓解'，比报道2的'恢复时间拖长'和'反复'更具体且一致。,,0.0,0,0,0,0,"{""final_choice"":""report_1"",""credible_choice"":""report_1"",""share_choice"":""none"",""comment_choice"":""neutral"",""like_choice"":""none"",""reason"":""报道1提到'大部分病例表现为短期发热、乏力和上呼吸道症状，经过休息、退热和常规治疗后通常能在几天内明显缓解'，比报道2的'恢复时间拖长'和'反复'更具体且一致。""}"
main,influenza_a,independent,main_baseline_neutral,none,negative,positive,172,1,True,,negative,negative,none,neutral,none,报道1中提到的'高热反复、恢复时间拖长'和'家庭和班级内部交叉感染压力'比报道2的'短期发热、几天内缓解'更具体地解释了背景中'门诊候诊时间变长'和'刚好转又反复'的现象。,,1.0,1,0,0,1,"{""final_choice"":""report_1"",""credible_choice"":""report_1"",""share_choice"":""none"",""comment_choice"":""neutral"",""like_choice"":""none"",""reason"":""报道1中提到的'高热反复、恢复时间拖长'和'家庭和班级内部交叉感染压力'比报道2的'短期发热、几天内缓解'更具体地解释了背景中'门诊候诊时间变长'和'刚好转又反复'的现象。""}"
main,influenza_a,independent,main_baseline_neutral,none,positive,negative,173,1,True,,positive,positive,none,neutral,none,报道1提供了更具体的恢复路径和应对措施，而报道2的风险线索较为零散且缺乏连续性。,,0.0,0,0,0,0,"{""final_choice"":""report_1"",""credible_choice"":""report_1"",""share_choice"":""none"",""comment_choice"":""neutral"",""like_choice"":""none"",""reason"":""报道1提供了更具体的恢复路径和应对措施，而报道2的风险线索较为零散且缺乏连续性。""}"
main,influenza_a,independent,main_baseline_neutral,none,negative,positive,174,1,True,,negative,negative,none,neutral,none,报道1中提到的'高热反复'、'恢复时间拖长'和'刚好转又反复'等具体症状描述比报道2的'短期发热'和'几天内缓解'更符合背景中公众持续讨论的传播趋势和感染风险。,,1.0,1,0,0,1,"{""final_choice"":""report_1"",""credible_choice"":""report_1"",""share_choice"":""none"",""comment_choice"":""neutral"",""like_choice"":""none"",""reason"":""报道1中提到的'高热反复'、'恢复时间拖长'和'刚好转又反复'等具体症状描述比报道2的'短期发热'和'几天内缓解'更符合背景中公众持续讨论的传播趋势和感染风险。""}"
main,influenza_a,independent,main_baseline_neutral,none,positive,negative,175,1,True,,positive,positive,none,neutral,none,报道1提供了更多一线医生、家长和老师的具体经验，以及学校和社区的应对措施，这些正式来源的线索比报道2中混杂的网友传言更有参考价值。,,0.0,0,0,0,0,"{""final_choice"":""report_1"",""credible_choice"":""report_1"",""share_choice"":""none"",""comment_choice"":""neutral"",""like_choice"":""none"",""reason"":""报道1提供了更多一线医生、家长和老师的具体经验，以及学校和社区的应对措施，这些正式来源的线索比报道2中混杂的网友传言更有参考价值。""}"
main,influenza_a,independent,main_baseline_neutral,none,negative,positive,176,1,True,,negative,negative,none,neutral,none,报道1中提到的'高热反复、恢复时间拖长'和'刚好转又反复'的具体描述比报道2的'几天内明显缓解'更能解释背景中提到的公众担忧。,,1.0,1,0,0,1,"{""final_choice"":""report_1"",""credible_choice"":""report_1"",""share_choice"":""none"",""comment_choice"":""neutral"",""like_choice"":""none"",""reason"":""报道1中提到的'高热反复、恢复时间拖长'和'刚好转又反复'的具体描述比报道2的'几天内明显缓解'更能解释背景中提到的公众担忧。""}"
main,influenza_a,independent,main_baseline_neutral,none,positive,negative,177,1,True,,positive,positive,none,neutral,none,报道1中提到了一线医生、家长和老师的实际观察，以及学校和社区的具体应对措施，这些专业和一线经验更具有说服力。,,0.0,0,0,0,0,"{""final_choice"":""report_1"",""credible_choice"":""report_1"",""share_choice"":""none"",""comment_choice"":""neutral"",""like_choice"":""none"",""reason"":""报道1中提到了一线医生、家长和老师的实际观察，以及学校和社区的具体应对措施，这些专业和一线经验更具有说服力。""}"
main,influenza_a,independent,main_baseline_neutral,none,negative,positive,178,1,True,,negative,negative,none,neutral,none,报道1中提到的'高热反复、恢复时间拖长'和'刚好转又反复'的具体经历比报道2的'几天内明显缓解'更符合背景中'传播趋势和校园感染风险'的讨论。,,1.0,1,0,0,1,"{""final_choice"":""report_1"",""credible_choice"":""report_1"",""share_choice"":""none"",""comment_choice"":""neutral"",""like_choice"":""none"",""reason"":""报道1中提到的'高热反复、恢复时间拖长'和'刚好转又反复'的具体经历比报道2的'几天内明显缓解'更符合背景中'传播趋势和校园感染风险'的讨论。""}"
main,influenza_a,independent,main_baseline_neutral,none,positive,negative,179,1,True,,positive,positive,none,neutral,none,报道1提供了更具体的恢复时间和学校应对措施，而报道2的风险线索多为零散个案。,,0.0,0,0,0,0,"{""final_choice"":""report_1"",""credible_choice"":""report_1"",""share_choice"":""none"",""comment_choice"":""neutral"",""like_choice"":""none"",""reason"":""报道1提供了更具体的恢复时间和学校应对措施，而报道2的风险线索多为零散个案。""}"
main,influenza_a,independent,main_baseline_neutral,none,negative,positive,180,1,True,,negative,negative,none,neutral,none,报道1中的具体症状描述和恢复经历比报道2更具体，更符合背景中提到的'恢复时间拖长'和'刚好转又反复'的情况。,,1.0,1,0,0,1,"{""final_choice"":""report_1"",""credible_choice"":""report_1"",""share_choice"":""none"",""comment_choice"":""neutral"",""like_choice"":""none"",""reason"":""报道1中的具体症状描述和恢复经历比报道2更具体，更符合背景中提到的'恢复时间拖长'和'刚好转又反复'的情况。""}"
main,influenza_a,independent,main_baseline_neutral,none,positive,negative,181,1,True,,positive,positive,none,neutral,none,报道1中关于症状短期缓解和常规治疗有效的具体描述比报道2中的恢复拖长案例更符合季节性流感的常规表现。,,0.0,0,0,0,0,"{""final_choice"":""report_1"",""credible_choice"":""report_1"",""share_choice"":""none"",""comment_choice"":""neutral"",""like_choice"":""none"",""reason"":""报道1中关于症状短期缓解和常规治疗有效的具体描述比报道2中的恢复拖长案例更符合季节性流感的常规表现。""}"
main,influenza_a,independent,main_baseline_neutral,none,negative,positive,182,1,True,,negative,negative,none,neutral,none,报道1中提到的'高热反复、恢复时间拖长'和'刚好转又反复'的具体经历比报道2的'几天内明显缓解'更符合当前流感病例增多的背景。,,1.0,1,0,0,1,"{""final_choice"":""report_1"",""credible_choice"":""report_1"",""share_choice"":""none"",""comment_choice"":""neutral"",""like_choice"":""none"",""reason"":""报道1中提到的'高热反复、恢复时间拖长'和'刚好转又反复'的具体经历比报道2的'几天内明显缓解'更符合当前流感病例增多的背景。""}"
main,influenza_a,independent,main_baseline_neutral,none,positive,negative,183,1,True,,positive,positive,none,neutral,none,报道1提供了更多一线医生、家长和老师的具体经验，以及学校和社区的应对措施，而报道2的担忧更多来自网络传闻和零散个案。,,0.0,0,0,0,0,"{""final_choice"":""report_1"",""credible_choice"":""report_1"",""share_choice"":""none"",""comment_choice"":""neutral"",""like_choice"":""none"",""reason"":""报道1提供了更多一线医生、家长和老师的具体经验，以及学校和社区的应对措施，而报道2的担忧更多来自网络传闻和零散个案。""}"
main,influenza_a,independent,main_baseline_neutral,none,negative,positive,184,1,True,,negative,negative,none,neutral,none,报道1中提到的'高热反复'、'恢复时间拖长'和'交叉感染压力'等具体风险线索更具体地解释了背景中公众担忧的来源。,,1.0,1,0,0,1,"{""final_choice"":""report_1"",""credible_choice"":""report_1"",""share_choice"":""none"",""comment_choice"":""neutral"",""like_choice"":""none"",""reason"":""报道1中提到的'高热反复'、'恢复时间拖长'和'交叉感染压力'等具体风险线索更具体地解释了背景中公众担忧的来源。""}"
main,influenza_a,independent,main_baseline_neutral,none,positive,negative,185,1,True,,positive,positive,none,neutral,none,报道1中提到的具体应对措施和恢复情况比报道2中的零散个案更具体可验证。,,0.0,0,0,0,0,"{""final_choice"":""report_1"",""credible_choice"":""report_1"",""share_choice"":""none"",""comment_choice"":""neutral"",""like_choice"":""none"",""reason"":""报道1中提到的具体应对措施和恢复情况比报道2中的零散个案更具体可验证。""}"
main,influenza_a,independent,main_baseline_neutral,none,negative,positive,186,1,True,,negative,negative,none,neutral,none,报道1中反复出现的'恢复时间拖长'和'刚好转又反复'的具体经历更符合背景里提到的公众担忧。,,1.0,1,0,0,1,"{""final_choice"":""report_1"",""credible_choice"":""report_1"",""share_choice"":""none"",""comment_choice"":""neutral"",""like_choice"":""none"",""reason"":""报道1中反复出现的'恢复时间拖长'和'刚好转又反复'的具体经历更符合背景里提到的公众担忧。""}"
main,influenza_a,independent,main_baseline_neutral,none,positive,negative,187,1,True,,positive,positive,none,neutral,none,报道1中提到的门诊应对措施和恢复路径更具体，而报道2的风险线索多为网络传闻，缺乏医疗系统的直接观察。,,0.0,0,0,0,0,"{""final_choice"":""report_1"",""credible_choice"":""report_1"",""share_choice"":""none"",""comment_choice"":""neutral"",""like_choice"":""none"",""reason"":""报道1中提到的门诊应对措施和恢复路径更具体，而报道2的风险线索多为网络传闻，缺乏医疗系统的直接观察。""}"
main,influenza_a,independent,main_baseline_neutral,none,negative,positive,188,1,True,,negative,negative,none,support_negative,negative,报道1中提到的'高热反复、恢复时间拖长'和'刚好转又反复'的具体经历比报道2中的一般性'几天内缓解'描述更能解释当前流感病例增加的担忧。,,1.0,1,0,1,3,"{""final_choice"":""report_1"",""credible_choice"":""report_1"",""share_choice"":""none"",""comment_choice"":""support_report_1"",""like_choice"":""report_1"",""reason"":""报道1中提到的'高热反复、恢复时间拖长'和'刚好转又反复'的具体经历比报道2中的一般性'几天内缓解'描述更能解释当前流感病例增加的担忧。""}"
main,influenza_a,independent,main_baseline_neutral,none,positive,negative,189,1,True,,positive,positive,none,neutral,none,报道1提供了更具体的医疗应对和恢复路径，而报道2的风险线索多为网络传闻和零散个案。,,0.0,0,0,0,0,"{""final_choice"":""report_1"",""credible_choice"":""report_1"",""share_choice"":""none"",""comment_choice"":""neutral"",""like_choice"":""none"",""reason"":""报道1提供了更具体的医疗应对和恢复路径，而报道2的风险线索多为网络传闻和零散个案。""}"
main,influenza_a,independent,main_baseline_neutral,none,negative,positive,190,1,True,,negative,negative,none,neutral,none,报道1中提到的'高热反复、恢复时间拖长'和'家庭班级交叉感染压力'的具体描述更符合背景信息中'公众持续讨论传播趋势、校园感染风险'的关注点。,,1.0,1,0,0,1,"{""final_choice"":""report_1"",""credible_choice"":""report_1"",""share_choice"":""none"",""comment_choice"":""neutral"",""like_choice"":""none"",""reason"":""报道1中提到的'高热反复、恢复时间拖长'和'家庭班级交叉感染压力'的具体描述更符合背景信息中'公众持续讨论传播趋势、校园感染风险'的关注点。""}"
main,influenza_a,independent,main_baseline_neutral,none,positive,negative,191,1,True,,positive,positive,none,neutral,none,报道1中提到的大多数病例表现为短期发热和上呼吸道症状，通过常规治疗能较快缓解，这比报道2中零散的恢复拖长案例更符合整体趋势判断。,,0.0,0,0,0,0,"{""final_choice"":""report_1"",""credible_choice"":""report_1"",""share_choice"":""none"",""comment_choice"":""neutral"",""like_choice"":""none"",""reason"":""报道1中提到的大多数病例表现为短期发热和上呼吸道症状，通过常规治疗能较快缓解，这比报道2中零散的恢复拖长案例更符合整体趋势判断。""}"
main,influenza_a,independent,main_baseline_neutral,none,negative,positive,192,1,True,,negative,negative,none,neutral,none,报道1中提到的恢复时间拖长、家庭班级交叉感染压力和'刚好转又反复'的具体经历，比报道2中的一般性描述更能解释当前门诊量波动和公众担忧。,,1.0,1,0,0,1,"{""final_choice"":""report_1"",""credible_choice"":""report_1"",""share_choice"":""none"",""comment_choice"":""neutral"",""like_choice"":""none"",""reason"":""报道1中提到的恢复时间拖长、家庭班级交叉感染压力和'刚好转又反复'的具体经历，比报道2中的一般性描述更能解释当前门诊量波动和公众担忧。""}"
main,influenza_a,independent,main_baseline_neutral,none,positive,negative,193,1,True,,positive,positive,none,neutral,none,报道1中的具体应对措施和恢复描述比报道2中的零散个案更为具体和系统。,,0.0,0,0,0,0,"{""final_choice"":""report_1"",""credible_choice"":""report_1"",""share_choice"":""none"",""comment_choice"":""neutral"",""like_choice"":""none"",""reason"":""报道1中的具体应对措施和恢复描述比报道2中的零散个案更为具体和系统。""}"
main,influenza_a,independent,main_baseline_neutral,none,negative,positive,194,1,True,,negative,negative,none,neutral,none,报道1中反复出现的恢复慢、症状反复和家庭班级交叉感染的具体线索比报道2的常规恢复描述更突出。,,1.0,1,0,0,1,"{""final_choice"":""report_1"",""credible_choice"":""report_1"",""share_choice"":""none"",""comment_choice"":""neutral"",""like_choice"":""none"",""reason"":""报道1中反复出现的恢复慢、症状反复和家庭班级交叉感染的具体线索比报道2的常规恢复描述更突出。""}"
main,influenza_a,independent,main_baseline_neutral,none,positive,negative,195,1,True,,positive,positive,none,neutral,none,报道1提供了更具体的医生观察和学校应对措施，而报道2的网络消息相对模糊且混杂着零散个案。,,0.0,0,0,0,0,"{""final_choice"":""report_1"",""credible_choice"":""report_1"",""share_choice"":""none"",""comment_choice"":""neutral"",""like_choice"":""none"",""reason"":""报道1提供了更具体的医生观察和学校应对措施，而报道2的网络消息相对模糊且混杂着零散个案。""}"
main,influenza_a,independent,main_baseline_neutral,none,negative,positive,196,1,True,,negative,negative,none,neutral,none,报道1中提到的'恢复时间拖长'和'刚好转又反复'的具体经历，比报道2的'几天内明显缓解'更能解释背景中提到的'门诊量波动'和'网络经验贴增多'现象。,,1.0,1,0,0,1,"{""final_choice"":""report_1"",""credible_choice"":""report_1"",""share_choice"":""none"",""comment_choice"":""neutral"",""like_choice"":""none"",""reason"":""报道1中提到的'恢复时间拖长'和'刚好转又反复'的具体经历，比报道2的'几天内明显缓解'更能解释背景中提到的'门诊量波动'和'网络经验贴增多'现象。""}"
main,influenza_a,independent,main_baseline_neutral,none,positive,negative,197,1,True,,positive,positive,none,neutral,none,报道1提供了具体的医疗应对措施和恢复路径，比报道2中更模糊的'网络消息'和'网友提到'更有说服力。,,0.0,0,0,0,0,"{""final_choice"":""report_1"",""credible_choice"":""report_1"",""share_choice"":""none"",""comment_choice"":""neutral"",""like_choice"":""none"",""reason"":""报道1提供了具体的医疗应对措施和恢复路径，比报道2中更模糊的'网络消息'和'网友提到'更有说服力。""}"
main,influenza_a,independent,main_baseline_neutral,none,negative,positive,198,1,True,,negative,negative,none,neutral,none,报道1中提到了更多具体症状描述（高热反复、恢复时间拖长）和实际观察到的现象（学校请假人数上升、门诊候诊时间变长），这些具体线索比报道2中较为笼统的'短期发热、乏力'描述更能解释背景中提到的'恢复慢、复查观察和症状拖延'。,,1.0,1,0,0,1,"{""final_choice"":""report_1"",""credible_choice"":""report_1"",""share_choice"":""none"",""comment_choice"":""neutral"",""like_choice"":""none"",""reason"":""报道1中提到了更多具体症状描述（高热反复、恢复时间拖长）和实际观察到的现象（学校请假人数上升、门诊候诊时间变长），这些具体线索比报道2中较为笼统的'短期发热、乏力'描述更能解释背景中提到的'恢复慢、复查观察和症状拖延'。""}"
main,influenza_a,independent,main_baseline_neutral,none,positive,negative,199,1,True,,positive,positive,none,neutral,none,报道1提供了更多具体恢复路径和应对措施，而报道2的风险线索较为零散。,,0.0,0,0,0,0,"{""final_choice"":""report_1"",""credible_choice"":""report_1"",""share_choice"":""none"",""comment_choice"":""neutral"",""like_choice"":""none"",""reason"":""报道1提供了更多具体恢复路径和应对措施，而报道2的风险线索较为零散。""}"
main,influenza_a,independent,main_baseline_neutral,none,negative,positive,200,1,True,,negative,negative,none,neutral,none,报道1中提到的'高热反复'、'恢复时间拖长'和'刚好转又反复'的具体症状描述更贴近背景信息中公众担忧的传播趋势和恢复慢的问题。,,1.0,1,0,0,1,"{""final_choice"":""report_1"",""credible_choice"":""report_1"",""share_choice"":""none"",""comment_choice"":""neutral"",""like_choice"":""none"",""reason"":""报道1中提到的'高热反复'、'恢复时间拖长'和'刚好转又反复'的具体症状描述更贴近背景信息中公众担忧的传播趋势和恢复慢的问题。""}"
main,influenza_a,independent,main_baseline_neutral,none,positive,negative,201,1,True,,positive,positive,none,neutral,none,报道1中提到的大部分病例表现为短期发热、乏力和上呼吸道症状，经过常规治疗能在几天内缓解，这些具体恢复线索比报道2中模糊的'恢复时间拖长'更有说服力。,,0.0,0,0,0,0,"{""final_choice"":""report_1"",""credible_choice"":""report_1"",""share_choice"":""none"",""comment_choice"":""neutral"",""like_choice"":""none"",""reason"":""报道1中提到的大部分病例表现为短期发热、乏力和上呼吸道症状，经过常规治疗能在几天内缓解，这些具体恢复线索比报道2中模糊的'恢复时间拖长'更有说服力。""}"
main,influenza_a,independent,main_baseline_neutral,none,negative,positive,202,1,True,,negative,negative,none,neutral,none,报道1中关于高热反复、恢复时间拖长和交叉感染压力的具体描述更符合背景中提到的'门诊量波动和网络经验贴增多'的情况，而报道2虽然提到大部分病例症状较轻，但缺乏对'恢复慢'和'反复'等具体风险的具体解释。,,1.0,1,0,0,1,"{""final_choice"":""report_1"",""credible_choice"":""report_1"",""share_choice"":""none"",""comment_choice"":""neutral"",""like_choice"":""none"",""reason"":""报道1中关于高热反复、恢复时间拖长和交叉感染压力的具体描述更符合背景中提到的'门诊量波动和网络经验贴增多'的情况，而报道2虽然提到大部分病例症状较轻，但缺乏对'恢复慢'和'反复'等具体风险的具体解释。""}"
main,influenza_a,independent,main_baseline_neutral,none,positive,negative,203,1,True,,positive,positive,none,neutral,none,报道1提供了更多一线医生、家长和老师的具体观察，以及学校隔离、通风消毒等实际应对措施，这些具体线索比报道2中的网络传闻和零散个案更有说服力。,,0.0,0,0,0,0,"{""final_choice"":""report_1"",""credible_choice"":""report_1"",""share_choice"":""none"",""comment_choice"":""neutral"",""like_choice"":""none"",""reason"":""报道1提供了更多一线医生、家长和老师的具体观察，以及学校隔离、通风消毒等实际应对措施，这些具体线索比报道2中的网络传闻和零散个案更有说服力。""}"
main,influenza_a,independent,main_baseline_neutral,none,negative,positive,204,1,True,,negative,negative,none,support_negative,negative,报道1提供了更多具体的风险线索，如患者高热反复、恢复时间拖长、家庭和班级内部交叉感染压力明显，这些具体经历比报道2中相对笼统的'短期发热'和'几天内缓解'更具体地解释了背景中讨论的传播趋势和感染风险。,,1.0,1,0,1,3,"{""final_choice"":""report_1"",""credible_choice"":""report_1"",""share_choice"":""none"",""comment_choice"":""support_report_1"",""like_choice"":""report_1"",""reason"":""报道1提供了更多具体的风险线索，如患者高热反复、恢复时间拖长、家庭和班级内部交叉感染压力明显，这些具体经历比报道2中相对笼统的'短期发热'和'几天内缓解'更具体地解释了背景中讨论的传播趋势和感染风险。""}"
main,influenza_a,independent,main_baseline_neutral,none,positive,negative,205,1,True,,positive,positive,none,neutral,none,报道1提供了更具体的医疗一线观察和应对措施结果，而报道2的网络消息缺乏具体数据支持。,,0.0,0,0,0,0,"{""final_choice"":""report_1"",""credible_choice"":""report_1"",""share_choice"":""none"",""comment_choice"":""neutral"",""like_choice"":""none"",""reason"":""报道1提供了更具体的医疗一线观察和应对措施结果，而报道2的网络消息缺乏具体数据支持。""}"
main,influenza_a,independent,main_baseline_neutral,none,negative,positive,206,1,True,,negative,negative,none,neutral,none,报道1中反复出现的恢复时间拖长、症状反复和交叉感染压力的具体描述，比报道2中的一般性缓解描述更能引起注意。,,1.0,1,0,0,1,"{""final_choice"":""report_1"",""credible_choice"":""report_1"",""share_choice"":""none"",""comment_choice"":""neutral"",""like_choice"":""none"",""reason"":""报道1中反复出现的恢复时间拖长、症状反复和交叉感染压力的具体描述，比报道2中的一般性缓解描述更能引起注意。""}"
main,influenza_a,independent,main_baseline_neutral,none,positive,negative,207,1,True,,positive,positive,none,neutral,none,报道1提到一线医生、家长和学校老师的具体观察，以及隔离消毒等可应对措施，比报道2中网络零散个案更具代表性。,,0.0,0,0,0,0,"{""final_choice"":""report_1"",""credible_choice"":""report_1"",""share_choice"":""none"",""comment_choice"":""neutral"",""like_choice"":""none"",""reason"":""报道1提到一线医生、家长和学校老师的具体观察，以及隔离消毒等可应对措施，比报道2中网络零散个案更具代表性。""}"
main,influenza_a,independent,main_baseline_neutral,none,negative,positive,208,1,True,,negative,negative,none,neutral,none,报道1中提到的'高热反复、恢复时间拖长'和'家庭班级交叉感染压力'的具体风险线索更连续，而报道2的缓解描述相对笼统。,,1.0,1,0,0,1,"{""final_choice"":""report_1"",""credible_choice"":""report_1"",""share_choice"":""none"",""comment_choice"":""neutral"",""like_choice"":""none"",""reason"":""报道1中提到的'高热反复、恢复时间拖长'和'家庭班级交叉感染压力'的具体风险线索更连续，而报道2的缓解描述相对笼统。""}"
main,influenza_a,independent,main_baseline_neutral,none,positive,negative,209,1,True,,positive,positive,none,neutral,none,报道1提供了更具体的恢复路径和应对措施，而报道2的风险线索多为零散个案。,,0.0,0,0,0,0,"{""final_choice"":""report_1"",""credible_choice"":""report_1"",""share_choice"":""none"",""comment_choice"":""neutral"",""like_choice"":""none"",""reason"":""报道1提供了更具体的恢复路径和应对措施，而报道2的风险线索多为零散个案。""}"
main,influenza_a,independent,main_baseline_neutral,none,negative,positive,210,1,True,,negative,negative,none,neutral,none,报道1中提到的具体症状细节和反复感染案例比报道2的常规描述更具体且符合当前背景讨论热度。,,1.0,1,0,0,1,"{""final_choice"":""report_1"",""credible_choice"":""report_1"",""share_choice"":""none"",""comment_choice"":""neutral"",""like_choice"":""none"",""reason"":""报道1中提到的具体症状细节和反复感染案例比报道2的常规描述更具体且符合当前背景讨论热度。""}"
main,influenza_a,independent,main_baseline_neutral,none,positive,negative,211,1,True,,positive,positive,none,neutral,none,报道1中提到的恢复较快和常规治疗有效的情况更具体，而报道2的恢复拖长描述较为零散。,,0.0,0,0,0,0,"{""final_choice"":""report_1"",""credible_choice"":""report_1"",""share_choice"":""none"",""comment_choice"":""neutral"",""like_choice"":""none"",""reason"":""报道1中提到的恢复较快和常规治疗有效的情况更具体，而报道2的恢复拖长描述较为零散。""}"
main,influenza_a,independent,main_baseline_neutral,none,negative,positive,212,1,True,,negative,negative,none,neutral,none,报道1中提到的高热反复、恢复时间拖长和交叉感染压力更具体，而报道2虽然提到应对措施，但未能有效解释为什么患者会有'刚好转又反复'的经历。,,1.0,1,0,0,1,"{""final_choice"":""report_1"",""credible_choice"":""report_1"",""share_choice"":""none"",""comment_choice"":""neutral"",""like_choice"":""none"",""reason"":""报道1中提到的高热反复、恢复时间拖长和交叉感染压力更具体，而报道2虽然提到应对措施，但未能有效解释为什么患者会有'刚好转又反复'的经历。""}"
main,influenza_a,independent,main_baseline_neutral,none,positive,negative,213,1,True,,positive,positive,none,neutral,none,报道1提供了更具体的应对措施和恢复路径，而报道2的风险线索多为零散个案，缺乏系统描述。,,0.0,0,0,0,0,"{""final_choice"":""report_1"",""credible_choice"":""report_1"",""share_choice"":""none"",""comment_choice"":""neutral"",""like_choice"":""none"",""reason"":""报道1提供了更具体的应对措施和恢复路径，而报道2的风险线索多为零散个案，缺乏系统描述。""}"
main,influenza_a,independent,main_baseline_neutral,none,negative,positive,214,1,True,,negative,negative,none,neutral,none,报道1中提到的'高热反复、恢复时间拖长'和'刚好转又反复'的具体经历比报道2的'几天内明显缓解'更符合背景中'门诊量波动'和'网络经验贴增多'的情况。,,1.0,1,0,0,1,"{""final_choice"":""report_1"",""credible_choice"":""report_1"",""share_choice"":""none"",""comment_choice"":""neutral"",""like_choice"":""none"",""reason"":""报道1中提到的'高热反复、恢复时间拖长'和'刚好转又反复'的具体经历比报道2的'几天内明显缓解'更符合背景中'门诊量波动'和'网络经验贴增多'的情况。""}"
main,influenza_a,independent,main_baseline_neutral,none,positive,negative,215,1,True,,neutral,neutral,none,neutral,none,报道1提到一线医生和学校的常规应对经验，报道2则提供了患者症状反复的具体案例，两边的具体线索相互制衡。,,0.5,0,0,0,0,"{""final_choice"":""neutral"",""credible_choice"":""neutral"",""share_choice"":""none"",""comment_choice"":""neutral"",""like_choice"":""none"",""reason"":""报道1提到一线医生和学校的常规应对经验，报道2则提供了患者症状反复的具体案例，两边的具体线索相互制衡。""}"
main,influenza_a,independent,main_baseline_neutral,none,negative,positive,216,1,True,,negative,negative,none,neutral,none,报道1中提到的'恢复时间拖长'和'刚好转又反复'的具体经历比报道2的'几天内明显缓解'更符合背景中讨论的担忧趋势。,,1.0,1,0,0,1,"{""final_choice"":""report_1"",""credible_choice"":""report_1"",""share_choice"":""none"",""comment_choice"":""neutral"",""like_choice"":""none"",""reason"":""报道1中提到的'恢复时间拖长'和'刚好转又反复'的具体经历比报道2的'几天内明显缓解'更符合背景中讨论的担忧趋势。""}"
main,influenza_a,independent,main_baseline_neutral,none,positive,negative,217,1,True,,positive,positive,none,neutral,none,报道1提供了更具体的医院应对和学校防控措施，以及恢复路径的明确时间表，而报道2的风险线索多来自零散个案和网络传言。,,0.0,0,0,0,0,"{""final_choice"":""report_1"",""credible_choice"":""report_1"",""share_choice"":""none"",""comment_choice"":""neutral"",""like_choice"":""none"",""reason"":""报道1提供了更具体的医院应对和学校防控措施，以及恢复路径的明确时间表，而报道2的风险线索多来自零散个案和网络传言。""}"
main,influenza_a,independent,main_baseline_neutral,none,negative,positive,218,1,True,,negative,negative,none,neutral,none,报道1中反复出现的'高热反复'、'恢复时间拖长'和'家庭班级交叉感染'等具体症状和传播线索比报道2的'短期发热'和'几天内缓解'更贴近背景中提到的'门诊候诊时间变长'和'刚好转又反复'等现象。,,1.0,1,0,0,1,"{""final_choice"":""report_1"",""credible_choice"":""report_1"",""share_choice"":""none"",""comment_choice"":""neutral"",""like_choice"":""none"",""reason"":""报道1中反复出现的'高热反复'、'恢复时间拖长'和'家庭班级交叉感染'等具体症状和传播线索比报道2的'短期发热'和'几天内缓解'更贴近背景中提到的'门诊候诊时间变长'和'刚好转又反复'等现象。""}"
main,influenza_a,independent,main_baseline_neutral,none,positive,negative,219,1,True,,positive,positive,none,neutral,none,报道1中一线医生、家长和老师的具体观察更系统，提供了明确的恢复时间和应对措施，而报道2的网络消息多为零散个案。,,0.0,0,0,0,0,"{""final_choice"":""report_1"",""credible_choice"":""report_1"",""share_choice"":""none"",""comment_choice"":""neutral"",""like_choice"":""none"",""reason"":""报道1中一线医生、家长和老师的具体观察更系统，提供了明确的恢复时间和应对措施，而报道2的网络消息多为零散个案。""}"
main,influenza_a,independent,main_baseline_neutral,none,negative,positive,220,1,True,,negative,negative,none,neutral,none,报道1中提到的'高热反复'、'恢复时间拖长'和'刚好转又反复'等具体症状描述，比报道2的'短期发热'和'几天内明显缓解'更符合背景信息中'恢复慢、复查观察和症状拖延'的讨论。,,1.0,1,0,0,1,"{""final_choice"":""report_1"",""credible_choice"":""report_1"",""share_choice"":""none"",""comment_choice"":""neutral"",""like_choice"":""none"",""reason"":""报道1中提到的'高热反复'、'恢复时间拖长'和'刚好转又反复'等具体症状描述，比报道2的'短期发热'和'几天内明显缓解'更符合背景信息中'恢复慢、复查观察和症状拖延'的讨论。""}"
main,influenza_a,independent,main_baseline_neutral,none,positive,negative,221,1,True,,positive,positive,none,neutral,none,报道1中提到的症状表现和应对措施更具体，恢复时间明确，而报道2中的担忧多为网络传言和零散个案。,,0.0,0,0,0,0,"{""final_choice"":""report_1"",""credible_choice"":""report_1"",""share_choice"":""none"",""comment_choice"":""neutral"",""like_choice"":""none"",""reason"":""报道1中提到的症状表现和应对措施更具体，恢复时间明确，而报道2中的担忧多为网络传言和零散个案。""}"
main,influenza_a,independent,main_baseline_neutral,none,negative,positive,222,1,True,,negative,negative,none,neutral,none,报道1中提到的'高热反复'、'恢复时间拖长'和'家庭班级交叉感染压力'这些具体症状和传播现象，比报道2中'短期发热'、'几天内明显缓解'的描述更符合背景中'传播趋势上升'的担忧。,,1.0,1,0,0,1,"{""final_choice"":""report_1"",""credible_choice"":""report_1"",""share_choice"":""none"",""comment_choice"":""neutral"",""like_choice"":""none"",""reason"":""报道1中提到的'高热反复'、'恢复时间拖长'和'家庭班级交叉感染压力'这些具体症状和传播现象，比报道2中'短期发热'、'几天内明显缓解'的描述更符合背景中'传播趋势上升'的担忧。""}"
main,influenza_a,independent,main_baseline_neutral,none,positive,negative,223,1,True,,positive,positive,none,neutral,none,报道1提供了更多一线医生、家长和学校的具体经验，以及更明确的应对措施和恢复路径，这些具体线索比报道2中的零散网络消息更有说服力。,,0.0,0,0,0,0,"{""final_choice"":""report_1"",""credible_choice"":""report_1"",""share_choice"":""none"",""comment_choice"":""neutral"",""like_choice"":""none"",""reason"":""报道1提供了更多一线医生、家长和学校的具体经验，以及更明确的应对措施和恢复路径，这些具体线索比报道2中的零散网络消息更有说服力。""}"
main,influenza_a,independent,main_baseline_neutral,none,negative,positive,224,1,True,,negative,negative,none,neutral,none,报道1提供了更具体的患者症状描述和恢复时间拖长的案例，这些风险线索在材料中显得更具体。,,1.0,1,0,0,1,"{""final_choice"":""report_1"",""credible_choice"":""report_1"",""share_choice"":""none"",""comment_choice"":""neutral"",""like_choice"":""none"",""reason"":""报道1提供了更具体的患者症状描述和恢复时间拖长的案例，这些风险线索在材料中显得更具体。""}"
main,influenza_a,independent,main_baseline_neutral,none,positive,negative,225,1,True,,neutral,neutral,none,neutral,none,报道1提供了医生、家长和老师的具体经验，表明症状可控且传播可压住；报道2则提供了患者高热反复、恢复拖长的具体案例，两者都有具体且相互制衡的线索。,,0.5,0,0,0,0,"{""final_choice"":""neutral"",""credible_choice"":""neutral"",""share_choice"":""none"",""comment_choice"":""neutral"",""like_choice"":""none"",""reason"":""报道1提供了医生、家长和老师的具体经验，表明症状可控且传播可压住；报道2则提供了患者高热反复、恢复拖长的具体案例，两者都有具体且相互制衡的线索。""}"
main,influenza_a,independent,main_baseline_neutral,none,negative,positive,226,1,True,,negative,negative,none,neutral,none,报道1中提到的'高热反复、恢复时间拖长'和'刚好转又反复'的具体经历更符合背景中'公众持续讨论传播趋势'的担忧。,,1.0,1,0,0,1,"{""final_choice"":""report_1"",""credible_choice"":""report_1"",""share_choice"":""none"",""comment_choice"":""neutral"",""like_choice"":""none"",""reason"":""报道1中提到的'高热反复、恢复时间拖长'和'刚好转又反复'的具体经历更符合背景中'公众持续讨论传播趋势'的担忧。""}"
main,influenza_a,independent,main_baseline_neutral,none,positive,negative,227,1,True,,positive,positive,none,neutral,none,报道1提到门诊医生、家长和老师的具体观察，以及学校和社区的实际应对措施，这些一线人员的经验比网络零散个案更具参考性。,,0.0,0,0,0,0,"{""final_choice"":""report_1"",""credible_choice"":""report_1"",""share_choice"":""none"",""comment_choice"":""neutral"",""like_choice"":""none"",""reason"":""报道1提到门诊医生、家长和老师的具体观察，以及学校和社区的实际应对措施，这些一线人员的经验比网络零散个案更具参考性。""}"
main,influenza_a,independent,main_baseline_neutral,none,negative,positive,228,1,True,,negative,negative,none,support_negative,negative,报道1中提到的高热反复、恢复时间拖长、家庭班级交叉感染压力、学校请假人数上升等具体风险线索比报道2的短期缓解描述更详细且与背景中讨论的传播趋势、感染风险相符。,,1.0,1,0,1,3,"{""final_choice"":""report_1"",""credible_choice"":""report_1"",""share_choice"":""none"",""comment_choice"":""support_report_1"",""like_choice"":""report_1"",""reason"":""报道1中提到的高热反复、恢复时间拖长、家庭班级交叉感染压力、学校请假人数上升等具体风险线索比报道2的短期缓解描述更详细且与背景中讨论的传播趋势、感染风险相符。""}"
main,influenza_a,independent,main_baseline_neutral,none,positive,negative,229,1,True,,positive,positive,none,neutral,none,报道1提供了更具体的医疗应对和恢复路径，而报道2的风险线索较为零散。,,0.0,0,0,0,0,"{""final_choice"":""report_1"",""credible_choice"":""report_1"",""share_choice"":""none"",""comment_choice"":""neutral"",""like_choice"":""none"",""reason"":""报道1提供了更具体的医疗应对和恢复路径，而报道2的风险线索较为零散。""}"
main,influenza_a,independent,main_baseline_neutral,none,negative,positive,230,1,True,,negative,negative,none,support_negative,negative,报道1中反复出现的高热反复、恢复时间拖长和交叉感染压力的具体个案，比报道2中的常规治疗描述更能解释背景中提到的'恢复慢、复查观察和症状拖延'线索。,,1.0,1,0,1,3,"{""final_choice"":""report_1"",""credible_choice"":""report_1"",""share_choice"":""none"",""comment_choice"":""support_report_1"",""like_choice"":""report_1"",""reason"":""报道1中反复出现的高热反复、恢复时间拖长和交叉感染压力的具体个案，比报道2中的常规治疗描述更能解释背景中提到的'恢复慢、复查观察和症状拖延'线索。""}"
main,influenza_a,independent,main_baseline_neutral,none,positive,negative,231,1,True,,positive,positive,none,neutral,none,报道1中提到的'几天内明显缓解'和'传播链被压住'的具体应对措施和恢复情况更符合季节性流感的常规预期。,,0.0,0,0,0,0,"{""final_choice"":""report_1"",""credible_choice"":""report_1"",""share_choice"":""none"",""comment_choice"":""neutral"",""like_choice"":""none"",""reason"":""报道1中提到的'几天内明显缓解'和'传播链被压住'的具体应对措施和恢复情况更符合季节性流感的常规预期。""}"
main,influenza_a,independent,main_baseline_neutral,none,negative,positive,232,1,True,,negative,negative,none,neutral,none,报道1提到的'高热反复、恢复时间拖长'和'家庭班级交叉感染压力'比报道2的'几天内明显缓解'更符合背景中'门诊量波动'和'网络经验贴增多'的实际情况。,,1.0,1,0,0,1,"{""final_choice"":""report_1"",""credible_choice"":""report_1"",""share_choice"":""none"",""comment_choice"":""neutral"",""like_choice"":""none"",""reason"":""报道1提到的'高热反复、恢复时间拖长'和'家庭班级交叉感染压力'比报道2的'几天内明显缓解'更符合背景中'门诊量波动'和'网络经验贴增多'的实际情况。""}"
main,influenza_a,independent,main_baseline_neutral,none,positive,negative,233,1,True,,positive,positive,none,neutral,none,报道1提供了更具体的恢复时间和应对措施，而报道2的风险线索多为零散个案，缺乏一致性。,,0.0,0,0,0,0,"{""final_choice"":""report_1"",""credible_choice"":""report_1"",""share_choice"":""none"",""comment_choice"":""neutral"",""like_choice"":""none"",""reason"":""报道1提供了更具体的恢复时间和应对措施，而报道2的风险线索多为零散个案，缺乏一致性。""}"
main,influenza_a,independent,main_baseline_neutral,none,negative,positive,234,1,True,,negative,negative,none,neutral,none,报道1中关于高热反复、恢复时间拖长和家庭班级交叉感染的具体线索比报道2的常规描述更具体，与背景中提到的'恢复慢、复查观察和症状拖延'更相关。,,1.0,1,0,0,1,"{""final_choice"":""report_1"",""credible_choice"":""report_1"",""share_choice"":""none"",""comment_choice"":""neutral"",""like_choice"":""none"",""reason"":""报道1中关于高热反复、恢复时间拖长和家庭班级交叉感染的具体线索比报道2的常规描述更具体，与背景中提到的'恢复慢、复查观察和症状拖延'更相关。""}"
main,influenza_a,independent,main_baseline_neutral,none,positive,negative,235,1,True,,positive,positive,none,neutral,none,报道1中提到的具体应对措施和恢复路径更明确，而报道2的网络消息缺乏具体来源和细节。,,0.0,0,0,0,0,"{""final_choice"":""report_1"",""credible_choice"":""report_1"",""share_choice"":""none"",""comment_choice"":""neutral"",""like_choice"":""none"",""reason"":""报道1中提到的具体应对措施和恢复路径更明确，而报道2的网络消息缺乏具体来源和细节。""}"
main,influenza_a,independent,main_baseline_neutral,none,negative,positive,236,1,True,,negative,negative,none,neutral,none,报道1中提到的'高热反复'、'恢复时间拖长'和'刚好转又反复'等具体症状描述更符合当前公众讨论中观察到的现象。,,1.0,1,0,0,1,"{""final_choice"":""report_1"",""credible_choice"":""report_1"",""share_choice"":""none"",""comment_choice"":""neutral"",""like_choice"":""none"",""reason"":""报道1中提到的'高热反复'、'恢复时间拖长'和'刚好转又反复'等具体症状描述更符合当前公众讨论中观察到的现象。""}"
main,influenza_a,independent,main_baseline_neutral,none,positive,negative,237,1,True,,positive,positive,none,neutral,none,报道1中的医院应对能力和恢复路径更具体，而报道2的风险线索多为零散个案。,,0.0,0,0,0,0,"{""final_choice"":""report_1"",""credible_choice"":""report_1"",""share_choice"":""none"",""comment_choice"":""neutral"",""like_choice"":""none"",""reason"":""报道1中的医院应对能力和恢复路径更具体，而报道2的风险线索多为零散个案。""}"
main,influenza_a,independent,main_baseline_neutral,none,negative,positive,238,1,True,,negative,negative,none,neutral,none,报道1中提到的恢复时间拖长、家庭和班级交叉感染压力更具体，且'刚好转又反复'的描述与背景中门诊量波动、经验贴增多相符。,,1.0,1,0,0,1,"{""final_choice"":""report_1"",""credible_choice"":""report_1"",""share_choice"":""none"",""comment_choice"":""neutral"",""like_choice"":""none"",""reason"":""报道1中提到的恢复时间拖长、家庭和班级交叉感染压力更具体，且'刚好转又反复'的描述与背景中门诊量波动、经验贴增多相符。""}"
main,influenza_a,independent,main_baseline_neutral,none,positive,negative,239,1,True,,positive,positive,none,neutral,none,报道1提供了更多一线医生、家长和老师的具体经验，以及明确的应对措施和恢复时间，比报道2中的网络传闻更有说服力。,,0.0,0,0,0,0,"{""final_choice"":""report_1"",""credible_choice"":""report_1"",""share_choice"":""none"",""comment_choice"":""neutral"",""like_choice"":""none"",""reason"":""报道1提供了更多一线医生、家长和老师的具体经验，以及明确的应对措施和恢复时间，比报道2中的网络传闻更有说服力。""}"
main,influenza_a,independent,main_baseline_neutral,none,negative,positive,240,1,True,,negative,negative,none,neutral,none,报道1中关于患者高热反复、恢复时间拖长以及家庭班级交叉感染压力的具体描述，比报道2中的常规恢复描述更能解释背景中提到的公众担忧。,,1.0,1,0,0,1,"{""final_choice"":""report_1"",""credible_choice"":""report_1"",""share_choice"":""none"",""comment_choice"":""neutral"",""like_choice"":""none"",""reason"":""报道1中关于患者高热反复、恢复时间拖长以及家庭班级交叉感染压力的具体描述，比报道2中的常规恢复描述更能解释背景中提到的公众担忧。""}"
main,influenza_a,independent,main_baseline_neutral,none,positive,negative,241,1,True,,positive,positive,none,neutral,none,报道1中的'短期发热、乏力和上呼吸道症状'以及'几天内明显缓解'比报道2的'高热反复、恢复时间拖长'更具体且一致。,,0.0,0,0,0,0,"{""final_choice"":""report_1"",""credible_choice"":""report_1"",""share_choice"":""none"",""comment_choice"":""neutral"",""like_choice"":""none"",""reason"":""报道1中的'短期发热、乏力和上呼吸道症状'以及'几天内明显缓解'比报道2的'高热反复、恢复时间拖长'更具体且一致。""}"
main,influenza_a,independent,main_baseline_neutral,none,negative,positive,242,1,True,,negative,negative,none,neutral,none,报道1提到的'高热反复、恢复时间拖长'和'家庭班级交叉感染压力'更具体地解释了当前就医压力和门诊候诊时间变长的情况。,,1.0,1,0,0,1,"{""final_choice"":""report_1"",""credible_choice"":""report_1"",""share_choice"":""none"",""comment_choice"":""neutral"",""like_choice"":""none"",""reason"":""报道1提到的'高热反复、恢复时间拖长'和'家庭班级交叉感染压力'更具体地解释了当前就医压力和门诊候诊时间变长的情况。""}"
main,influenza_a,independent,main_baseline_neutral,none,positive,negative,243,1,True,,positive,positive,none,neutral,none,报道1提供了更具体的恢复路径和应对措施，如'休息、退热和常规治疗后通常能在几天内明显缓解'，而报道2的风险线索多为'高热反复'、'恢复时间拖长'等模糊描述，缺乏具体时间范围和应对效果说明。,,0.0,0,0,0,0,"{""final_choice"":""report_1"",""credible_choice"":""report_1"",""share_choice"":""none"",""comment_choice"":""neutral"",""like_choice"":""none"",""reason"":""报道1提供了更具体的恢复路径和应对措施，如'休息、退热和常规治疗后通常能在几天内明显缓解'，而报道2的风险线索多为'高热反复'、'恢复时间拖长'等模糊描述，缺乏具体时间范围和应对效果说明。""}"
main,influenza_a,independent,main_baseline_neutral,none,negative,positive,244,1,True,,negative,negative,none,neutral,none,报道1提到的'高热反复、恢复时间拖长'和'刚好转又反复'等具体症状描述比报道2的'几天内明显缓解'更符合当前流感病例增加的背景。,,1.0,1,0,0,1,"{""final_choice"":""report_1"",""credible_choice"":""report_1"",""share_choice"":""none"",""comment_choice"":""neutral"",""like_choice"":""none"",""reason"":""报道1提到的'高热反复、恢复时间拖长'和'刚好转又反复'等具体症状描述比报道2的'几天内明显缓解'更符合当前流感病例增加的背景。""}"
main,influenza_a,independent,main_baseline_neutral,none,positive,negative,245,1,True,,positive,positive,none,neutral,none,报道1中的医生、家长和老师的具体经验以及学校防控措施的实际效果，比报道2中零散的网友个人经历更具有代表性和一致性。,,0.0,0,0,0,0,"{""final_choice"":""report_1"",""credible_choice"":""report_1"",""share_choice"":""none"",""comment_choice"":""neutral"",""like_choice"":""none"",""reason"":""报道1中的医生、家长和老师的具体经验以及学校防控措施的实际效果，比报道2中零散的网友个人经历更具有代表性和一致性。""}"
main,influenza_a,independent,main_baseline_neutral,none,negative,positive,246,1,True,,negative,negative,none,neutral,none,报道1中提到的高热反复、恢复时间拖长以及家庭班级交叉感染更具体，而报道2的恢复较快描述相对笼统。,,1.0,1,0,0,1,"{""final_choice"":""report_1"",""credible_choice"":""report_1"",""share_choice"":""none"",""comment_choice"":""neutral"",""like_choice"":""none"",""reason"":""报道1中提到的高热反复、恢复时间拖长以及家庭班级交叉感染更具体，而报道2的恢复较快描述相对笼统。""}"
main,influenza_a,independent,main_baseline_neutral,none,positive,negative,247,1,True,,positive,positive,none,neutral,none,报道1中医生、家长和老师的一线经验更具体，提到了明确的症状特征、应对措施和恢复时间，而报道2的网络信息较为零散且混杂。,,0.0,0,0,0,0,"{""final_choice"":""report_1"",""credible_choice"":""report_1"",""share_choice"":""none"",""comment_choice"":""neutral"",""like_choice"":""none"",""reason"":""报道1中医生、家长和老师的一线经验更具体，提到了明确的症状特征、应对措施和恢复时间，而报道2的网络信息较为零散且混杂。""}"
main,influenza_a,independent,main_baseline_neutral,none,negative,positive,248,1,True,,negative,negative,none,support_negative,negative,报道1提到的'高热反复'、'恢复时间拖长'和'家庭班级交叉感染'这些具体风险线索更连续，而报道2虽然提到大部分病例能缓解，但应对措施相对常规，没有直接回应报道1中反复出现的恢复慢和症状反复问题。,,1.0,1,0,1,3,"{""final_choice"":""report_1"",""credible_choice"":""report_1"",""share_choice"":""none"",""comment_choice"":""support_report_1"",""like_choice"":""report_1"",""reason"":""报道1提到的'高热反复'、'恢复时间拖长'和'家庭班级交叉感染'这些具体风险线索更连续，而报道2虽然提到大部分病例能缓解，但应对措施相对常规，没有直接回应报道1中反复出现的恢复慢和症状反复问题。""}"
main,influenza_a,independent,main_baseline_neutral,none,positive,negative,249,1,True,,positive,positive,none,neutral,none,报道1提到了一线医生、家长和老师的具体观察，以及学校和社区的实际应对措施，这些具体线索比报道2中的网络传言和零散个案更有参考价值。,,0.0,0,0,0,0,"{""final_choice"":""report_1"",""credible_choice"":""report_1"",""share_choice"":""none"",""comment_choice"":""neutral"",""like_choice"":""none"",""reason"":""报道1提到了一线医生、家长和老师的具体观察，以及学校和社区的实际应对措施，这些具体线索比报道2中的网络传言和零散个案更有参考价值。""}"
main,influenza_a,independent,main_baseline_neutral,none,negative,positive,250,1,True,,negative,negative,none,neutral,none,报道1中提到的'高热反复、恢复时间拖长'和'刚好转又反复'的具体个人经历比报道2中的常规描述更符合背景中'门诊量波动和网络经验贴增多'的现象。,,1.0,1,0,0,1,"{""final_choice"":""report_1"",""credible_choice"":""report_1"",""share_choice"":""none"",""comment_choice"":""neutral"",""like_choice"":""none"",""reason"":""报道1中提到的'高热反复、恢复时间拖长'和'刚好转又反复'的具体个人经历比报道2中的常规描述更符合背景中'门诊量波动和网络经验贴增多'的现象。""}"
main,influenza_a,independent,main_baseline_neutral,none,positive,negative,251,1,True,,positive,positive,none,neutral,none,报道1中提到大部分病例表现为短期发热、乏力和上呼吸道症状，经过休息和常规治疗后几天内能明显缓解，这种具体恢复描述比报道2中的'恢复时间拖长'更具体。,,0.0,0,0,0,0,"{""final_choice"":""report_1"",""credible_choice"":""report_1"",""share_choice"":""none"",""comment_choice"":""neutral"",""like_choice"":""none"",""reason"":""报道1中提到大部分病例表现为短期发热、乏力和上呼吸道症状，经过休息和常规治疗后几天内能明显缓解，这种具体恢复描述比报道2中的'恢复时间拖长'更具体。""}"
main,influenza_a,independent,main_baseline_neutral,none,negative,positive,252,1,True,,negative,negative,none,neutral,none,报道1提到的恢复时间拖长、反复感染和门诊压力增加等具体风险线索，比报道2中的一般性描述更能解释当前流感病例增加的实际情况。,,1.0,1,0,0,1,"{""final_choice"":""report_1"",""credible_choice"":""report_1"",""share_choice"":""none"",""comment_choice"":""neutral"",""like_choice"":""none"",""reason"":""报道1提到的恢复时间拖长、反复感染和门诊压力增加等具体风险线索，比报道2中的一般性描述更能解释当前流感病例增加的实际情况。""}"
main,influenza_a,independent,main_baseline_neutral,none,positive,negative,253,1,True,,positive,positive,none,neutral,none,报道1提供的恢复路径和应对措施更具体，能解释背景中的波动情况，而报道2的风险线索多为零散个案。,,0.0,0,0,0,0,"{""final_choice"":""report_1"",""credible_choice"":""report_1"",""share_choice"":""none"",""comment_choice"":""neutral"",""like_choice"":""none"",""reason"":""报道1提供的恢复路径和应对措施更具体，能解释背景中的波动情况，而报道2的风险线索多为零散个案。""}"
main,influenza_a,independent,main_baseline_neutral,none,negative,positive,254,1,True,,negative,negative,none,neutral,none,报道1中提到的'高热反复'、'恢复时间拖长'和'刚好转又反复'等具体风险线索比报道2的常规描述更具体且有连续性。,,1.0,1,0,0,1,"{""final_choice"":""report_1"",""credible_choice"":""report_1"",""share_choice"":""none"",""comment_choice"":""neutral"",""like_choice"":""none"",""reason"":""报道1中提到的'高热反复'、'恢复时间拖长'和'刚好转又反复'等具体风险线索比报道2的常规描述更具体且有连续性。""}"
main,influenza_a,independent,main_baseline_neutral,none,positive,negative,255,1,True,,positive,positive,none,neutral,none,报道1中提到的具体应对措施和恢复情况比报道2中的网络传言更具体且有来源。,,0.0,0,0,0,0,"{""final_choice"":""report_1"",""credible_choice"":""report_1"",""share_choice"":""none"",""comment_choice"":""neutral"",""like_choice"":""none"",""reason"":""报道1中提到的具体应对措施和恢复情况比报道2中的网络传言更具体且有来源。""}"
main,influenza_a,independent,main_baseline_neutral,none,negative,positive,256,1,True,,negative,negative,none,neutral,none,报道1中反复出现的恢复拖长、症状反复等具体风险线索比报道2中的常规恢复描述更符合当前背景中'持续讨论传播趋势'的紧张氛围。,,1.0,1,0,0,1,"{""final_choice"":""report_1"",""credible_choice"":""report_1"",""share_choice"":""none"",""comment_choice"":""neutral"",""like_choice"":""none"",""reason"":""报道1中反复出现的恢复拖长、症状反复等具体风险线索比报道2中的常规恢复描述更符合当前背景中'持续讨论传播趋势'的紧张氛围。""}"
main,influenza_a,independent,main_baseline_neutral,none,positive,negative,257,1,True,,positive,positive,none,neutral,none,报道1中提到的一线医生、家长和学校老师的具体经验以及学校和社区的实际应对措施，比报道2中更模糊的网络消息和零散个案更能说明当前情况。,,0.0,0,0,0,0,"{""final_choice"":""report_1"",""credible_choice"":""report_1"",""share_choice"":""none"",""comment_choice"":""neutral"",""like_choice"":""none"",""reason"":""报道1中提到的一线医生、家长和学校老师的具体经验以及学校和社区的实际应对措施，比报道2中更模糊的网络消息和零散个案更能说明当前情况。""}"
main,influenza_a,independent,main_baseline_neutral,none,negative,positive,258,1,True,,negative,negative,none,neutral,none,报道1中关于患者高热反复、恢复时间拖长和家庭班级交叉感染的具体描述比报道2的常规应对描述更符合背景中提到的'传播趋势'和'感染风险'讨论。,,1.0,1,0,0,1,"{""final_choice"":""report_1"",""credible_choice"":""report_1"",""share_choice"":""none"",""comment_choice"":""neutral"",""like_choice"":""none"",""reason"":""报道1中关于患者高热反复、恢复时间拖长和家庭班级交叉感染的具体描述比报道2的常规应对描述更符合背景中提到的'传播趋势'和'感染风险'讨论。""}"
main,influenza_a,independent,main_baseline_neutral,none,positive,negative,259,1,True,,positive,positive,none,neutral,none,报道1提供了更具体的恢复路径和应对措施，而报道2的风险线索较为零散。,,0.0,0,0,0,0,"{""final_choice"":""report_1"",""credible_choice"":""report_1"",""share_choice"":""none"",""comment_choice"":""neutral"",""like_choice"":""none"",""reason"":""报道1提供了更具体的恢复路径和应对措施，而报道2的风险线索较为零散。""}"
main,influenza_a,independent,main_baseline_neutral,none,negative,positive,260,1,True,,negative,negative,none,neutral,none,报道1中提到的'高热反复'、'恢复时间拖长'和'刚好转又反复'的具体描述更贴近背景中公众的担忧和讨论。,,1.0,1,0,0,1,"{""final_choice"":""report_1"",""credible_choice"":""report_1"",""share_choice"":""none"",""comment_choice"":""neutral"",""like_choice"":""none"",""reason"":""报道1中提到的'高热反复'、'恢复时间拖长'和'刚好转又反复'的具体描述更贴近背景中公众的担忧和讨论。""}"
main,influenza_a,independent,main_baseline_neutral,none,positive,negative,261,1,True,,positive,positive,none,neutral,none,报道1中明确提到症状通常能在几天内明显缓解，而报道2中的恢复拖长只是零散个案，缺乏一致性和代表性。,,0.0,0,0,0,0,"{""final_choice"":""report_1"",""credible_choice"":""report_1"",""share_choice"":""none"",""comment_choice"":""neutral"",""like_choice"":""none"",""reason"":""报道1中明确提到症状通常能在几天内明显缓解，而报道2中的恢复拖长只是零散个案，缺乏一致性和代表性。""}"
main,influenza_a,independent,main_baseline_neutral,none,negative,positive,262,1,True,,negative,negative,none,neutral,none,报道1中提到的'高热反复、恢复时间拖长'和'家庭班级内部交叉感染压力'比报道2的'短期发热、几天内缓解'更符合背景中'门诊候诊时间变长'的描述。,,1.0,1,0,0,1,"{""final_choice"":""report_1"",""credible_choice"":""report_1"",""share_choice"":""none"",""comment_choice"":""neutral"",""like_choice"":""none"",""reason"":""报道1中提到的'高热反复、恢复时间拖长'和'家庭班级内部交叉感染压力'比报道2的'短期发热、几天内缓解'更符合背景中'门诊候诊时间变长'的描述。""}"
main,influenza_a,independent,main_baseline_neutral,none,positive,negative,263,1,True,,positive,positive,none,neutral,none,报道1提供了更多一线医生、家长和老师的具体观察，以及明确的应对措施和恢复路径，这些具体线索比报道2中零散的网友说法更有参考价值。,,0.0,0,0,0,0,"{""final_choice"":""report_1"",""credible_choice"":""report_1"",""share_choice"":""none"",""comment_choice"":""neutral"",""like_choice"":""none"",""reason"":""报道1提供了更多一线医生、家长和老师的具体观察，以及明确的应对措施和恢复路径，这些具体线索比报道2中零散的网友说法更有参考价值。""}"
main,influenza_a,independent,main_baseline_neutral,none,negative,positive,264,1,True,,negative,negative,none,neutral,none,报道1中关于患者高热反复、恢复时间拖长以及家庭和班级交叉感染压力的具体描述，比报道2中的一般性缓解描述更具体且更符合背景中提到的'是否需要提高警惕'的争议点。,,1.0,1,0,0,1,"{""final_choice"":""report_1"",""credible_choice"":""report_1"",""share_choice"":""none"",""comment_choice"":""neutral"",""like_choice"":""none"",""reason"":""报道1中关于患者高热反复、恢复时间拖长以及家庭和班级交叉感染压力的具体描述，比报道2中的一般性缓解描述更具体且更符合背景中提到的'是否需要提高警惕'的争议点。""}"
main,influenza_a,independent,main_baseline_neutral,none,positive,negative,265,1,True,,positive,positive,none,neutral,none,报道1中提到的门诊医生、家长和老师的具体经验表明症状普遍可控且恢复较快，这些正式来源的描述更具说服力。,,0.0,0,0,0,0,"{""final_choice"":""report_1"",""credible_choice"":""report_1"",""share_choice"":""none"",""comment_choice"":""neutral"",""like_choice"":""none"",""reason"":""报道1中提到的门诊医生、家长和老师的具体经验表明症状普遍可控且恢复较快，这些正式来源的描述更具说服力。""}"
main,influenza_a,independent,main_baseline_neutral,none,negative,positive,266,1,True,,negative,negative,none,neutral,none,报道1中提到的恢复时间拖长和'刚好转又反复'的具体经历更符合背景中'门诊候诊时间变长'的描述，而报道2的恢复较快描述相对笼统。,,1.0,1,0,0,1,"{""final_choice"":""report_1"",""credible_choice"":""report_1"",""share_choice"":""none"",""comment_choice"":""neutral"",""like_choice"":""none"",""reason"":""报道1中提到的恢复时间拖长和'刚好转又反复'的具体经历更符合背景中'门诊候诊时间变长'的描述，而报道2的恢复较快描述相对笼统。""}"
main,influenza_a,independent,main_baseline_neutral,none,positive,negative,267,1,True,,positive,positive,none,neutral,none,报道1提供的医院应对能力和常规治疗恢复路径更具体，而报道2的风险线索更多是零散个案。,,0.0,0,0,0,0,"{""final_choice"":""report_1"",""credible_choice"":""report_1"",""share_choice"":""none"",""comment_choice"":""neutral"",""like_choice"":""none"",""reason"":""报道1提供的医院应对能力和常规治疗恢复路径更具体，而报道2的风险线索更多是零散个案。""}"
main,influenza_a,independent,main_baseline_neutral,none,negative,positive,268,1,True,,negative,negative,none,neutral,none,报道1中提到的'高热反复、恢复时间拖长、家庭和班级交叉感染压力'以及'刚好转又反复'的具体经历比报道2的'短期发热、几天内缓解'更符合背景中'公众持续讨论传播趋势'和'担忧判断偏乐观'的实际情况。,,1.0,1,0,0,1,"{""final_choice"":""report_1"",""credible_choice"":""report_1"",""share_choice"":""none"",""comment_choice"":""neutral"",""like_choice"":""none"",""reason"":""报道1中提到的'高热反复、恢复时间拖长、家庭和班级交叉感染压力'以及'刚好转又反复'的具体经历比报道2的'短期发热、几天内缓解'更符合背景中'公众持续讨论传播趋势'和'担忧判断偏乐观'的实际情况。""}"
main,influenza_a,independent,main_baseline_neutral,none,positive,negative,269,1,True,,positive,positive,none,neutral,none,报道1提供了更具体的恢复时间和应对措施，而报道2的风险描述相对笼统且混杂。,,0.0,0,0,0,0,"{""final_choice"":""report_1"",""credible_choice"":""report_1"",""share_choice"":""none"",""comment_choice"":""neutral"",""like_choice"":""none"",""reason"":""报道1提供了更具体的恢复时间和应对措施，而报道2的风险描述相对笼统且混杂。""}"
main,influenza_a,independent,main_baseline_neutral,none,negative,positive,270,1,True,,negative,negative,none,neutral,none,报道1中提到的'高热反复、恢复时间拖长'和'刚好转又反复'的具体经历比报道2的'短期发热、几天内缓解'更符合背景中'传播趋势和校园感染风险'的讨论焦点。,,1.0,1,0,0,1,"{""final_choice"":""report_1"",""credible_choice"":""report_1"",""share_choice"":""none"",""comment_choice"":""neutral"",""like_choice"":""none"",""reason"":""报道1中提到的'高热反复、恢复时间拖长'和'刚好转又反复'的具体经历比报道2的'短期发热、几天内缓解'更符合背景中'传播趋势和校园感染风险'的讨论焦点。""}"
main,influenza_a,independent,main_baseline_neutral,none,positive,negative,271,1,True,,positive,positive,none,neutral,none,报道1中明确提到大部分病例表现为短期发热和上呼吸道症状，经过常规治疗后几天内缓解，这些具体恢复时间线索比报道2中更模糊的'恢复拖长'更有说服力。,,0.0,0,0,0,0,"{""final_choice"":""report_1"",""credible_choice"":""report_1"",""share_choice"":""none"",""comment_choice"":""neutral"",""like_choice"":""none"",""reason"":""报道1中明确提到大部分病例表现为短期发热和上呼吸道症状，经过常规治疗后几天内缓解，这些具体恢复时间线索比报道2中更模糊的'恢复拖长'更有说服力。""}"
main,influenza_a,independent,main_baseline_neutral,none,negative,positive,272,1,True,,negative,negative,none,neutral,none,报道1中提到的'高热反复、恢复时间拖长'和'刚好转又反复'的具体症状描述比报道2的'短期发热、几天内缓解'更能解释当前流感病例增加的背景。,,1.0,1,0,0,1,"{""final_choice"":""report_1"",""credible_choice"":""report_1"",""share_choice"":""none"",""comment_choice"":""neutral"",""like_choice"":""none"",""reason"":""报道1中提到的'高热反复、恢复时间拖长'和'刚好转又反复'的具体症状描述比报道2的'短期发热、几天内缓解'更能解释当前流感病例增加的背景。""}"
main,influenza_a,independent,main_baseline_neutral,none,positive,negative,273,1,True,,positive,positive,none,neutral,none,报道1提供了更多具体可操作的应对措施和恢复路径，而报道2的风险线索较为零散。,,0.0,0,0,0,0,"{""final_choice"":""report_1"",""credible_choice"":""report_1"",""share_choice"":""none"",""comment_choice"":""neutral"",""like_choice"":""none"",""reason"":""报道1提供了更多具体可操作的应对措施和恢复路径，而报道2的风险线索较为零散。""}"
main,influenza_a,independent,main_baseline_neutral,none,negative,positive,274,1,True,,negative,negative,none,neutral,none,报道1中提到的'高热反复'、'恢复时间拖长'和'刚好转又反复'等具体风险线索更具体，而报道2虽提到大部分病例能缓解，但对恢复慢、反复等风险的具体描述较少。,,1.0,1,0,0,1,"{""final_choice"":""report_1"",""credible_choice"":""report_1"",""share_choice"":""none"",""comment_choice"":""neutral"",""like_choice"":""none"",""reason"":""报道1中提到的'高热反复'、'恢复时间拖长'和'刚好转又反复'等具体风险线索更具体，而报道2虽提到大部分病例能缓解，但对恢复慢、反复等风险的具体描述较少。""}"
main,influenza_a,independent,main_baseline_neutral,none,positive,negative,275,1,True,,neutral,neutral,none,neutral,none,两篇报道都提供了具体线索，报道1强调常规治疗和可控性，报道2提到恢复慢和反复案例，但都承认地区差异，无法判断哪一边更准确。,,0.5,0,0,0,0,"{""final_choice"":""neutral"",""credible_choice"":""neutral"",""share_choice"":""none"",""comment_choice"":""neutral"",""like_choice"":""none"",""reason"":""两篇报道都提供了具体线索，报道1强调常规治疗和可控性，报道2提到恢复慢和反复案例，但都承认地区差异，无法判断哪一边更准确。""}"
main,influenza_a,independent,main_baseline_neutral,none,negative,positive,276,1,True,,negative,negative,none,neutral,none,报道1中提到的'高热反复、恢复时间拖长'和'刚好转又反复'的具体经历更符合当前流感病例增加的背景描述。,,1.0,1,0,0,1,"{""final_choice"":""report_1"",""credible_choice"":""report_1"",""share_choice"":""none"",""comment_choice"":""neutral"",""like_choice"":""none"",""reason"":""报道1中提到的'高热反复、恢复时间拖长'和'刚好转又反复'的具体经历更符合当前流感病例增加的背景描述。""}"
main,influenza_a,independent,main_baseline_neutral,none,positive,negative,277,1,True,,positive,positive,none,neutral,none,报道1中提到的门诊应对能力和常规治疗效果更具体，能解释背景中的波动情况。,,0.0,0,0,0,0,"{""final_choice"":""report_1"",""credible_choice"":""report_1"",""share_choice"":""none"",""comment_choice"":""neutral"",""like_choice"":""none"",""reason"":""报道1中提到的门诊应对能力和常规治疗效果更具体，能解释背景中的波动情况。""}"
main,influenza_a,independent,main_baseline_neutral,none,negative,positive,278,1,True,,negative,negative,none,neutral,none,报道1中提到的'高热反复、恢复时间拖长'和'刚好转又反复'的具体症状描述，比报道2中更笼统的'短期发热、几天内缓解'更能解释背景中公众对传播趋势的担忧。,,1.0,1,0,0,1,"{""final_choice"":""report_1"",""credible_choice"":""report_1"",""share_choice"":""none"",""comment_choice"":""neutral"",""like_choice"":""none"",""reason"":""报道1中提到的'高热反复、恢复时间拖长'和'刚好转又反复'的具体症状描述，比报道2中更笼统的'短期发热、几天内缓解'更能解释背景中公众对传播趋势的担忧。""}"
main,influenza_a,independent,main_baseline_neutral,none,positive,negative,279,1,True,,positive,positive,none,neutral,none,报道1提供了更具体的恢复路径和应对措施，而报道2的风险线索多为零散个案。,,0.0,0,0,0,0,"{""final_choice"":""report_1"",""credible_choice"":""report_1"",""share_choice"":""none"",""comment_choice"":""neutral"",""like_choice"":""none"",""reason"":""报道1提供了更具体的恢复路径和应对措施，而报道2的风险线索多为零散个案。""}"
main,influenza_a,independent,main_baseline_neutral,none,negative,positive,280,1,True,,negative,negative,none,neutral,none,报道1中提到的'高热反复、恢复时间拖长'和'刚好转又反复'的具体症状描述比报道2的'短期发热、几天内缓解'更符合背景中提到的'传播趋势和校园感染风险'讨论。,,1.0,1,0,0,1,"{""final_choice"":""report_1"",""credible_choice"":""report_1"",""share_choice"":""none"",""comment_choice"":""neutral"",""like_choice"":""none"",""reason"":""报道1中提到的'高热反复、恢复时间拖长'和'刚好转又反复'的具体症状描述比报道2的'短期发热、几天内缓解'更符合背景中提到的'传播趋势和校园感染风险'讨论。""}"
main,influenza_a,independent,main_baseline_neutral,none,positive,negative,281,1,True,,positive,positive,none,neutral,none,报道1明确提到大部分病例能在几天内缓解，且学校和社区通过常规措施能有效控制传播，这些具体恢复和应对线索比报道2的零散个案更有说服力。,,0.0,0,0,0,0,"{""final_choice"":""report_1"",""credible_choice"":""report_1"",""share_choice"":""none"",""comment_choice"":""neutral"",""like_choice"":""none"",""reason"":""报道1明确提到大部分病例能在几天内缓解，且学校和社区通过常规措施能有效控制传播，这些具体恢复和应对线索比报道2的零散个案更有说服力。""}"
main,influenza_a,independent,main_baseline_neutral,none,negative,positive,282,1,True,,negative,negative,none,neutral,none,报道1中提到的'高热反复、恢复时间拖长'和'家庭班级交叉感染压力更明显'的具体现象更符合背景信息中公众对传播趋势的担忧。,,1.0,1,0,0,1,"{""final_choice"":""report_1"",""credible_choice"":""report_1"",""share_choice"":""none"",""comment_choice"":""neutral"",""like_choice"":""none"",""reason"":""报道1中提到的'高热反复、恢复时间拖长'和'家庭班级交叉感染压力更明显'的具体现象更符合背景信息中公众对传播趋势的担忧。""}"
main,influenza_a,independent,main_baseline_neutral,none,positive,negative,283,1,True,,positive,positive,none,neutral,none,报道1提供了更多一线医生、家长和老师的具体经验，以及学校和社区的实际应对措施，这些具体线索比报道2中的网络传闻更有参考价值。,,0.0,0,0,0,0,"{""final_choice"":""report_1"",""credible_choice"":""report_1"",""share_choice"":""none"",""comment_choice"":""neutral"",""like_choice"":""none"",""reason"":""报道1提供了更多一线医生、家长和老师的具体经验，以及学校和社区的实际应对措施，这些具体线索比报道2中的网络传闻更有参考价值。""}"
main,influenza_a,independent,main_baseline_neutral,none,negative,positive,284,1,True,,negative,negative,none,neutral,none,报道1中高热反复、恢复时间拖长和家庭交叉感染的具体描述比报道2中的短期缓解更具体。,,1.0,1,0,0,1,"{""final_choice"":""report_1"",""credible_choice"":""report_1"",""share_choice"":""none"",""comment_choice"":""neutral"",""like_choice"":""none"",""reason"":""报道1中高热反复、恢复时间拖长和家庭交叉感染的具体描述比报道2中的短期缓解更具体。""}"
main,influenza_a,independent,main_baseline_neutral,none,positive,negative,285,1,True,,positive,positive,none,neutral,none,报道1中的门诊医生、家长和学校老师的具体经验更符合背景中提到的季节性波动，且提到了明确的应对措施和恢复时间。,,0.0,0,0,0,0,"{""final_choice"":""report_1"",""credible_choice"":""report_1"",""share_choice"":""none"",""comment_choice"":""neutral"",""like_choice"":""none"",""reason"":""报道1中的门诊医生、家长和学校老师的具体经验更符合背景中提到的季节性波动，且提到了明确的应对措施和恢复时间。""}"
main,influenza_a,independent,main_baseline_neutral,none,negative,positive,286,1,True,,negative,negative,none,neutral,none,报道1中提到的'高热反复、恢复时间拖长'和'刚好转又反复'的具体描述比报道2的'短期发热、几天内明显缓解'更符合背景中提到的'恢复慢、复查观察和症状拖延'线索。,,1.0,1,0,0,1,"{""final_choice"":""report_1"",""credible_choice"":""report_1"",""share_choice"":""none"",""comment_choice"":""neutral"",""like_choice"":""none"",""reason"":""报道1中提到的'高热反复、恢复时间拖长'和'刚好转又反复'的具体描述比报道2的'短期发热、几天内明显缓解'更符合背景中提到的'恢复慢、复查观察和症状拖延'线索。""}"
main,influenza_a,independent,main_baseline_neutral,none,positive,negative,287,1,True,,positive,positive,none,neutral,none,报道1提到了医院应对能力和常规治疗的有效性，而报道2中的风险线索较为零散且缺乏具体应对措施描述。,,0.0,0,0,0,0,"{""final_choice"":""report_1"",""credible_choice"":""report_1"",""share_choice"":""none"",""comment_choice"":""neutral"",""like_choice"":""none"",""reason"":""报道1提到了医院应对能力和常规治疗的有效性，而报道2中的风险线索较为零散且缺乏具体应对措施描述。""}"
main,influenza_a,independent,main_baseline_neutral,none,negative,positive,288,1,True,,negative,negative,none,neutral,none,报道1中提到的'高热反复、恢复时间拖长'和'家庭和班级内部交叉感染压力'等具体风险线索比报道2的常规应对描述更贴近背景中公众的担忧和讨论热度。,,1.0,1,0,0,1,"{""final_choice"":""report_1"",""credible_choice"":""report_1"",""share_choice"":""none"",""comment_choice"":""neutral"",""like_choice"":""none"",""reason"":""报道1中提到的'高热反复、恢复时间拖长'和'家庭和班级内部交叉感染压力'等具体风险线索比报道2的常规应对描述更贴近背景中公众的担忧和讨论热度。""}"
main,influenza_a,independent,main_baseline_neutral,none,positive,negative,289,1,True,,positive,positive,none,neutral,none,报道1中的具体恢复路径和学校应对措施比报道2中的零散个案更具体且一致。,,0.0,0,0,0,0,"{""final_choice"":""report_1"",""credible_choice"":""report_1"",""share_choice"":""none"",""comment_choice"":""neutral"",""like_choice"":""none"",""reason"":""报道1中的具体恢复路径和学校应对措施比报道2中的零散个案更具体且一致。""}"
main,influenza_a,independent,main_baseline_neutral,none,negative,positive,290,1,True,,negative,negative,none,neutral,none,报道1中提到的'高热反复、恢复时间拖长'和'刚好转又反复'的具体个人经历，比报道2的常规描述更直接反映了潜在风险。,,1.0,1,0,0,1,"{""final_choice"":""report_1"",""credible_choice"":""report_1"",""share_choice"":""none"",""comment_choice"":""neutral"",""like_choice"":""none"",""reason"":""报道1中提到的'高热反复、恢复时间拖长'和'刚好转又反复'的具体个人经历，比报道2的常规描述更直接反映了潜在风险。""}"
main,influenza_a,independent,main_baseline_neutral,none,positive,negative,291,1,True,,positive,positive,none,neutral,none,报道1提到的短期发热、常规治疗几天内缓解和学校防控措施压住传播链，比报道2中高热反复和恢复拖长的模糊描述更具体可信。,,0.0,0,0,0,0,"{""final_choice"":""report_1"",""credible_choice"":""report_1"",""share_choice"":""none"",""comment_choice"":""neutral"",""like_choice"":""none"",""reason"":""报道1提到的短期发热、常规治疗几天内缓解和学校防控措施压住传播链，比报道2中高热反复和恢复拖长的模糊描述更具体可信。""}"
main,influenza_a,independent,main_baseline_neutral,none,negative,positive,292,1,True,,negative,negative,none,neutral,none,报道1中提到的'高热反复'、'恢复时间拖长'和'家庭班级交叉感染压力'等具体线索，比报道2中的'短期发热'和'几天内缓解'更能解释背景信息中'门诊量波动'和'网络经验贴增多'的现象。,,1.0,1,0,0,1,"{""final_choice"":""report_1"",""credible_choice"":""report_1"",""share_choice"":""none"",""comment_choice"":""neutral"",""like_choice"":""none"",""reason"":""报道1中提到的'高热反复'、'恢复时间拖长'和'家庭班级交叉感染压力'等具体线索，比报道2中的'短期发热'和'几天内缓解'更能解释背景信息中'门诊量波动'和'网络经验贴增多'的现象。""}"
main,influenza_a,independent,main_baseline_neutral,none,positive,negative,293,1,True,,positive,positive,none,neutral,none,报道1提供了更具体的恢复路径和应对措施，而报道2的风险线索多为零散个案和转述信息。,,0.0,0,0,0,0,"{""final_choice"":""report_1"",""credible_choice"":""report_1"",""share_choice"":""none"",""comment_choice"":""neutral"",""like_choice"":""none"",""reason"":""报道1提供了更具体的恢复路径和应对措施，而报道2的风险线索多为零散个案和转述信息。""}"
main,influenza_a,independent,main_baseline_neutral,none,negative,positive,294,1,True,,negative,negative,none,neutral,none,报道1中提到的'高热反复、恢复时间拖长'和'刚好转又反复'的具体经历比报道2中的'短期发热、几天内缓解'描述更具体，与背景中的'门诊量波动'和'症状拖延'线索更一致。,,1.0,1,0,0,1,"{""final_choice"":""report_1"",""credible_choice"":""report_1"",""share_choice"":""none"",""comment_choice"":""neutral"",""like_choice"":""none"",""reason"":""报道1中提到的'高热反复、恢复时间拖长'和'刚好转又反复'的具体经历比报道2中的'短期发热、几天内缓解'描述更具体，与背景中的'门诊量波动'和'症状拖延'线索更一致。""}"
main,influenza_a,independent,main_baseline_neutral,none,positive,negative,295,1,True,,positive,positive,none,neutral,none,报道1提供了更多一线医生和学校的具体应对措施，以及恢复路径的明确描述，这些正式来源的线索比报道2中的网络零散个案更具体。,,0.0,0,0,0,0,"{""final_choice"":""report_1"",""credible_choice"":""report_1"",""share_choice"":""none"",""comment_choice"":""neutral"",""like_choice"":""none"",""reason"":""报道1提供了更多一线医生和学校的具体应对措施，以及恢复路径的明确描述，这些正式来源的线索比报道2中的网络零散个案更具体。""}"
main,influenza_a,independent,main_baseline_neutral,none,negative,positive,296,1,True,,negative,negative,none,neutral,none,报道1中提到的高热反复、恢复时间拖长和'刚好转又反复'的具体经历比报道2的一般描述更令人担忧。,,1.0,1,0,0,1,"{""final_choice"":""report_1"",""credible_choice"":""report_1"",""share_choice"":""none"",""comment_choice"":""neutral"",""like_choice"":""none"",""reason"":""报道1中提到的高热反复、恢复时间拖长和'刚好转又反复'的具体经历比报道2的一般描述更令人担忧。""}"
main,influenza_a,independent,main_baseline_neutral,none,positive,negative,297,1,True,,positive,positive,none,neutral,none,报道1提供了更多一线医生和学校的具体应对经验，表明症状大多可控且传播链能被有效压制。,,0.0,0,0,0,0,"{""final_choice"":""report_1"",""credible_choice"":""report_1"",""share_choice"":""none"",""comment_choice"":""neutral"",""like_choice"":""none"",""reason"":""报道1提供了更多一线医生和学校的具体应对经验，表明症状大多可控且传播链能被有效压制。""}"
main,influenza_a,independent,main_baseline_neutral,none,negative,positive,298,1,True,,negative,negative,none,neutral,none,报道1提供了更多关于恢复慢、反复感染和门诊压力的具体经历，这些细节更贴近背景中提到的'公众讨论升温'和'争议升温'。,,1.0,1,0,0,1,"{""final_choice"":""report_1"",""credible_choice"":""report_1"",""share_choice"":""none"",""comment_choice"":""neutral"",""like_choice"":""none"",""reason"":""报道1提供了更多关于恢复慢、反复感染和门诊压力的具体经历，这些细节更贴近背景中提到的'公众讨论升温'和'争议升温'。""}"
main,influenza_a,independent,main_baseline_neutral,none,positive,negative,299,1,True,,positive,positive,none,neutral,none,报道1中的恢复时间和应对措施描述更为具体，提供了清晰的可控性线索。,,0.0,0,0,0,0,"{""final_choice"":""report_1"",""credible_choice"":""report_1"",""share_choice"":""none"",""comment_choice"":""neutral"",""like_choice"":""none"",""reason"":""报道1中的恢复时间和应对措施描述更为具体，提供了清晰的可控性线索。""}"
main,influenza_a,independent,main_baseline_neutral,none,negative,positive,300,1,True,,negative,negative,none,neutral,none,报道1中提到的具体症状反复、恢复时间拖长和门诊压力增加等具体案例，比报道2的常规应对描述更直接呼应背景信息中关于传播严峻的讨论。,,1.0,1,0,0,1,"{""final_choice"":""report_1"",""credible_choice"":""report_1"",""share_choice"":""none"",""comment_choice"":""neutral"",""like_choice"":""none"",""reason"":""报道1中提到的具体症状反复、恢复时间拖长和门诊压力增加等具体案例，比报道2的常规应对描述更直接呼应背景信息中关于传播严峻的讨论。""}"
main,influenza_a,low_feedback,main_baseline_neutral,none,positive,negative,1,1,True,,positive,positive,positive,support_positive,positive,报道1中关于大部分病例短期缓解和可应对上升的描述，与评论中提到的平稳恢复和常规处理更为一致。,,0.0,0,0,0,0,"{""final_choice"":""report_1"",""credible_choice"":""report_1"",""share_choice"":""report_1"",""comment_choice"":""support_report_1"",""like_choice"":""report_1"",""reason"":""报道1中关于大部分病例短期缓解和可应对上升的描述，与评论中提到的平稳恢复和常规处理更为一致。""}"
main,influenza_a,low_feedback,main_baseline_neutral,none,negative,positive,2,1,True,,negative,negative,negative,support_negative,negative,报道1中提到的高热反复、恢复时间拖长和交叉感染压力更具体，与评论2中个别恢复慢的情况相互印证。,,1.0,1,1,1,4,"{""final_choice"":""report_1"",""credible_choice"":""report_1"",""share_choice"":""report_1"",""comment_choice"":""support_report_1"",""like_choice"":""report_1"",""reason"":""报道1中提到的高热反复、恢复时间拖长和交叉感染压力更具体，与评论2中个别恢复慢的情况相互印证。""}"
main,influenza_a,low_feedback,main_baseline_neutral,none,positive,negative,3,1,True,,positive,positive,positive,support_positive,positive,报道1和评论中更具体的恢复路径、学校应对措施和常规治疗成效形成了更连贯的线索。,,0.0,0,0,0,0,"{""final_choice"":""report_1"",""credible_choice"":""report_1"",""share_choice"":""report_1"",""comment_choice"":""support_report_1"",""like_choice"":""report_1"",""reason"":""报道1和评论中更具体的恢复路径、学校应对措施和常规治疗成效形成了更连贯的线索。""}"
main,influenza_a,low_feedback,main_baseline_neutral,none,negative,positive,4,1,True,,negative,negative,negative,support_negative,negative,报道1中的恢复慢、反复高热和交叉感染压力等风险线索更具体连贯，而评论2和评论3也印证了这些担忧。,,1.0,1,1,1,4,"{""final_choice"":""report_1"",""credible_choice"":""report_1"",""share_choice"":""report_1"",""comment_choice"":""support_report_1"",""like_choice"":""report_1"",""reason"":""报道1中的恢复慢、反复高热和交叉感染压力等风险线索更具体连贯，而评论2和评论3也印证了这些担忧。""}"
main,influenza_a,low_feedback,main_baseline_neutral,none,positive,negative,5,1,True,,positive,positive,positive,support_positive,positive,报道1中的具体医疗应对和学校防控措施更具体，与评论中提到的平稳恢复情况相互印证。,,0.0,0,0,0,0,"{""final_choice"":""report_1"",""credible_choice"":""report_1"",""share_choice"":""report_1"",""comment_choice"":""support_report_1"",""like_choice"":""report_1"",""reason"":""报道1中的具体医疗应对和学校防控措施更具体，与评论中提到的平稳恢复情况相互印证。""}"
main,influenza_a,low_feedback,main_baseline_neutral,none,negative,positive,6,1,True,,negative,negative,negative,support_negative,negative,报道1中关于'高热反复、恢复时间拖长'的具体描述与评论4中'个别恢复慢或反复不舒服的情况值得留意'的观察相互印证，形成更具体的风险线索。,,1.0,1,1,1,4,"{""final_choice"":""report_1"",""credible_choice"":""report_1"",""share_choice"":""report_1"",""comment_choice"":""support_report_1"",""like_choice"":""report_1"",""reason"":""报道1中关于'高热反复、恢复时间拖长'的具体描述与评论4中'个别恢复慢或反复不舒服的情况值得留意'的观察相互印证，形成更具体的风险线索。""}"
main,influenza_a,low_feedback,main_baseline_neutral,none,positive,negative,7,1,True,,positive,positive,positive,support_positive,positive,报道1中更具体的医院应对措施和恢复路径，加上评论中提到的平稳恢复案例，让我更倾向于当前情况是可应对的季节性波动。,,0.0,0,0,0,0,"{""final_choice"":""report_1"",""credible_choice"":""report_1"",""share_choice"":""report_1"",""comment_choice"":""support_report_1"",""like_choice"":""report_1"",""reason"":""报道1中更具体的医院应对措施和恢复路径，加上评论中提到的平稳恢复案例，让我更倾向于当前情况是可应对的季节性波动。""}"
main,influenza_a,low_feedback,main_baseline_neutral,none,negative,positive,8,1,True,,negative,negative,negative,support_negative,negative,报道1中关于高热反复、恢复时间拖长和交叉感染压力的具体线索更连贯，评论3和4也提到恢复慢和症状反复的情况，这些具体观察让我更倾向于相信当前传播情况可能比公开数据显示的更严峻。,,1.0,1,1,1,4,"{""final_choice"":""report_1"",""credible_choice"":""report_1"",""share_choice"":""report_1"",""comment_choice"":""support_report_1"",""like_choice"":""report_1"",""reason"":""报道1中关于高热反复、恢复时间拖长和交叉感染压力的具体线索更连贯，评论3和4也提到恢复慢和症状反复的情况，这些具体观察让我更倾向于相信当前传播情况可能比公开数据显示的更严峻。""}"
main,influenza_a,low_feedback,main_baseline_neutral,none,positive,negative,9,1,True,,positive,positive,positive,support_positive,positive,报道1中的具体治疗和恢复路径更明确，且评论中提到的平稳恢复情况与报道内容相互印证。,,0.0,0,0,0,0,"{""final_choice"":""report_1"",""credible_choice"":""report_1"",""share_choice"":""report_1"",""comment_choice"":""support_report_1"",""like_choice"":""report_1"",""reason"":""报道1中的具体治疗和恢复路径更明确，且评论中提到的平稳恢复情况与报道内容相互印证。""}"
main,influenza_a,low_feedback,main_baseline_neutral,none,negative,positive,10,1,True,,negative,negative,negative,support_negative,negative,报道1中更具体的恢复慢、反复症状和交叉感染线索，加上评论4提到的'个别恢复慢或反复不舒服'，让我更倾向于认为当前情况可能比表面数据显示的更复杂。,,1.0,1,1,1,4,"{""final_choice"":""report_1"",""credible_choice"":""report_1"",""share_choice"":""report_1"",""comment_choice"":""support_report_1"",""like_choice"":""report_1"",""reason"":""报道1中更具体的恢复慢、反复症状和交叉感染线索，加上评论4提到的'个别恢复慢或反复不舒服'，让我更倾向于认为当前情况可能比表面数据显示的更复杂。""}"
main,influenza_a,low_feedback,main_baseline_neutral,none,positive,negative,11,1,True,,positive,positive,positive,support_positive,positive,报道1中关于恢复较快、症状可控的具体描述与评论1和评论3中的实际经历更一致。,,0.0,0,0,0,0,"{""final_choice"":""report_1"",""credible_choice"":""report_1"",""share_choice"":""report_1"",""comment_choice"":""support_report_1"",""like_choice"":""report_1"",""reason"":""报道1中关于恢复较快、症状可控的具体描述与评论1和评论3中的实际经历更一致。""}"
main,influenza_a,low_feedback,main_baseline_neutral,none,negative,positive,12,1,True,,positive,positive,positive,support_positive,positive,报道2和评论中关于医院应对能力和常规恢复路径的具体描述更符合当前可见线索。,,0.0,0,0,0,0,"{""final_choice"":""report_2"",""credible_choice"":""report_2"",""share_choice"":""report_2"",""comment_choice"":""support_report_2"",""like_choice"":""report_2"",""reason"":""报道2和评论中关于医院应对能力和常规恢复路径的具体描述更符合当前可见线索。""}"
main,influenza_a,low_feedback,main_baseline_neutral,none,positive,negative,13,1,True,,positive,positive,positive,support_positive,positive,报道1和评论中提供了更具体、连贯的恢复路径和学校应对措施，而报道2的风险线索较为零散。,,0.0,0,0,0,0,"{""final_choice"":""report_1"",""credible_choice"":""report_1"",""share_choice"":""report_1"",""comment_choice"":""support_report_1"",""like_choice"":""report_1"",""reason"":""报道1和评论中提供了更具体、连贯的恢复路径和学校应对措施，而报道2的风险线索较为零散。""}"
main,influenza_a,low_feedback,main_baseline_neutral,none,negative,positive,14,1,True,,negative,negative,negative,support_negative,negative,报道1中提到的高热反复、恢复时间拖长和交叉感染压力更具体，与评论3中个别恢复慢或反复不舒服的情况相互印证。,,1.0,1,1,1,4,"{""final_choice"":""report_1"",""credible_choice"":""report_1"",""share_choice"":""report_1"",""comment_choice"":""support_report_1"",""like_choice"":""report_1"",""reason"":""报道1中提到的高热反复、恢复时间拖长和交叉感染压力更具体，与评论3中个别恢复慢或反复不舒服的情况相互印证。""}"
main,influenza_a,low_feedback,main_baseline_neutral,none,positive,negative,15,1,True,,positive,positive,positive,support_positive,positive,报道1和评论中提到的常规治疗、学校应对措施和多数恢复情况形成了一致性线索，让我更倾向于认为当前是季节性波动中的可控上升。,,0.0,0,0,0,0,"{""final_choice"":""report_1"",""credible_choice"":""report_1"",""share_choice"":""report_1"",""comment_choice"":""support_report_1"",""like_choice"":""report_1"",""reason"":""报道1和评论中提到的常规治疗、学校应对措施和多数恢复情况形成了一致性线索，让我更倾向于认为当前是季节性波动中的可控上升。""}"
main,influenza_a,low_feedback,main_baseline_neutral,none,negative,positive,16,1,True,,negative,negative,negative,support_negative,negative,报道1中提到的'高热反复、恢复时间拖长'和'刚好转又反复'的具体经历，与评论1和2中关于恢复节奏不一的观察相互印证，让我更倾向于相信当前情况可能比报道2描述的更复杂。,,1.0,1,1,1,4,"{""final_choice"":""report_1"",""credible_choice"":""report_1"",""share_choice"":""report_1"",""comment_choice"":""support_report_1"",""like_choice"":""report_1"",""reason"":""报道1中提到的'高热反复、恢复时间拖长'和'刚好转又反复'的具体经历，与评论1和2中关于恢复节奏不一的观察相互印证，让我更倾向于相信当前情况可能比报道2描述的更复杂。""}"
main,influenza_a,low_feedback,main_baseline_neutral,none,positive,negative,17,1,True,,positive,positive,positive,support_positive,positive,报道1提到的医院应对能力和学校防控措施更具体，与评论中的常规处理和恢复平稳经验相互印证。,,0.0,0,0,0,0,"{""final_choice"":""report_1"",""credible_choice"":""report_1"",""share_choice"":""report_1"",""comment_choice"":""support_report_1"",""like_choice"":""report_1"",""reason"":""报道1提到的医院应对能力和学校防控措施更具体，与评论中的常规处理和恢复平稳经验相互印证。""}"
main,influenza_a,low_feedback,main_baseline_neutral,none,negative,positive,18,1,True,,negative,negative,negative,support_negative,negative,报道1中更具体、更连贯的恢复慢、反复感染线索让我此刻更愿意相信这一边，特别是与评论1和2中提到的'恢复节奏不一样'和'需要多观察'相互印证。,,1.0,1,1,1,4,"{""final_choice"":""report_1"",""credible_choice"":""report_1"",""share_choice"":""report_1"",""comment_choice"":""support_report_1"",""like_choice"":""report_1"",""reason"":""报道1中更具体、更连贯的恢复慢、反复感染线索让我此刻更愿意相信这一边，特别是与评论1和2中提到的'恢复节奏不一样'和'需要多观察'相互印证。""}"
main,influenza_a,low_feedback,main_baseline_neutral,none,positive,negative,19,1,True,,positive,positive,positive,support_positive,positive,报道1中的具体治疗路径和学校应对措施比报道2中的风险提醒更具体连贯，评论也提到了多数恢复平稳的情况。,,0.0,0,0,0,0,"{""final_choice"":""report_1"",""credible_choice"":""report_1"",""share_choice"":""report_1"",""comment_choice"":""support_report_1"",""like_choice"":""report_1"",""reason"":""报道1中的具体治疗路径和学校应对措施比报道2中的风险提醒更具体连贯，评论也提到了多数恢复平稳的情况。""}"
main,influenza_a,low_feedback,main_baseline_neutral,none,negative,positive,20,1,True,,positive,positive,positive,support_positive,positive,报道2中的门诊医生、家长和学校老师的具体经验与评论里提到的恢复情况更一致，且提到了明确的应对措施和缓解路径。,,0.0,0,0,0,0,"{""final_choice"":""report_2"",""credible_choice"":""report_2"",""share_choice"":""report_2"",""comment_choice"":""support_report_2"",""like_choice"":""report_2"",""reason"":""报道2中的门诊医生、家长和学校老师的具体经验与评论里提到的恢复情况更一致，且提到了明确的应对措施和缓解路径。""}"
main,influenza_a,low_feedback,main_baseline_neutral,none,positive,negative,21,1,True,,positive,positive,positive,support_positive,positive,报道1中关于大部分病例能在几天内缓解的具体描述与评论3、4的恢复情况更为一致。,,0.0,0,0,0,0,"{""final_choice"":""report_1"",""credible_choice"":""report_1"",""share_choice"":""report_1"",""comment_choice"":""support_report_1"",""like_choice"":""report_1"",""reason"":""报道1中关于大部分病例能在几天内缓解的具体描述与评论3、4的恢复情况更为一致。""}"
main,influenza_a,low_feedback,main_baseline_neutral,none,negative,positive,22,1,True,,negative,negative,negative,support_negative,negative,报道1中反复出现的'恢复时间拖长'、'交叉感染压力'和'刚好转又反复'的具体线索，比报道2中的'几天内明显缓解'更能解释当前社交平台上家长的担忧情绪。,,1.0,1,1,1,4,"{""final_choice"":""report_1"",""credible_choice"":""report_1"",""share_choice"":""report_1"",""comment_choice"":""support_report_1"",""like_choice"":""report_1"",""reason"":""报道1中反复出现的'恢复时间拖长'、'交叉感染压力'和'刚好转又反复'的具体线索，比报道2中的'几天内明显缓解'更能解释当前社交平台上家长的担忧情绪。""}"
main,influenza_a,low_feedback,main_baseline_neutral,none,positive,negative,23,1,True,,positive,positive,positive,support_positive,positive,报道1提供了更具体、更连贯的恢复路径和学校应对措施，评论也提到多数孩子按常规处理后恢复平稳。,,0.0,0,0,0,0,"{""final_choice"":""report_1"",""credible_choice"":""report_1"",""share_choice"":""report_1"",""comment_choice"":""support_report_1"",""like_choice"":""report_1"",""reason"":""报道1提供了更具体、更连贯的恢复路径和学校应对措施，评论也提到多数孩子按常规处理后恢复平稳。""}"
main,influenza_a,low_feedback,main_baseline_neutral,none,negative,positive,24,1,True,,negative,negative,negative,support_negative,negative,报道1中关于高热反复、恢复时间拖长和交叉感染压力的具体描述，与评论中提到的'恢复慢或反复不舒服'和'退热后体力和咳嗽缓解节奏不一样'的观察更为一致和具体。,,1.0,1,1,1,4,"{""final_choice"":""report_1"",""credible_choice"":""report_1"",""share_choice"":""report_1"",""comment_choice"":""support_report_1"",""like_choice"":""report_1"",""reason"":""报道1中关于高热反复、恢复时间拖长和交叉感染压力的具体描述，与评论中提到的'恢复慢或反复不舒服'和'退热后体力和咳嗽缓解节奏不一样'的观察更为一致和具体。""}"
main,influenza_a,low_feedback,main_baseline_neutral,none,positive,negative,25,1,True,,positive,positive,positive,support_positive,positive,报道1中的医生、家长和学校老师的具体经验与评论1、3、4的观察互相印证，提供了更连贯的恢复路径和应对措施线索。,,0.0,0,0,0,0,"{""final_choice"":""report_1"",""credible_choice"":""report_1"",""share_choice"":""report_1"",""comment_choice"":""support_report_1"",""like_choice"":""report_1"",""reason"":""报道1中的医生、家长和学校老师的具体经验与评论1、3、4的观察互相印证，提供了更连贯的恢复路径和应对措施线索。""}"
main,influenza_a,low_feedback,main_baseline_neutral,none,negative,positive,26,1,True,,negative,negative,negative,support_negative,negative,报道1中提到的恢复拖长和反复症状的线索更具体、更连续，让我更倾向于相信传播情况可能比公开数据更严峻。,,1.0,1,1,1,4,"{""final_choice"":""report_1"",""credible_choice"":""report_1"",""share_choice"":""report_1"",""comment_choice"":""support_report_1"",""like_choice"":""report_1"",""reason"":""报道1中提到的恢复拖长和反复症状的线索更具体、更连续，让我更倾向于相信传播情况可能比公开数据更严峻。""}"
main,influenza_a,low_feedback,main_baseline_neutral,none,positive,negative,27,1,True,,positive,positive,positive,support_positive,positive,报道1和评论中关于常规治疗、学校应对措施和多数患者快速恢复的具体线索，让我更倾向于当前情况是可应对的季节性波动。,,0.0,0,0,0,0,"{""final_choice"":""report_1"",""credible_choice"":""report_1"",""share_choice"":""report_1"",""comment_choice"":""support_report_1"",""like_choice"":""report_1"",""reason"":""报道1和评论中关于常规治疗、学校应对措施和多数患者快速恢复的具体线索，让我更倾向于当前情况是可应对的季节性波动。""}"
main,influenza_a,low_feedback,main_baseline_neutral,none,negative,positive,28,1,True,,negative,negative,negative,support_negative,negative,报道1中提到的'高热反复、恢复时间拖长、交叉感染压力'等具体线索与评论3中'个别恢复慢或反复不舒服'的观察相互印证，让我更倾向于相信当前情况可能比表面数据显示的更严峻。,,1.0,1,1,1,4,"{""final_choice"":""report_1"",""credible_choice"":""report_1"",""share_choice"":""report_1"",""comment_choice"":""support_report_1"",""like_choice"":""report_1"",""reason"":""报道1中提到的'高热反复、恢复时间拖长、交叉感染压力'等具体线索与评论3中'个别恢复慢或反复不舒服'的观察相互印证，让我更倾向于相信当前情况可能比表面数据显示的更严峻。""}"
main,influenza_a,low_feedback,main_baseline_neutral,none,positive,negative,29,1,True,,positive,positive,positive,support_positive,positive,报道1中提到的具体应对措施和常规恢复路径更连贯，且评论中提到的多数恢复情况与报道1一致。,,0.0,0,0,0,0,"{""final_choice"":""report_1"",""credible_choice"":""report_1"",""share_choice"":""report_1"",""comment_choice"":""support_report_1"",""like_choice"":""report_1"",""reason"":""报道1中提到的具体应对措施和常规恢复路径更连贯，且评论中提到的多数恢复情况与报道1一致。""}"
main,influenza_a,low_feedback,main_baseline_neutral,none,negative,positive,30,1,True,,positive,positive,positive,support_positive,positive,报道2和评论中提到的具体应对措施和恢复路径比报道1的零散风险描述更具体、更有说服力。,,0.0,0,0,0,0,"{""final_choice"":""report_2"",""credible_choice"":""report_2"",""share_choice"":""report_2"",""comment_choice"":""support_report_2"",""like_choice"":""report_2"",""reason"":""报道2和评论中提到的具体应对措施和恢复路径比报道1的零散风险描述更具体、更有说服力。""}"
main,influenza_a,low_feedback,main_baseline_neutral,none,positive,negative,31,1,True,,positive,positive,positive,support_positive,positive,报道1和评论中提到的恢复较快、症状缓解的描述更具体一致，多数患者按常规处理就能在几天内缓解。,,0.0,0,0,0,0,"{""final_choice"":""report_1"",""credible_choice"":""report_1"",""share_choice"":""report_1"",""comment_choice"":""support_report_1"",""like_choice"":""report_1"",""reason"":""报道1和评论中提到的恢复较快、症状缓解的描述更具体一致，多数患者按常规处理就能在几天内缓解。""}"
main,influenza_a,low_feedback,main_baseline_neutral,none,negative,positive,32,1,True,,negative,negative,negative,support_negative,negative,报道1中提到的'高热反复、恢复时间拖长'和'班级交叉感染压力'更具体，与评论1和3中提到的'恢复慢或反复不舒服'和'退热后体力和咳嗽缓解节奏不一样'相互印证。,,1.0,1,1,1,4,"{""final_choice"":""report_1"",""credible_choice"":""report_1"",""share_choice"":""report_1"",""comment_choice"":""support_report_1"",""like_choice"":""report_1"",""reason"":""报道1中提到的'高热反复、恢复时间拖长'和'班级交叉感染压力'更具体，与评论1和3中提到的'恢复慢或反复不舒服'和'退热后体力和咳嗽缓解节奏不一样'相互印证。""}"
main,influenza_a,low_feedback,main_baseline_neutral,none,positive,negative,33,1,True,,positive,positive,positive,support_positive,positive,报道1中关于症状短期缓解、常规治疗有效和学校防控措施的具体描述，与评论中家长恢复平稳、学校常规处理的信息更一致。,,0.0,0,0,0,0,"{""final_choice"":""report_1"",""credible_choice"":""report_1"",""share_choice"":""report_1"",""comment_choice"":""support_report_1"",""like_choice"":""report_1"",""reason"":""报道1中关于症状短期缓解、常规治疗有效和学校防控措施的具体描述，与评论中家长恢复平稳、学校常规处理的信息更一致。""}"
main,influenza_a,low_feedback,main_baseline_neutral,none,negative,positive,34,1,True,,negative,negative,negative,support_negative,negative,报道1中关于恢复慢、反复高热和交叉感染压力的具体描述，与评论4中个别恢复慢或反复不舒服的观察相互印证，让我更倾向于认为当前情况可能比表面数据更严峻。,,1.0,1,1,1,4,"{""final_choice"":""report_1"",""credible_choice"":""report_1"",""share_choice"":""report_1"",""comment_choice"":""support_report_1"",""like_choice"":""report_1"",""reason"":""报道1中关于恢复慢、反复高热和交叉感染压力的具体描述，与评论4中个别恢复慢或反复不舒服的观察相互印证，让我更倾向于认为当前情况可能比表面数据更严峻。""}"
main,influenza_a,low_feedback,main_baseline_neutral,none,positive,negative,35,1,True,,positive,positive,positive,support_positive,positive,报道1中的具体应对措施和恢复路径更为连贯，评论1和评论3也提到了按医嘱恢复和学校常规应对，这些线索让我更倾向于相信当前情况是可控的季节性波动。,,0.0,0,0,0,0,"{""final_choice"":""report_1"",""credible_choice"":""report_1"",""share_choice"":""report_1"",""comment_choice"":""support_report_1"",""like_choice"":""report_1"",""reason"":""报道1中的具体应对措施和恢复路径更为连贯，评论1和评论3也提到了按医嘱恢复和学校常规应对，这些线索让我更倾向于相信当前情况是可控的季节性波动。""}"
main,influenza_a,low_feedback,main_baseline_neutral,none,negative,positive,36,1,True,,positive,positive,positive,support_positive,positive,报道2和评论中关于常规治疗和较快恢复的具体描述更符合我看到的线索。,,0.0,0,0,0,0,"{""final_choice"":""report_2"",""credible_choice"":""report_2"",""share_choice"":""report_2"",""comment_choice"":""support_report_2"",""like_choice"":""report_2"",""reason"":""报道2和评论中关于常规治疗和较快恢复的具体描述更符合我看到的线索。""}"
main,influenza_a,low_feedback,main_baseline_neutral,none,positive,negative,37,1,True,,positive,positive,positive,support_positive,positive,报道1中的医院应对能力和恢复路径更具体，而评论中提到的恢复平稳和学校应对措施增强了这一印象。,,0.0,0,0,0,0,"{""final_choice"":""report_1"",""credible_choice"":""report_1"",""share_choice"":""report_1"",""comment_choice"":""support_report_1"",""like_choice"":""report_1"",""reason"":""报道1中的医院应对能力和恢复路径更具体，而评论中提到的恢复平稳和学校应对措施增强了这一印象。""}"
main,influenza_a,low_feedback,main_baseline_neutral,none,negative,positive,38,1,True,,negative,negative,negative,support_negative,negative,报道1中关于高热反复、恢复时间拖长和交叉感染压力的具体描述，与评论1和评论4提到的恢复慢、症状反复等线索相互印证，形成更连贯的风险提示。,,1.0,1,1,1,4,"{""final_choice"":""report_1"",""credible_choice"":""report_1"",""share_choice"":""report_1"",""comment_choice"":""support_report_1"",""like_choice"":""report_1"",""reason"":""报道1中关于高热反复、恢复时间拖长和交叉感染压力的具体描述，与评论1和评论4提到的恢复慢、症状反复等线索相互印证，形成更连贯的风险提示。""}"
main,influenza_a,low_feedback,main_baseline_neutral,none,positive,negative,39,1,True,,positive,positive,positive,support_positive,positive,报道1中关于症状缓解和应对措施的具体描述与评论中的恢复经验更一致，提供了更连贯的应对框架。,,0.0,0,0,0,0,"{""final_choice"":""report_1"",""credible_choice"":""report_1"",""share_choice"":""report_1"",""comment_choice"":""support_report_1"",""like_choice"":""report_1"",""reason"":""报道1中关于症状缓解和应对措施的具体描述与评论中的恢复经验更一致，提供了更连贯的应对框架。""}"
main,influenza_a,low_feedback,main_baseline_neutral,none,negative,positive,40,1,True,,negative,negative,negative,support_negative,negative,报道1中更具体的'高热反复'、'恢复时间拖长'和'交叉感染压力'线索，与评论3中'恢复慢或反复不舒服'的观察相互印证，让我更倾向于相信当前情况可能比表面数据更严峻。,,1.0,1,1,1,4,"{""final_choice"":""report_1"",""credible_choice"":""report_1"",""share_choice"":""report_1"",""comment_choice"":""support_report_1"",""like_choice"":""report_1"",""reason"":""报道1中更具体的'高热反复'、'恢复时间拖长'和'交叉感染压力'线索，与评论3中'恢复慢或反复不舒服'的观察相互印证，让我更倾向于相信当前情况可能比表面数据更严峻。""}"
main,influenza_a,low_feedback,main_baseline_neutral,none,positive,negative,41,1,True,,positive,positive,positive,support_positive,positive,报道1中关于大多数病例短期缓解和学校有效控制传播的描述，与评论中多数家长反馈的平稳恢复更一致。,,0.0,0,0,0,0,"{""final_choice"":""report_1"",""credible_choice"":""report_1"",""share_choice"":""report_1"",""comment_choice"":""support_report_1"",""like_choice"":""report_1"",""reason"":""报道1中关于大多数病例短期缓解和学校有效控制传播的描述，与评论中多数家长反馈的平稳恢复更一致。""}"
main,influenza_a,low_feedback,main_baseline_neutral,none,negative,positive,42,1,True,,negative,negative,negative,support_negative,negative,报道1中关于高热反复、恢复时间拖长以及家庭和班级交叉感染压力的具体线索，与评论4中提到的个别恢复慢或反复不舒服的情况相互印证，让我更倾向于认为当前情况可能比表面数据更严峻。,,1.0,1,1,1,4,"{""final_choice"":""report_1"",""credible_choice"":""report_1"",""share_choice"":""report_1"",""comment_choice"":""support_report_1"",""like_choice"":""report_1"",""reason"":""报道1中关于高热反复、恢复时间拖长以及家庭和班级交叉感染压力的具体线索，与评论4中提到的个别恢复慢或反复不舒服的情况相互印证，让我更倾向于认为当前情况可能比表面数据更严峻。""}"
main,influenza_a,low_feedback,main_baseline_neutral,none,positive,negative,43,1,True,,positive,positive,positive,support_positive,positive,报道1中更具体地描述了大多数病例的短期症状和可应对的恢复过程，评论也印证了常规治疗和学校措施的有效性。,,0.0,0,0,0,0,"{""final_choice"":""report_1"",""credible_choice"":""report_1"",""share_choice"":""report_1"",""comment_choice"":""support_report_1"",""like_choice"":""report_1"",""reason"":""报道1中更具体地描述了大多数病例的短期症状和可应对的恢复过程，评论也印证了常规治疗和学校措施的有效性。""}"
main,influenza_a,low_feedback,main_baseline_neutral,none,negative,positive,44,1,True,,negative,negative,negative,support_negative,negative,报道1中提到的'高热反复、恢复时间拖长'和'刚好转又反复'的具体经历，在评论3中得到了呼应，这些具体风险线索比报道2中的常规描述更让我担忧。,,1.0,1,1,1,4,"{""final_choice"":""report_1"",""credible_choice"":""report_1"",""share_choice"":""report_1"",""comment_choice"":""support_report_1"",""like_choice"":""report_1"",""reason"":""报道1中提到的'高热反复、恢复时间拖长'和'刚好转又反复'的具体经历，在评论3中得到了呼应，这些具体风险线索比报道2中的常规描述更让我担忧。""}"
main,influenza_a,low_feedback,main_baseline_neutral,none,positive,negative,45,1,True,,positive,positive,positive,support_positive,positive,报道1中的具体应对措施和恢复路径更明确，与评论中提到的常规处理方式相互印证，让我更倾向于当前情况是可应对的季节性波动。,,0.0,0,0,0,0,"{""final_choice"":""report_1"",""credible_choice"":""report_1"",""share_choice"":""report_1"",""comment_choice"":""support_report_1"",""like_choice"":""report_1"",""reason"":""报道1中的具体应对措施和恢复路径更明确，与评论中提到的常规处理方式相互印证，让我更倾向于当前情况是可应对的季节性波动。""}"
main,influenza_a,low_feedback,main_baseline_neutral,none,negative,positive,46,1,True,,negative,negative,negative,support_negative,negative,报道1中提到的'高热反复、恢复时间拖长'和'刚好转又反复'的具体描述与评论4中'个别恢复慢或反复不舒服'相互印证，让我更倾向于相信这一边。,,1.0,1,1,1,4,"{""final_choice"":""report_1"",""credible_choice"":""report_1"",""share_choice"":""report_1"",""comment_choice"":""support_report_1"",""like_choice"":""report_1"",""reason"":""报道1中提到的'高热反复、恢复时间拖长'和'刚好转又反复'的具体描述与评论4中'个别恢复慢或反复不舒服'相互印证，让我更倾向于相信这一边。""}"
main,influenza_a,low_feedback,main_baseline_neutral,none,positive,negative,47,1,True,,positive,positive,positive,support_positive,positive,报道1中提到的医院应对能力和恢复节奏更具体，评论1和3也印证了多数按常规处理就能恢复的观点。,,0.0,0,0,0,0,"{""final_choice"":""report_1"",""credible_choice"":""report_1"",""share_choice"":""report_1"",""comment_choice"":""support_report_1"",""like_choice"":""report_1"",""reason"":""报道1中提到的医院应对能力和恢复节奏更具体，评论1和3也印证了多数按常规处理就能恢复的观点。""}"
main,influenza_a,low_feedback,main_baseline_neutral,none,negative,positive,48,1,True,,negative,negative,negative,support_negative,negative,报道1中关于恢复时间拖长、家庭和班级交叉感染压力更具体的线索，与评论中提到个别恢复慢、反复不舒服的情况相互印证。,,1.0,1,1,1,4,"{""final_choice"":""report_1"",""credible_choice"":""report_1"",""share_choice"":""report_1"",""comment_choice"":""support_report_1"",""like_choice"":""report_1"",""reason"":""报道1中关于恢复时间拖长、家庭和班级交叉感染压力更具体的线索，与评论中提到个别恢复慢、反复不舒服的情况相互印证。""}"
main,influenza_a,low_feedback,main_baseline_neutral,none,positive,negative,49,1,True,,positive,positive,positive,support_positive,positive,报道1和评论中提到的恢复路径和学校应对措施更具体、更连贯，而报道2的风险线索较为零散。,,0.0,0,0,0,0,"{""final_choice"":""report_1"",""credible_choice"":""report_1"",""share_choice"":""report_1"",""comment_choice"":""support_report_1"",""like_choice"":""report_1"",""reason"":""报道1和评论中提到的恢复路径和学校应对措施更具体、更连贯，而报道2的风险线索较为零散。""}"
main,influenza_a,low_feedback,main_baseline_neutral,none,negative,positive,50,1,True,,negative,negative,negative,support_negative,negative,报道1中提到的'高热反复、恢复时间拖长'与评论2'个别恢复慢或反复不舒服的情况值得留意'形成具体呼应，这种重复出现的症状反复线索让我更倾向于相信当前传播情况可能比公开数据更严峻。,,1.0,1,1,1,4,"{""final_choice"":""report_1"",""credible_choice"":""report_1"",""share_choice"":""report_1"",""comment_choice"":""support_report_1"",""like_choice"":""report_1"",""reason"":""报道1中提到的'高热反复、恢复时间拖长'与评论2'个别恢复慢或反复不舒服的情况值得留意'形成具体呼应，这种重复出现的症状反复线索让我更倾向于相信当前传播情况可能比公开数据更严峻。""}"
main,influenza_a,low_feedback,main_baseline_neutral,none,positive,negative,51,1,True,,positive,positive,positive,support_positive,positive,报道1和评论中提到的恢复较快、常规处理有效等具体线索更连贯一致。,,0.0,0,0,0,0,"{""final_choice"":""report_1"",""credible_choice"":""report_1"",""share_choice"":""report_1"",""comment_choice"":""support_report_1"",""like_choice"":""report_1"",""reason"":""报道1和评论中提到的恢复较快、常规处理有效等具体线索更连贯一致。""}"
main,influenza_a,low_feedback,main_baseline_neutral,none,negative,positive,52,1,True,,negative,negative,negative,support_negative,negative,报道1中关于高热反复、恢复时间拖长和交叉感染压力的具体描述，与评论3和评论4中提到的个别恢复慢和症状反复的情况相互印证，让我更关注这一边。,,1.0,1,1,1,4,"{""final_choice"":""report_1"",""credible_choice"":""report_1"",""share_choice"":""report_1"",""comment_choice"":""support_report_1"",""like_choice"":""report_1"",""reason"":""报道1中关于高热反复、恢复时间拖长和交叉感染压力的具体描述，与评论3和评论4中提到的个别恢复慢和症状反复的情况相互印证，让我更关注这一边。""}"
main,influenza_a,low_feedback,main_baseline_neutral,none,positive,negative,53,1,True,,positive,positive,positive,support_positive,positive,报道1中的具体应对措施和恢复路径更清晰，且评论中提到多数恢复情况平稳，支持整体可控的判断。,,0.0,0,0,0,0,"{""final_choice"":""report_1"",""credible_choice"":""report_1"",""share_choice"":""report_1"",""comment_choice"":""support_report_1"",""like_choice"":""report_1"",""reason"":""报道1中的具体应对措施和恢复路径更清晰，且评论中提到多数恢复情况平稳，支持整体可控的判断。""}"
main,influenza_a,low_feedback,main_baseline_neutral,none,negative,positive,54,1,True,,negative,negative,negative,support_negative,negative,报道1中关于高热反复、恢复时间拖长和交叉感染压力的具体描述更让我警惕，评论4也提到了个别恢复慢的情况值得留意。,,1.0,1,1,1,4,"{""final_choice"":""report_1"",""credible_choice"":""report_1"",""share_choice"":""report_1"",""comment_choice"":""support_report_1"",""like_choice"":""report_1"",""reason"":""报道1中关于高热反复、恢复时间拖长和交叉感染压力的具体描述更让我警惕，评论4也提到了个别恢复慢的情况值得留意。""}"
main,influenza_a,low_feedback,main_baseline_neutral,none,positive,negative,55,1,True,,positive,positive,positive,support_positive,positive,报道1中的具体治疗路径和恢复描述与评论中的常规经验更一致，形成了更完整的可控性线索。,,0.0,0,0,0,0,"{""final_choice"":""report_1"",""credible_choice"":""report_1"",""share_choice"":""report_1"",""comment_choice"":""support_report_1"",""like_choice"":""report_1"",""reason"":""报道1中的具体治疗路径和恢复描述与评论中的常规经验更一致，形成了更完整的可控性线索。""}"
main,influenza_a,low_feedback,main_baseline_neutral,none,negative,positive,56,1,True,,negative,negative,negative,support_negative,negative,报道1中提到的'高热反复、恢复时间拖长'和'刚好转又反复'的线索与评论2提到的'恢复慢或反复不舒服的情况值得留意'相互印证，让我更倾向于相信当前传播情况可能比公开数据更严峻。,,1.0,1,1,1,4,"{""final_choice"":""report_1"",""credible_choice"":""report_1"",""share_choice"":""report_1"",""comment_choice"":""support_report_1"",""like_choice"":""report_1"",""reason"":""报道1中提到的'高热反复、恢复时间拖长'和'刚好转又反复'的线索与评论2提到的'恢复慢或反复不舒服的情况值得留意'相互印证，让我更倾向于相信当前传播情况可能比公开数据更严峻。""}"
main,influenza_a,low_feedback,main_baseline_neutral,none,positive,negative,57,1,True,,positive,positive,positive,support_positive,positive,报道1中提到的常规治疗和学校防控措施更具体，而评论2和评论3也支持这种可控的应对方式。,,0.0,0,0,0,0,"{""final_choice"":""report_1"",""credible_choice"":""report_1"",""share_choice"":""report_1"",""comment_choice"":""support_report_1"",""like_choice"":""report_1"",""reason"":""报道1中提到的常规治疗和学校防控措施更具体，而评论2和评论3也支持这种可控的应对方式。""}"
main,influenza_a,low_feedback,main_baseline_neutral,none,negative,positive,58,1,True,,negative,negative,negative,support_negative,negative,报道1中关于高热反复、恢复时间拖长和交叉感染压力的具体线索，与评论中提到的恢复慢和退热后体力和咳嗽缓解节奏不一致的观察相互印证。,,1.0,1,1,1,4,"{""final_choice"":""report_1"",""credible_choice"":""report_1"",""share_choice"":""report_1"",""comment_choice"":""support_report_1"",""like_choice"":""report_1"",""reason"":""报道1中关于高热反复、恢复时间拖长和交叉感染压力的具体线索，与评论中提到的恢复慢和退热后体力和咳嗽缓解节奏不一致的观察相互印证。""}"
main,influenza_a,low_feedback,main_baseline_neutral,none,positive,negative,59,1,True,,positive,positive,positive,support_positive,positive,报道1和评论中提供了更具体、一致的恢复路径和应对措施，而报道2的风险线索较为零散且缺乏具体细节。,,0.0,0,0,0,0,"{""final_choice"":""report_1"",""credible_choice"":""report_1"",""share_choice"":""report_1"",""comment_choice"":""support_report_1"",""like_choice"":""report_1"",""reason"":""报道1和评论中提供了更具体、一致的恢复路径和应对措施，而报道2的风险线索较为零散且缺乏具体细节。""}"
main,influenza_a,low_feedback,main_baseline_neutral,none,negative,positive,60,1,True,,negative,negative,negative,support_negative,negative,报道1中提到的'高热反复、恢复时间拖长'和'刚好转又反复'的具体经历更贴近我看到的评论1和评论2中个别恢复慢的情况。,,1.0,1,1,1,4,"{""final_choice"":""report_1"",""credible_choice"":""report_1"",""share_choice"":""report_1"",""comment_choice"":""support_report_1"",""like_choice"":""report_1"",""reason"":""报道1中提到的'高热反复、恢复时间拖长'和'刚好转又反复'的具体经历更贴近我看到的评论1和评论2中个别恢复慢的情况。""}"
main,influenza_a,low_feedback,main_baseline_neutral,none,positive,negative,61,1,True,,positive,positive,positive,support_positive,positive,报道1和评论中关于多数病例按常规处理、恢复较快的信息更为具体一致，让我更相信当前情况是季节性波动中的可应对上升。,,0.0,0,0,0,0,"{""final_choice"":""report_1"",""credible_choice"":""report_1"",""share_choice"":""report_1"",""comment_choice"":""support_report_1"",""like_choice"":""report_1"",""reason"":""报道1和评论中关于多数病例按常规处理、恢复较快的信息更为具体一致，让我更相信当前情况是季节性波动中的可应对上升。""}"
main,influenza_a,low_feedback,main_baseline_neutral,none,negative,positive,62,1,True,,negative,negative,negative,support_negative,negative,报道1中关于高热反复、恢复时间拖长和交叉感染压力的具体线索，与评论2中'个别恢复慢或反复不舒服的情况值得留意'相互印证，让我更倾向于相信当前传播情况可能比公开数据更严峻。,,1.0,1,1,1,4,"{""final_choice"":""report_1"",""credible_choice"":""report_1"",""share_choice"":""report_1"",""comment_choice"":""support_report_1"",""like_choice"":""report_1"",""reason"":""报道1中关于高热反复、恢复时间拖长和交叉感染压力的具体线索，与评论2中'个别恢复慢或反复不舒服的情况值得留意'相互印证，让我更倾向于相信当前传播情况可能比公开数据更严峻。""}"
main,influenza_a,low_feedback,main_baseline_neutral,none,positive,negative,63,1,True,,positive,positive,positive,support_positive,positive,报道1中关于症状普遍可控、传播链可被压住的具体描述与评论中多数恢复平稳的情况更为一致。,,0.0,0,0,0,0,"{""final_choice"":""report_1"",""credible_choice"":""report_1"",""share_choice"":""report_1"",""comment_choice"":""support_report_1"",""like_choice"":""report_1"",""reason"":""报道1中关于症状普遍可控、传播链可被压住的具体描述与评论中多数恢复平稳的情况更为一致。""}"
main,influenza_a,low_feedback,main_baseline_neutral,none,negative,positive,64,1,True,,negative,negative,negative,support_negative,negative,报道1中提到的'高热反复、恢复时间拖长'和'刚好转又反复'的具体描述与评论1和2中提到的'恢复慢'和'退热后体力和咳嗽缓解节奏不一样'相互印证，使风险提醒更具体连贯。,,1.0,1,1,1,4,"{""final_choice"":""report_1"",""credible_choice"":""report_1"",""share_choice"":""report_1"",""comment_choice"":""support_report_1"",""like_choice"":""report_1"",""reason"":""报道1中提到的'高热反复、恢复时间拖长'和'刚好转又反复'的具体描述与评论1和2中提到的'恢复慢'和'退热后体力和咳嗽缓解节奏不一样'相互印证，使风险提醒更具体连贯。""}"
main,influenza_a,low_feedback,main_baseline_neutral,none,positive,negative,65,1,True,,positive,positive,positive,support_positive,positive,报道1中一线医生和学校的具体应对措施与恢复路径更具体，与评论中多数家长的实际体验相印证。,,0.0,0,0,0,0,"{""final_choice"":""report_1"",""credible_choice"":""report_1"",""share_choice"":""report_1"",""comment_choice"":""support_report_1"",""like_choice"":""report_1"",""reason"":""报道1中一线医生和学校的具体应对措施与恢复路径更具体，与评论中多数家长的实际体验相印证。""}"
main,influenza_a,low_feedback,main_baseline_neutral,none,negative,positive,66,1,True,,negative,negative,negative,support_negative,negative,报道1中更具体描述了高热反复、恢复时间拖长和家庭班级交叉感染的压力，这些细节与评论2中提到的恢复慢和反复不舒服的情况相互印证，让我更倾向于相信当前情况可能比公开数据更严峻。,,1.0,1,1,1,4,"{""final_choice"":""report_1"",""credible_choice"":""report_1"",""share_choice"":""report_1"",""comment_choice"":""support_report_1"",""like_choice"":""report_1"",""reason"":""报道1中更具体描述了高热反复、恢复时间拖长和家庭班级交叉感染的压力，这些细节与评论2中提到的恢复慢和反复不舒服的情况相互印证，让我更倾向于相信当前情况可能比公开数据更严峻。""}"
main,influenza_a,low_feedback,main_baseline_neutral,none,positive,negative,67,1,True,,positive,positive,positive,support_positive,positive,报道1中提到的门诊应对措施和大多数病例的短期恢复情况，与评论中家长交流的常规处理和学校防护措施相互印证，形成了更连贯的应对线索。,,0.0,0,0,0,0,"{""final_choice"":""report_1"",""credible_choice"":""report_1"",""share_choice"":""report_1"",""comment_choice"":""support_report_1"",""like_choice"":""report_1"",""reason"":""报道1中提到的门诊应对措施和大多数病例的短期恢复情况，与评论中家长交流的常规处理和学校防护措施相互印证，形成了更连贯的应对线索。""}"
main,influenza_a,low_feedback,main_baseline_neutral,none,negative,positive,68,1,True,,negative,negative,negative,support_negative,negative,报道1中反复出现的恢复慢、症状反复和交叉感染压力的具体线索，比报道2中的常规应对描述更能引起我的关注。,,1.0,1,1,1,4,"{""final_choice"":""report_1"",""credible_choice"":""report_1"",""share_choice"":""report_1"",""comment_choice"":""support_report_1"",""like_choice"":""report_1"",""reason"":""报道1中反复出现的恢复慢、症状反复和交叉感染压力的具体线索，比报道2中的常规应对描述更能引起我的关注。""}"
main,influenza_a,low_feedback,main_baseline_neutral,none,positive,negative,69,1,True,,positive,positive,positive,support_positive,positive,报道1中关于症状短期缓解、传播链可控制的具体描述与评论中恢复平稳的观察相互印证。,,0.0,0,0,0,0,"{""final_choice"":""report_1"",""credible_choice"":""report_1"",""share_choice"":""report_1"",""comment_choice"":""support_report_1"",""like_choice"":""report_1"",""reason"":""报道1中关于症状短期缓解、传播链可控制的具体描述与评论中恢复平稳的观察相互印证。""}"
main,influenza_a,low_feedback,main_baseline_neutral,none,negative,positive,70,1,True,,positive,positive,positive,support_positive,positive,报道2和评论中的具体治疗与恢复路径更连贯，同时评论1和2提到的平稳恢复和多观察需求更符合我看到的材料。,,0.0,0,0,0,0,"{""final_choice"":""report_2"",""credible_choice"":""report_2"",""share_choice"":""report_2"",""comment_choice"":""support_report_2"",""like_choice"":""report_2"",""reason"":""报道2和评论中的具体治疗与恢复路径更连贯，同时评论1和2提到的平稳恢复和多观察需求更符合我看到的材料。""}"
main,influenza_a,low_feedback,main_baseline_neutral,none,positive,negative,71,1,True,,positive,positive,positive,support_positive,positive,报道1中关于大部分病例短期缓解和学校有效控制传播链的描述，与评论中恢复平稳和学校常规处理的信息更一致。,,0.0,0,0,0,0,"{""final_choice"":""report_1"",""credible_choice"":""report_1"",""share_choice"":""report_1"",""comment_choice"":""support_report_1"",""like_choice"":""report_1"",""reason"":""报道1中关于大部分病例短期缓解和学校有效控制传播链的描述，与评论中恢复平稳和学校常规处理的信息更一致。""}"
main,influenza_a,low_feedback,main_baseline_neutral,none,negative,positive,72,1,True,,negative,negative,negative,support_negative,negative,报道1中关于高热反复、恢复时间拖长和交叉感染压力的具体描述与评论2、3中提到的恢复慢、症状反复的情况相互印证，让我更倾向于相信当前情况可能比表面数据更严峻。,,1.0,1,1,1,4,"{""final_choice"":""report_1"",""credible_choice"":""report_1"",""share_choice"":""report_1"",""comment_choice"":""support_report_1"",""like_choice"":""report_1"",""reason"":""报道1中关于高热反复、恢复时间拖长和交叉感染压力的具体描述与评论2、3中提到的恢复慢、症状反复的情况相互印证，让我更倾向于相信当前情况可能比表面数据更严峻。""}"
main,influenza_a,low_feedback,main_baseline_neutral,none,positive,negative,73,1,True,,positive,positive,positive,support_positive,positive,报道1中的具体应对措施和恢复路径更为明确，评论也支持多数情况可按常规处理。,,0.0,0,0,0,0,"{""final_choice"":""report_1"",""credible_choice"":""report_1"",""share_choice"":""report_1"",""comment_choice"":""support_report_1"",""like_choice"":""report_1"",""reason"":""报道1中的具体应对措施和恢复路径更为明确，评论也支持多数情况可按常规处理。""}"
main,influenza_a,low_feedback,main_baseline_neutral,none,negative,positive,74,1,True,,negative,negative,negative,support_negative,negative,报道1中反复出现的恢复慢、症状反复和家庭交叉感染的具体线索比报道2的常规缓解描述更让我警觉。,,1.0,1,1,1,4,"{""final_choice"":""report_1"",""credible_choice"":""report_1"",""share_choice"":""report_1"",""comment_choice"":""support_report_1"",""like_choice"":""report_1"",""reason"":""报道1中反复出现的恢复慢、症状反复和家庭交叉感染的具体线索比报道2的常规缓解描述更让我警觉。""}"
main,influenza_a,low_feedback,main_baseline_neutral,none,positive,negative,75,1,True,,positive,positive,positive,support_positive,positive,报道1中的医生、家长和学校反馈提供了更具体、更连贯的恢复路径和应对措施，而评论也支持多数病例按常规处理即可缓解。,,0.0,0,0,0,0,"{""final_choice"":""report_1"",""credible_choice"":""report_1"",""share_choice"":""report_1"",""comment_choice"":""support_report_1"",""like_choice"":""report_1"",""reason"":""报道1中的医生、家长和学校反馈提供了更具体、更连贯的恢复路径和应对措施，而评论也支持多数病例按常规处理即可缓解。""}"
main,influenza_a,low_feedback,main_baseline_neutral,none,negative,positive,76,1,True,,positive,positive,positive,support_positive,positive,报道2和评论中关于恢复较快、常规治疗有效的具体描述与我的初始判断更一致。,,0.0,0,0,0,0,"{""final_choice"":""report_2"",""credible_choice"":""report_2"",""share_choice"":""report_2"",""comment_choice"":""support_report_2"",""like_choice"":""report_2"",""reason"":""报道2和评论中关于恢复较快、常规治疗有效的具体描述与我的初始判断更一致。""}"
main,influenza_a,low_feedback,main_baseline_neutral,none,positive,negative,77,1,True,,positive,positive,positive,support_positive,positive,报道1和评论中提到的具体应对措施和恢复路径让我更倾向于相信当前情况是可控的季节性波动。,,0.0,0,0,0,0,"{""final_choice"":""report_1"",""credible_choice"":""report_1"",""share_choice"":""report_1"",""comment_choice"":""support_report_1"",""like_choice"":""report_1"",""reason"":""报道1和评论中提到的具体应对措施和恢复路径让我更倾向于相信当前情况是可控的季节性波动。""}"
main,influenza_a,low_feedback,main_baseline_neutral,none,negative,positive,78,1,True,,negative,negative,negative,support_negative,negative,报道1中关于恢复慢、反复高热和交叉感染压力的具体描述与评论1和评论2中提到的个别恢复慢、退热后体力和咳嗽缓解节奏不一致的观察相互印证，形成更连贯的风险线索。,,1.0,1,1,1,4,"{""final_choice"":""report_1"",""credible_choice"":""report_1"",""share_choice"":""report_1"",""comment_choice"":""support_report_1"",""like_choice"":""report_1"",""reason"":""报道1中关于恢复慢、反复高热和交叉感染压力的具体描述与评论1和评论2中提到的个别恢复慢、退热后体力和咳嗽缓解节奏不一致的观察相互印证，形成更连贯的风险线索。""}"
main,influenza_a,low_feedback,main_baseline_neutral,none,positive,negative,79,1,True,,positive,positive,positive,support_positive,positive,报道1中更具体、更连贯的恢复和应对线索，加上评论1-4中多数家长反馈的平稳恢复经验，让我更倾向于当前情况属于可应对的季节性波动。,,0.0,0,0,0,0,"{""final_choice"":""report_1"",""credible_choice"":""report_1"",""share_choice"":""report_1"",""comment_choice"":""support_report_1"",""like_choice"":""report_1"",""reason"":""报道1中更具体、更连贯的恢复和应对线索，加上评论1-4中多数家长反馈的平稳恢复经验，让我更倾向于当前情况属于可应对的季节性波动。""}"
main,influenza_a,low_feedback,main_baseline_neutral,none,negative,positive,80,1,True,,negative,negative,negative,support_negative,negative,报道1中提到的'高热反复、恢复时间拖长'等具体症状和'班级内部交叉感染压力'等实际风险，与评论1和评论2中提到的'恢复节奏不一样'和'个别恢复慢'相互印证，让我更倾向于相信当前传播情况可能比公开数据更严峻。,,1.0,1,1,1,4,"{""final_choice"":""report_1"",""credible_choice"":""report_1"",""share_choice"":""report_1"",""comment_choice"":""support_report_1"",""like_choice"":""report_1"",""reason"":""报道1中提到的'高热反复、恢复时间拖长'等具体症状和'班级内部交叉感染压力'等实际风险，与评论1和评论2中提到的'恢复节奏不一样'和'个别恢复慢'相互印证，让我更倾向于相信当前传播情况可能比公开数据更严峻。""}"
main,influenza_a,low_feedback,main_baseline_neutral,none,positive,negative,81,1,True,,positive,positive,positive,support_positive,positive,报道1和可见评论都提供了更具体的恢复路径和应对措施，让我更倾向于相信当前情况是可应对的季节性波动。,,0.0,0,0,0,0,"{""final_choice"":""report_1"",""credible_choice"":""report_1"",""share_choice"":""report_1"",""comment_choice"":""support_report_1"",""like_choice"":""report_1"",""reason"":""报道1和可见评论都提供了更具体的恢复路径和应对措施，让我更倾向于相信当前情况是可应对的季节性波动。""}"
main,influenza_a,low_feedback,main_baseline_neutral,none,negative,positive,82,1,True,,negative,negative,negative,support_negative,negative,报道1中更具体描述了高热反复、恢复拖长和交叉感染压力，这些细节与评论3中提到的'个别恢复慢或反复不舒服'相互印证，让我更关注可能存在的风险。,,1.0,1,1,1,4,"{""final_choice"":""report_1"",""credible_choice"":""report_1"",""share_choice"":""report_1"",""comment_choice"":""support_report_1"",""like_choice"":""report_1"",""reason"":""报道1中更具体描述了高热反复、恢复拖长和交叉感染压力，这些细节与评论3中提到的'个别恢复慢或反复不舒服'相互印证，让我更关注可能存在的风险。""}"
main,influenza_a,low_feedback,main_baseline_neutral,none,positive,negative,83,1,True,,positive,positive,positive,support_positive,positive,报道1提供了更具体的应对措施和恢复路径，与评论中多数平稳恢复的情况更一致。,,0.0,0,0,0,0,"{""final_choice"":""report_1"",""credible_choice"":""report_1"",""share_choice"":""report_1"",""comment_choice"":""support_report_1"",""like_choice"":""report_1"",""reason"":""报道1提供了更具体的应对措施和恢复路径，与评论中多数平稳恢复的情况更一致。""}"
main,influenza_a,low_feedback,main_baseline_neutral,none,negative,positive,84,1,True,,negative,negative,negative,support_negative,negative,报道1中关于高热反复、恢复时间拖长和交叉感染压力的具体描述，比报道2中的一般性缓解描述更有具体性。,,1.0,1,1,1,4,"{""final_choice"":""report_1"",""credible_choice"":""report_1"",""share_choice"":""report_1"",""comment_choice"":""support_report_1"",""like_choice"":""report_1"",""reason"":""报道1中关于高热反复、恢复时间拖长和交叉感染压力的具体描述，比报道2中的一般性缓解描述更有具体性。""}"
main,influenza_a,low_feedback,main_baseline_neutral,none,positive,negative,85,1,True,,positive,positive,positive,support_positive,positive,报道1和评论中的具体恢复路径与学校应对措施比报道2的模糊风险描述更有说服力。,,0.0,0,0,0,0,"{""final_choice"":""report_1"",""credible_choice"":""report_1"",""share_choice"":""report_1"",""comment_choice"":""support_report_1"",""like_choice"":""report_1"",""reason"":""报道1和评论中的具体恢复路径与学校应对措施比报道2的模糊风险描述更有说服力。""}"
main,influenza_a,low_feedback,main_baseline_neutral,none,negative,positive,86,1,True,,negative,negative,negative,support_negative,negative,报道1中关于恢复慢、反复症状的具体描述与评论1、2中个别恢复较慢的情况相互印证，形成了更连贯的风险线索。,,1.0,1,1,1,4,"{""final_choice"":""report_1"",""credible_choice"":""report_1"",""share_choice"":""report_1"",""comment_choice"":""support_report_1"",""like_choice"":""report_1"",""reason"":""报道1中关于恢复慢、反复症状的具体描述与评论1、2中个别恢复较慢的情况相互印证，形成了更连贯的风险线索。""}"
main,influenza_a,low_feedback,main_baseline_neutral,none,positive,negative,87,1,True,,positive,positive,positive,support_positive,positive,报道1中提到的医院应对能力和恢复节奏更具体，与评论中提到的按医嘱恢复平稳和学校常规应对措施相互印证。,,0.0,0,0,0,0,"{""final_choice"":""report_1"",""credible_choice"":""report_1"",""share_choice"":""report_1"",""comment_choice"":""support_report_1"",""like_choice"":""report_1"",""reason"":""报道1中提到的医院应对能力和恢复节奏更具体，与评论中提到的按医嘱恢复平稳和学校常规应对措施相互印证。""}"
main,influenza_a,low_feedback,main_baseline_neutral,none,negative,positive,88,1,True,,negative,negative,negative,support_negative,negative,报道1中关于高热反复、恢复时间拖长和家庭班级交叉感染的具体线索，与评论1和评论4中提到的恢复慢、需要多观察的情况相互印证，让我更倾向于认为当前情况可能比公开数据显示的更严峻。,,1.0,1,1,1,4,"{""final_choice"":""report_1"",""credible_choice"":""report_1"",""share_choice"":""report_1"",""comment_choice"":""support_report_1"",""like_choice"":""report_1"",""reason"":""报道1中关于高热反复、恢复时间拖长和家庭班级交叉感染的具体线索，与评论1和评论4中提到的恢复慢、需要多观察的情况相互印证，让我更倾向于认为当前情况可能比公开数据显示的更严峻。""}"
main,influenza_a,low_feedback,main_baseline_neutral,none,positive,negative,89,1,True,,positive,positive,positive,support_positive,positive,报道1和可见评论中更具体地描述了常规治疗和恢复路径，而报道2的风险线索相对笼统且混杂。,,0.0,0,0,0,0,"{""final_choice"":""report_1"",""credible_choice"":""report_1"",""share_choice"":""report_1"",""comment_choice"":""support_report_1"",""like_choice"":""report_1"",""reason"":""报道1和可见评论中更具体地描述了常规治疗和恢复路径，而报道2的风险线索相对笼统且混杂。""}"
main,influenza_a,low_feedback,main_baseline_neutral,none,negative,positive,90,1,True,,negative,negative,negative,support_negative,negative,报道1中关于'高热反复、恢复时间拖长'和'班级交叉感染压力'的具体描述与评论1中'恢复慢或反复不舒服'的个案相互印证，让我更倾向于相信当前情况比官方数据显示的更为严峻。,,1.0,1,1,1,4,"{""final_choice"":""report_1"",""credible_choice"":""report_1"",""share_choice"":""report_1"",""comment_choice"":""support_report_1"",""like_choice"":""report_1"",""reason"":""报道1中关于'高热反复、恢复时间拖长'和'班级交叉感染压力'的具体描述与评论1中'恢复慢或反复不舒服'的个案相互印证，让我更倾向于相信当前情况比官方数据显示的更为严峻。""}"
main,influenza_a,low_feedback,main_baseline_neutral,none,positive,negative,91,1,True,,positive,positive,positive,support_positive,positive,报道1和评论中更具体的恢复路径与常规处理描述，让我觉得当前情况更像是可应对的季节性波动。,,0.0,0,0,0,0,"{""final_choice"":""report_1"",""credible_choice"":""report_1"",""share_choice"":""report_1"",""comment_choice"":""support_report_1"",""like_choice"":""report_1"",""reason"":""报道1和评论中更具体的恢复路径与常规处理描述，让我觉得当前情况更像是可应对的季节性波动。""}"
main,influenza_a,low_feedback,main_baseline_neutral,none,negative,positive,92,1,True,,negative,negative,negative,support_negative,negative,报道1中更具体描述了高热反复、恢复时间拖长等实际就医压力，与评论4中提到的个别恢复慢或反复不舒服的情况相互印证。,,1.0,1,1,1,4,"{""final_choice"":""report_1"",""credible_choice"":""report_1"",""share_choice"":""report_1"",""comment_choice"":""support_report_1"",""like_choice"":""report_1"",""reason"":""报道1中更具体描述了高热反复、恢复时间拖长等实际就医压力，与评论4中提到的个别恢复慢或反复不舒服的情况相互印证。""}"
main,influenza_a,low_feedback,main_baseline_neutral,none,positive,negative,93,1,True,,positive,positive,positive,support_positive,positive,报道1和评论中更具体、更连贯的恢复和应对线索让我此刻更愿意相信当前是季节性波动中的可应对上升。,,0.0,0,0,0,0,"{""final_choice"":""report_1"",""credible_choice"":""report_1"",""share_choice"":""report_1"",""comment_choice"":""support_report_1"",""like_choice"":""report_1"",""reason"":""报道1和评论中更具体、更连贯的恢复和应对线索让我此刻更愿意相信当前是季节性波动中的可应对上升。""}"
main,influenza_a,low_feedback,main_baseline_neutral,none,negative,positive,94,1,True,,negative,negative,negative,support_negative,negative,报道1中关于高热反复、恢复时间拖长和交叉感染压力的具体描述，与评论3中个别恢复慢或反复不舒服的情况相互印证，让我更倾向于相信当前传播情况可能比公开数据更严峻。,,1.0,1,1,1,4,"{""final_choice"":""report_1"",""credible_choice"":""report_1"",""share_choice"":""report_1"",""comment_choice"":""support_report_1"",""like_choice"":""report_1"",""reason"":""报道1中关于高热反复、恢复时间拖长和交叉感染压力的具体描述，与评论3中个别恢复慢或反复不舒服的情况相互印证，让我更倾向于相信当前传播情况可能比公开数据更严峻。""}"
main,influenza_a,low_feedback,main_baseline_neutral,none,positive,negative,95,1,True,,positive,positive,positive,support_positive,positive,报道1和可见评论中具体的恢复路径和学校应对措施更连贯一致，形成了更可信的日常应对图景。,,0.0,0,0,0,0,"{""final_choice"":""report_1"",""credible_choice"":""report_1"",""share_choice"":""report_1"",""comment_choice"":""support_report_1"",""like_choice"":""report_1"",""reason"":""报道1和可见评论中具体的恢复路径和学校应对措施更连贯一致，形成了更可信的日常应对图景。""}"
main,influenza_a,low_feedback,main_baseline_neutral,none,negative,positive,96,1,True,,negative,negative,negative,support_negative,negative,报道1中提到的恢复拖长、高热反复和交叉感染压力更具体，与评论2中个别恢复慢的情况相互印证。,,1.0,1,1,1,4,"{""final_choice"":""report_1"",""credible_choice"":""report_1"",""share_choice"":""report_1"",""comment_choice"":""support_report_1"",""like_choice"":""report_1"",""reason"":""报道1中提到的恢复拖长、高热反复和交叉感染压力更具体，与评论2中个别恢复慢的情况相互印证。""}"
main,influenza_a,low_feedback,main_baseline_neutral,none,positive,negative,97,1,True,,positive,positive,positive,support_positive,positive,报道1中提到的医院应对能力和学校处置措施具体且连贯，与评论中家长恢复平稳的情况互相印证。,,0.0,0,0,0,0,"{""final_choice"":""report_1"",""credible_choice"":""report_1"",""share_choice"":""report_1"",""comment_choice"":""support_report_1"",""like_choice"":""report_1"",""reason"":""报道1中提到的医院应对能力和学校处置措施具体且连贯，与评论中家长恢复平稳的情况互相印证。""}"
main,influenza_a,low_feedback,main_baseline_neutral,none,negative,positive,98,1,True,,negative,negative,negative,support_negative,negative,报道1中更具体、更连续的恢复慢和反复症状线索，加上评论3中个别恢复慢的提醒，让我更倾向于相信当前情况可能比公开数据更严峻。,,1.0,1,1,1,4,"{""final_choice"":""report_1"",""credible_choice"":""report_1"",""share_choice"":""report_1"",""comment_choice"":""support_report_1"",""like_choice"":""report_1"",""reason"":""报道1中更具体、更连续的恢复慢和反复症状线索，加上评论3中个别恢复慢的提醒，让我更倾向于相信当前情况可能比公开数据更严峻。""}"
main,influenza_a,low_feedback,main_baseline_neutral,none,positive,negative,99,1,True,,positive,positive,positive,support_positive,positive,报道1中的恢复路径和学校应对措施更具体，评论也提到多数按常规处理，风险线索不够连贯。,,0.0,0,0,0,0,"{""final_choice"":""report_1"",""credible_choice"":""report_1"",""share_choice"":""report_1"",""comment_choice"":""support_report_1"",""like_choice"":""report_1"",""reason"":""报道1中的恢复路径和学校应对措施更具体，评论也提到多数按常规处理，风险线索不够连贯。""}"
main,influenza_a,low_feedback,main_baseline_neutral,none,negative,positive,100,1,True,,negative,negative,negative,support_negative,negative,报道1中更具体、更连贯的恢复慢和反复线索让我此刻更相信实际情况可能比官方数据更严峻。,,1.0,1,1,1,4,"{""final_choice"":""report_1"",""credible_choice"":""report_1"",""share_choice"":""report_1"",""comment_choice"":""support_report_1"",""like_choice"":""report_1"",""reason"":""报道1中更具体、更连贯的恢复慢和反复线索让我此刻更相信实际情况可能比官方数据更严峻。""}"
main,influenza_a,low_feedback,main_baseline_neutral,none,positive,negative,101,1,True,,positive,positive,positive,support_positive,positive,报道1中提到的恢复较快和学校应对措施与评论中家长反馈的平稳恢复更为一致。,,0.0,0,0,0,0,"{""final_choice"":""report_1"",""credible_choice"":""report_1"",""share_choice"":""report_1"",""comment_choice"":""support_report_1"",""like_choice"":""report_1"",""reason"":""报道1中提到的恢复较快和学校应对措施与评论中家长反馈的平稳恢复更为一致。""}"
main,influenza_a,low_feedback,main_baseline_neutral,none,negative,positive,102,1,True,,negative,negative,negative,support_negative,negative,报道1中更具体、更连续的恢复慢、反复感染和就医压力线索，与评论中个别恢复慢的观察相互印证，让我更倾向于相信传播情况可能比公开数据更严峻。,,1.0,1,1,1,4,"{""final_choice"":""report_1"",""credible_choice"":""report_1"",""share_choice"":""report_1"",""comment_choice"":""support_report_1"",""like_choice"":""report_1"",""reason"":""报道1中更具体、更连续的恢复慢、反复感染和就医压力线索，与评论中个别恢复慢的观察相互印证，让我更倾向于相信传播情况可能比公开数据更严峻。""}"
main,influenza_a,low_feedback,main_baseline_neutral,none,positive,negative,103,1,True,,positive,positive,positive,support_positive,positive,报道1中关于大部分病例短期缓解、学校控制传播链的具体线索与评论3、4中的平稳恢复经验更一致。,,0.0,0,0,0,0,"{""final_choice"":""report_1"",""credible_choice"":""report_1"",""share_choice"":""report_1"",""comment_choice"":""support_report_1"",""like_choice"":""report_1"",""reason"":""报道1中关于大部分病例短期缓解、学校控制传播链的具体线索与评论3、4中的平稳恢复经验更一致。""}"
main,influenza_a,low_feedback,main_baseline_neutral,none,negative,positive,104,1,True,,negative,negative,negative,support_negative,negative,报道1中关于高热反复、恢复时间拖长和交叉感染压力的具体描述更详细，而评论4也提到个别恢复慢的情况值得留意。,,1.0,1,1,1,4,"{""final_choice"":""report_1"",""credible_choice"":""report_1"",""share_choice"":""report_1"",""comment_choice"":""support_report_1"",""like_choice"":""report_1"",""reason"":""报道1中关于高热反复、恢复时间拖长和交叉感染压力的具体描述更详细，而评论4也提到个别恢复慢的情况值得留意。""}"
main,influenza_a,low_feedback,main_baseline_neutral,none,positive,negative,105,1,True,,positive,positive,positive,support_positive,positive,报道1中的具体应对措施和恢复路径更明确，评论中多数也提到常规处理下的平稳恢复，这些线索让我更倾向于当前情况属于可应对的波动。,,0.0,0,0,0,0,"{""final_choice"":""report_1"",""credible_choice"":""report_1"",""share_choice"":""report_1"",""comment_choice"":""support_report_1"",""like_choice"":""report_1"",""reason"":""报道1中的具体应对措施和恢复路径更明确，评论中多数也提到常规处理下的平稳恢复，这些线索让我更倾向于当前情况属于可应对的波动。""}"
main,influenza_a,low_feedback,main_baseline_neutral,none,negative,positive,106,1,True,,positive,positive,positive,support_positive,positive,报道2和评论中提到的恢复较快、常规治疗有效的具体经验更符合我看到的材料，而恢复拖长的描述较为零散。,,0.0,0,0,0,0,"{""final_choice"":""report_2"",""credible_choice"":""report_2"",""share_choice"":""report_2"",""comment_choice"":""support_report_2"",""like_choice"":""report_2"",""reason"":""报道2和评论中提到的恢复较快、常规治疗有效的具体经验更符合我看到的材料，而恢复拖长的描述较为零散。""}"
main,influenza_a,low_feedback,main_baseline_neutral,none,positive,negative,107,1,True,,positive,positive,positive,support_positive,positive,报道1和评论中提到的医院常规处理和学校应对措施更具体，而报道2的风险线索相对模糊且缺乏一致细节。,,0.0,0,0,0,0,"{""final_choice"":""report_1"",""credible_choice"":""report_1"",""share_choice"":""report_1"",""comment_choice"":""support_report_1"",""like_choice"":""report_1"",""reason"":""报道1和评论中提到的医院常规处理和学校应对措施更具体，而报道2的风险线索相对模糊且缺乏一致细节。""}"
main,influenza_a,low_feedback,main_baseline_neutral,none,negative,positive,108,1,True,,negative,negative,negative,support_negative,negative,报道1中更具体描述了恢复慢、症状反复和家庭交叉感染等风险线索，与评论1和2中提到的个别恢复慢和反复情况相互印证。,,1.0,1,1,1,4,"{""final_choice"":""report_1"",""credible_choice"":""report_1"",""share_choice"":""report_1"",""comment_choice"":""support_report_1"",""like_choice"":""report_1"",""reason"":""报道1中更具体描述了恢复慢、症状反复和家庭交叉感染等风险线索，与评论1和2中提到的个别恢复慢和反复情况相互印证。""}"
main,influenza_a,low_feedback,main_baseline_neutral,none,positive,negative,109,1,True,,positive,positive,positive,support_positive,positive,报道1中提到的短期发热和常规治疗后缓解的具体描述，与评论中多数家长反映的恢复平稳情况更一致。,,0.0,0,0,0,0,"{""final_choice"":""report_1"",""credible_choice"":""report_1"",""share_choice"":""report_1"",""comment_choice"":""support_report_1"",""like_choice"":""report_1"",""reason"":""报道1中提到的短期发热和常规治疗后缓解的具体描述，与评论中多数家长反映的恢复平稳情况更一致。""}"
main,influenza_a,low_feedback,main_baseline_neutral,none,negative,positive,110,1,True,,negative,negative,negative,support_negative,negative,报道1中提到的'高热反复、恢复时间拖长'和'刚好转又反复'的具体经历，以及评论4中个别恢复慢的情况，让我更倾向于相信传播可能比公开数据更严峻。,,1.0,1,1,1,4,"{""final_choice"":""report_1"",""credible_choice"":""report_1"",""share_choice"":""report_1"",""comment_choice"":""support_report_1"",""like_choice"":""report_1"",""reason"":""报道1中提到的'高热反复、恢复时间拖长'和'刚好转又反复'的具体经历，以及评论4中个别恢复慢的情况，让我更倾向于相信传播可能比公开数据更严峻。""}"
main,influenza_a,low_feedback,main_baseline_neutral,none,positive,negative,111,1,True,,positive,positive,positive,support_positive,positive,报道1中提到的常规治疗和快速恢复线索与评论1、4的具体经历更为一致，而报道2的担忧在评论3中也被部分认可但未形成更强证据。,,0.0,0,0,0,0,"{""final_choice"":""report_1"",""credible_choice"":""report_1"",""share_choice"":""report_1"",""comment_choice"":""support_report_1"",""like_choice"":""report_1"",""reason"":""报道1中提到的常规治疗和快速恢复线索与评论1、4的具体经历更为一致，而报道2的担忧在评论3中也被部分认可但未形成更强证据。""}"
main,influenza_a,low_feedback,main_baseline_neutral,none,negative,positive,112,1,True,,positive,positive,positive,support_positive,positive,报道2和评论中关于门诊应对能力与常规治疗有效性的具体描述更符合当前可见线索。,,0.0,0,0,0,0,"{""final_choice"":""report_2"",""credible_choice"":""report_2"",""share_choice"":""report_2"",""comment_choice"":""support_report_2"",""like_choice"":""report_2"",""reason"":""报道2和评论中关于门诊应对能力与常规治疗有效性的具体描述更符合当前可见线索。""}"
main,influenza_a,low_feedback,main_baseline_neutral,none,positive,negative,113,1,True,,positive,positive,positive,support_positive,positive,报道1中的具体应对措施和恢复线索与可见评论中的日常经验更吻合，形成了更连贯的判断基础。,,0.0,0,0,0,0,"{""final_choice"":""report_1"",""credible_choice"":""report_1"",""share_choice"":""report_1"",""comment_choice"":""support_report_1"",""like_choice"":""report_1"",""reason"":""报道1中的具体应对措施和恢复线索与可见评论中的日常经验更吻合，形成了更连贯的判断基础。""}"
main,influenza_a,low_feedback,main_baseline_neutral,none,negative,positive,114,1,True,,negative,negative,negative,support_negative,negative,报道1中提到的'高热反复'、'恢复时间拖长'和'刚好转又反复'等具体症状描述，与评论3中'个别恢复慢或反复不舒服的情况值得留意'形成呼应，这些具体且反复出现的风险线索比报道2中较为笼统的'几天内明显缓解'更有说服力。,,1.0,1,1,1,4,"{""final_choice"":""report_1"",""credible_choice"":""report_1"",""share_choice"":""report_1"",""comment_choice"":""support_report_1"",""like_choice"":""report_1"",""reason"":""报道1中提到的'高热反复'、'恢复时间拖长'和'刚好转又反复'等具体症状描述，与评论3中'个别恢复慢或反复不舒服的情况值得留意'形成呼应，这些具体且反复出现的风险线索比报道2中较为笼统的'几天内明显缓解'更有说服力。""}"
main,influenza_a,low_feedback,main_baseline_neutral,none,positive,negative,115,1,True,,positive,positive,positive,support_positive,positive,报道1中的具体应对措施和恢复路径，加上评论中提到的平稳恢复案例，形成更连贯的线索。,,0.0,0,0,0,0,"{""final_choice"":""report_1"",""credible_choice"":""report_1"",""share_choice"":""report_1"",""comment_choice"":""support_report_1"",""like_choice"":""report_1"",""reason"":""报道1中的具体应对措施和恢复路径，加上评论中提到的平稳恢复案例，形成更连贯的线索。""}"
main,influenza_a,low_feedback,main_baseline_neutral,none,negative,positive,116,1,True,,negative,negative,negative,support_negative,negative,报道1中提到的恢复慢、反复高热和家庭班级交叉感染的具体描述与评论3中个别恢复慢的情况相互印证，这些更具体的风险线索让我更倾向于这一边。,,1.0,1,1,1,4,"{""final_choice"":""report_1"",""credible_choice"":""report_1"",""share_choice"":""report_1"",""comment_choice"":""support_report_1"",""like_choice"":""report_1"",""reason"":""报道1中提到的恢复慢、反复高热和家庭班级交叉感染的具体描述与评论3中个别恢复慢的情况相互印证，这些更具体的风险线索让我更倾向于这一边。""}"
main,influenza_a,low_feedback,main_baseline_neutral,none,positive,negative,117,1,True,,positive,positive,positive,support_positive,positive,报道1中提到的医院应对能力和常规治疗路径更具体，与评论1和2中提到的平稳恢复情况相互印证。,,0.0,0,0,0,0,"{""final_choice"":""report_1"",""credible_choice"":""report_1"",""share_choice"":""report_1"",""comment_choice"":""support_report_1"",""like_choice"":""report_1"",""reason"":""报道1中提到的医院应对能力和常规治疗路径更具体，与评论1和2中提到的平稳恢复情况相互印证。""}"
main,influenza_a,low_feedback,main_baseline_neutral,none,negative,positive,118,1,True,,negative,negative,negative,support_negative,negative,报道1中更具体的恢复慢、反复高热和交叉感染压力线索，加上评论1和评论4中提到的观察需求，让我更倾向于这一边。,,1.0,1,1,1,4,"{""final_choice"":""report_1"",""credible_choice"":""report_1"",""share_choice"":""report_1"",""comment_choice"":""support_report_1"",""like_choice"":""report_1"",""reason"":""报道1中更具体的恢复慢、反复高热和交叉感染压力线索，加上评论1和评论4中提到的观察需求，让我更倾向于这一边。""}"
main,influenza_a,low_feedback,main_baseline_neutral,none,positive,negative,119,1,True,,positive,positive,positive,support_positive,positive,报道1和评论中关于常规治疗、学校应对和恢复平稳的具体描述更连贯一致，让我更倾向于相信当前情况是可控的季节性波动。,,0.0,0,0,0,0,"{""final_choice"":""report_1"",""credible_choice"":""report_1"",""share_choice"":""report_1"",""comment_choice"":""support_report_1"",""like_choice"":""report_1"",""reason"":""报道1和评论中关于常规治疗、学校应对和恢复平稳的具体描述更连贯一致，让我更倾向于相信当前情况是可控的季节性波动。""}"
main,influenza_a,low_feedback,main_baseline_neutral,none,negative,positive,120,1,True,,negative,negative,negative,support_negative,negative,报道1中的具体案例如'高热反复'、'恢复时间拖长'与评论1、2提到的恢复节奏不一致相互印证，形成了更具体的风险线索。,,1.0,1,1,1,4,"{""final_choice"":""report_1"",""credible_choice"":""report_1"",""share_choice"":""report_1"",""comment_choice"":""support_report_1"",""like_choice"":""report_1"",""reason"":""报道1中的具体案例如'高热反复'、'恢复时间拖长'与评论1、2提到的恢复节奏不一致相互印证，形成了更具体的风险线索。""}"
main,influenza_a,low_feedback,main_baseline_neutral,none,positive,negative,121,1,True,,positive,positive,positive,support_positive,positive,报道1中的恢复较快、常规治疗有效等具体线索与评论中多数家长交流的平稳恢复情况更一致。,,0.0,0,0,0,0,"{""final_choice"":""report_1"",""credible_choice"":""report_1"",""share_choice"":""report_1"",""comment_choice"":""support_report_1"",""like_choice"":""report_1"",""reason"":""报道1中的恢复较快、常规治疗有效等具体线索与评论中多数家长交流的平稳恢复情况更一致。""}"
main,influenza_a,low_feedback,main_baseline_neutral,none,negative,positive,122,1,True,,negative,negative,negative,support_negative,negative,报道1中提到的'高热反复'、'恢复时间拖长'和'交叉感染压力'这些具体风险线索，在当前评论中也有'个别恢复慢或反复不舒服'的印证，让我对现实就医压力的担忧更具体。,,1.0,1,1,1,4,"{""final_choice"":""report_1"",""credible_choice"":""report_1"",""share_choice"":""report_1"",""comment_choice"":""support_report_1"",""like_choice"":""report_1"",""reason"":""报道1中提到的'高热反复'、'恢复时间拖长'和'交叉感染压力'这些具体风险线索，在当前评论中也有'个别恢复慢或反复不舒服'的印证，让我对现实就医压力的担忧更具体。""}"
main,influenza_a,low_feedback,main_baseline_neutral,none,positive,negative,123,1,True,,positive,positive,positive,support_positive,positive,报道1和评论中的具体恢复路径、学校应对措施和常规处理方案比报道2的零散风险线索更连贯一致。,,0.0,0,0,0,0,"{""final_choice"":""report_1"",""credible_choice"":""report_1"",""share_choice"":""report_1"",""comment_choice"":""support_report_1"",""like_choice"":""report_1"",""reason"":""报道1和评论中的具体恢复路径、学校应对措施和常规处理方案比报道2的零散风险线索更连贯一致。""}"
main,influenza_a,low_feedback,main_baseline_neutral,none,negative,positive,124,1,True,,negative,negative,negative,support_negative,negative,报道1中关于恢复慢、反复高热和交叉感染的具体描述更具体，且与评论中提到的个别恢复慢的情况相互印证。,,1.0,1,1,1,4,"{""final_choice"":""report_1"",""credible_choice"":""report_1"",""share_choice"":""report_1"",""comment_choice"":""support_report_1"",""like_choice"":""report_1"",""reason"":""报道1中关于恢复慢、反复高热和交叉感染的具体描述更具体，且与评论中提到的个别恢复慢的情况相互印证。""}"
main,influenza_a,low_feedback,main_baseline_neutral,none,positive,negative,125,1,True,,positive,positive,positive,support_positive,positive,报道1提供的门诊医生、家长和学校的具体经验更连贯，且与评论中多数人提到的常规处理和恢复轨迹一致。,,0.0,0,0,0,0,"{""final_choice"":""report_1"",""credible_choice"":""report_1"",""share_choice"":""report_1"",""comment_choice"":""support_report_1"",""like_choice"":""report_1"",""reason"":""报道1提供的门诊医生、家长和学校的具体经验更连贯，且与评论中多数人提到的常规处理和恢复轨迹一致。""}"
main,influenza_a,low_feedback,main_baseline_neutral,none,negative,positive,126,1,True,,negative,negative,negative,support_negative,negative,报道1中提到的'高热反复、恢复时间拖长'和'刚好转又反复'的具体经历，与评论1中提到的'个别恢复慢或反复不舒服'相互印证，让我更关注可能存在的风险因素。,,1.0,1,1,1,4,"{""final_choice"":""report_1"",""credible_choice"":""report_1"",""share_choice"":""report_1"",""comment_choice"":""support_report_1"",""like_choice"":""report_1"",""reason"":""报道1中提到的'高热反复、恢复时间拖长'和'刚好转又反复'的具体经历，与评论1中提到的'个别恢复慢或反复不舒服'相互印证，让我更关注可能存在的风险因素。""}"
main,influenza_a,low_feedback,main_baseline_neutral,none,positive,negative,127,1,True,,positive,positive,positive,support_positive,positive,报道1提到的门诊应对和恢复节奏与评论中多数家长反映的常规处理和学校防控措施相互印证，让我更倾向于相信当前情况是可应对的季节性波动。,,0.0,0,0,0,0,"{""final_choice"":""report_1"",""credible_choice"":""report_1"",""share_choice"":""report_1"",""comment_choice"":""support_report_1"",""like_choice"":""report_1"",""reason"":""报道1提到的门诊应对和恢复节奏与评论中多数家长反映的常规处理和学校防控措施相互印证，让我更倾向于相信当前情况是可应对的季节性波动。""}"
main,influenza_a,low_feedback,main_baseline_neutral,none,negative,positive,128,1,True,,negative,negative,negative,support_negative,negative,报道1中反复出现的恢复慢、反复不适等具体个案与评论1、3中的观察更一致，形成更连贯的风险线索。,,1.0,1,1,1,4,"{""final_choice"":""report_1"",""credible_choice"":""report_1"",""share_choice"":""report_1"",""comment_choice"":""support_report_1"",""like_choice"":""report_1"",""reason"":""报道1中反复出现的恢复慢、反复不适等具体个案与评论1、3中的观察更一致，形成更连贯的风险线索。""}"
main,influenza_a,low_feedback,main_baseline_neutral,none,positive,negative,129,1,True,,positive,positive,positive,support_positive,positive,报道1和评论中的具体恢复路径、常规治疗和学校处置措施更连贯，而报道2的风险线索相对模糊且缺乏具体细节。,,0.0,0,0,0,0,"{""final_choice"":""report_1"",""credible_choice"":""report_1"",""share_choice"":""report_1"",""comment_choice"":""support_report_1"",""like_choice"":""report_1"",""reason"":""报道1和评论中的具体恢复路径、常规治疗和学校处置措施更连贯，而报道2的风险线索相对模糊且缺乏具体细节。""}"
main,influenza_a,low_feedback,main_baseline_neutral,none,negative,positive,130,1,True,,negative,negative,negative,support_negative,negative,报道1中关于恢复慢、症状反复和交叉感染压力的具体描述与评论1和2中的个体观察相互印证，这些具体风险线索比报道2中的常规应对描述更能引起我的注意。,,1.0,1,1,1,4,"{""final_choice"":""report_1"",""credible_choice"":""report_1"",""share_choice"":""report_1"",""comment_choice"":""support_report_1"",""like_choice"":""report_1"",""reason"":""报道1中关于恢复慢、症状反复和交叉感染压力的具体描述与评论1和2中的个体观察相互印证，这些具体风险线索比报道2中的常规应对描述更能引起我的注意。""}"
main,influenza_a,low_feedback,main_baseline_neutral,none,positive,negative,131,1,True,,positive,positive,positive,support_positive,positive,报道1中提到的恢复较快、症状较轻的描述与评论2、4中的实际恢复经验更为一致，且评论1也承认恢复慢的情况需要更多信息判断，这让我更倾向于报道1的观点。,,0.0,0,0,0,0,"{""final_choice"":""report_1"",""credible_choice"":""report_1"",""share_choice"":""report_1"",""comment_choice"":""support_report_1"",""like_choice"":""report_1"",""reason"":""报道1中提到的恢复较快、症状较轻的描述与评论2、4中的实际恢复经验更为一致，且评论1也承认恢复慢的情况需要更多信息判断，这让我更倾向于报道1的观点。""}"
main,influenza_a,low_feedback,main_baseline_neutral,none,negative,positive,132,1,True,,positive,positive,positive,support_positive,positive,报道2和可见评论中提到的常规治疗、学校应对措施和多数恢复平稳的情况，让我认为当前更像是可应对的季节性波动。,,0.0,0,0,0,0,"{""final_choice"":""report_2"",""credible_choice"":""report_2"",""share_choice"":""report_2"",""comment_choice"":""support_report_2"",""like_choice"":""report_2"",""reason"":""报道2和可见评论中提到的常规治疗、学校应对措施和多数恢复平稳的情况，让我认为当前更像是可应对的季节性波动。""}"
main,influenza_a,low_feedback,main_baseline_neutral,none,positive,negative,133,1,True,,positive,positive,positive,support_positive,positive,报道1和可见评论中更具体、更一致的恢复路径和常规应对线索，让我更倾向于相信当前情况是可应对的季节性波动。,,0.0,0,0,0,0,"{""final_choice"":""report_1"",""credible_choice"":""report_1"",""share_choice"":""report_1"",""comment_choice"":""support_report_1"",""like_choice"":""report_1"",""reason"":""报道1和可见评论中更具体、更一致的恢复路径和常规应对线索，让我更倾向于相信当前情况是可应对的季节性波动。""}"
main,influenza_a,low_feedback,main_baseline_neutral,none,negative,positive,134,1,True,,negative,negative,negative,support_negative,negative,报道1中关于恢复慢、反复高热和交叉感染压力的具体描述更具体且连贯，与个别评论中提到的'恢复节奏不一样'和'反复不舒服'相呼应。,,1.0,1,1,1,4,"{""final_choice"":""report_1"",""credible_choice"":""report_1"",""share_choice"":""report_1"",""comment_choice"":""support_report_1"",""like_choice"":""report_1"",""reason"":""报道1中关于恢复慢、反复高热和交叉感染压力的具体描述更具体且连贯，与个别评论中提到的'恢复节奏不一样'和'反复不舒服'相呼应。""}"
main,influenza_a,low_feedback,main_baseline_neutral,none,positive,negative,135,1,True,,positive,positive,positive,support_positive,positive,报道1和评论中提到的常规治疗、学校应对措施和多数平稳恢复的具体性让我更倾向于这一边。,,0.0,0,0,0,0,"{""final_choice"":""report_1"",""credible_choice"":""report_1"",""share_choice"":""report_1"",""comment_choice"":""support_report_1"",""like_choice"":""report_1"",""reason"":""报道1和评论中提到的常规治疗、学校应对措施和多数平稳恢复的具体性让我更倾向于这一边。""}"
main,influenza_a,low_feedback,main_baseline_neutral,none,negative,positive,136,1,True,,negative,negative,negative,support_negative,negative,报道1中提到的恢复时间拖长和'刚好转又反复'的具体经历，与评论4中个别恢复慢的情况相互印证，让我更倾向于相信传播情况可能比公开数据更严峻。,,1.0,1,1,1,4,"{""final_choice"":""report_1"",""credible_choice"":""report_1"",""share_choice"":""report_1"",""comment_choice"":""support_report_1"",""like_choice"":""report_1"",""reason"":""报道1中提到的恢复时间拖长和'刚好转又反复'的具体经历，与评论4中个别恢复慢的情况相互印证，让我更倾向于相信传播情况可能比公开数据更严峻。""}"
main,influenza_a,low_feedback,main_baseline_neutral,none,positive,negative,137,1,True,,positive,positive,positive,support_positive,positive,报道1提到的大多数病例能通过常规治疗几天内缓解，加上评论中家长反馈恢复平稳，让我更倾向于当前情况是可应对的季节性波动。,,0.0,0,0,0,0,"{""final_choice"":""report_1"",""credible_choice"":""report_1"",""share_choice"":""report_1"",""comment_choice"":""support_report_1"",""like_choice"":""report_1"",""reason"":""报道1提到的大多数病例能通过常规治疗几天内缓解，加上评论中家长反馈恢复平稳，让我更倾向于当前情况是可应对的季节性波动。""}"
main,influenza_a,low_feedback,main_baseline_neutral,none,negative,positive,138,1,True,,negative,negative,negative,support_negative,negative,报道1中提到的'高热反复、恢复时间拖长'和'刚好转又反复'的具体经历与评论1和评论3中提到的'恢复慢或反复不舒服'和'退热后体力和咳嗽缓解节奏不一样'相互印证，形成更具体的风险线索。,,1.0,1,1,1,4,"{""final_choice"":""report_1"",""credible_choice"":""report_1"",""share_choice"":""report_1"",""comment_choice"":""support_report_1"",""like_choice"":""report_1"",""reason"":""报道1中提到的'高热反复、恢复时间拖长'和'刚好转又反复'的具体经历与评论1和评论3中提到的'恢复慢或反复不舒服'和'退热后体力和咳嗽缓解节奏不一样'相互印证，形成更具体的风险线索。""}"
main,influenza_a,low_feedback,main_baseline_neutral,none,positive,negative,139,1,True,,positive,positive,positive,support_positive,positive,报道1中关于大多数病例短期缓解和学校防控措施的具体描述更一致，评论也支持多数人按常规处理就能恢复。,,0.0,0,0,0,0,"{""final_choice"":""report_1"",""credible_choice"":""report_1"",""share_choice"":""report_1"",""comment_choice"":""support_report_1"",""like_choice"":""report_1"",""reason"":""报道1中关于大多数病例短期缓解和学校防控措施的具体描述更一致，评论也支持多数人按常规处理就能恢复。""}"
main,influenza_a,low_feedback,main_baseline_neutral,none,negative,positive,140,1,True,,positive,positive,positive,support_positive,positive,报道2和评论中提供的具体恢复路径和常规应对措施更具体，且与多数评论中提到的平稳恢复情况相互印证。,,0.0,0,0,0,0,"{""final_choice"":""report_2"",""credible_choice"":""report_2"",""share_choice"":""report_2"",""comment_choice"":""support_report_2"",""like_choice"":""report_2"",""reason"":""报道2和评论中提供的具体恢复路径和常规应对措施更具体，且与多数评论中提到的平稳恢复情况相互印证。""}"
main,influenza_a,low_feedback,main_baseline_neutral,none,positive,negative,141,1,True,,positive,positive,positive,support_positive,positive,报道1中更具体的恢复路径和常规应对措施，加上评论中关于平稳恢复的案例，让我更倾向于当前情况是可应对的季节性波动。,,0.0,0,0,0,0,"{""final_choice"":""report_1"",""credible_choice"":""report_1"",""share_choice"":""report_1"",""comment_choice"":""support_report_1"",""like_choice"":""report_1"",""reason"":""报道1中更具体的恢复路径和常规应对措施，加上评论中关于平稳恢复的案例，让我更倾向于当前情况是可应对的季节性波动。""}"
main,influenza_a,low_feedback,main_baseline_neutral,none,negative,positive,142,1,True,,positive,positive,positive,support_positive,positive,报道2和评论中提到的医院应对能力和常规治疗恢复路径更具体，且与当前可见评论相互印证。,,0.0,0,0,0,0,"{""final_choice"":""report_2"",""credible_choice"":""report_2"",""share_choice"":""report_2"",""comment_choice"":""support_report_2"",""like_choice"":""report_2"",""reason"":""报道2和评论中提到的医院应对能力和常规治疗恢复路径更具体，且与当前可见评论相互印证。""}"
main,influenza_a,low_feedback,main_baseline_neutral,none,positive,negative,143,1,True,,positive,positive,positive,support_positive,positive,报道1和评论中提到的恢复路径和学校应对措施更具体连贯，而报道2的担忧线索较为零散。,,0.0,0,0,0,0,"{""final_choice"":""report_1"",""credible_choice"":""report_1"",""share_choice"":""report_1"",""comment_choice"":""support_report_1"",""like_choice"":""report_1"",""reason"":""报道1和评论中提到的恢复路径和学校应对措施更具体连贯，而报道2的担忧线索较为零散。""}"
main,influenza_a,low_feedback,main_baseline_neutral,none,negative,positive,144,1,True,,negative,negative,negative,support_negative,negative,报道1中提到的'高热反复、恢复时间拖长'以及'刚好转又反复'的具体描述比报道2的常规缓解描述更引起我的关注。,,1.0,1,1,1,4,"{""final_choice"":""report_1"",""credible_choice"":""report_1"",""share_choice"":""report_1"",""comment_choice"":""support_report_1"",""like_choice"":""report_1"",""reason"":""报道1中提到的'高热反复、恢复时间拖长'以及'刚好转又反复'的具体描述比报道2的常规缓解描述更引起我的关注。""}"
main,influenza_a,low_feedback,main_baseline_neutral,none,positive,negative,145,1,True,,positive,positive,positive,support_positive,positive,报道1中关于学校和社区通过常规措施控制传播的具体描述，以及评论1和4提到的恢复平稳案例，让我更倾向于认为这是可应对的季节性波动。,,0.0,0,0,0,0,"{""final_choice"":""report_1"",""credible_choice"":""report_1"",""share_choice"":""report_1"",""comment_choice"":""support_report_1"",""like_choice"":""report_1"",""reason"":""报道1中关于学校和社区通过常规措施控制传播的具体描述，以及评论1和4提到的恢复平稳案例，让我更倾向于认为这是可应对的季节性波动。""}"
main,influenza_a,low_feedback,main_baseline_neutral,none,negative,positive,146,1,True,,negative,negative,negative,support_negative,negative,报道1中提到的'高热反复、恢复时间拖长'和'刚好转又反复'的具体经历，与评论2和评论3中提及的'恢复慢或反复不舒服'和'退热后体力和咳嗽缓解节奏不一样'相互印证，使我相信当前情况可能比报道2描述的更复杂。,,1.0,1,1,1,4,"{""final_choice"":""report_1"",""credible_choice"":""report_1"",""share_choice"":""report_1"",""comment_choice"":""support_report_1"",""like_choice"":""report_1"",""reason"":""报道1中提到的'高热反复、恢复时间拖长'和'刚好转又反复'的具体经历，与评论2和评论3中提及的'恢复慢或反复不舒服'和'退热后体力和咳嗽缓解节奏不一样'相互印证，使我相信当前情况可能比报道2描述的更复杂。""}"
main,influenza_a,low_feedback,main_baseline_neutral,none,positive,negative,147,1,True,,positive,positive,positive,support_positive,positive,报道1中提到的医院应对能力和学校防控措施具体且连贯，与评论1和评论4中的恢复平稳信息相互印证。,,0.0,0,0,0,0,"{""final_choice"":""report_1"",""credible_choice"":""report_1"",""share_choice"":""report_1"",""comment_choice"":""support_report_1"",""like_choice"":""report_1"",""reason"":""报道1中提到的医院应对能力和学校防控措施具体且连贯，与评论1和评论4中的恢复平稳信息相互印证。""}"
main,influenza_a,low_feedback,main_baseline_neutral,none,negative,positive,148,1,True,,negative,negative,negative,support_negative,negative,报道1中更具体描述了患者高热反复、恢复时间拖长和交叉感染压力，这些具体风险线索与评论4中提到的个别恢复慢或反复不舒服的情况相互印证。,,1.0,1,1,1,4,"{""final_choice"":""report_1"",""credible_choice"":""report_1"",""share_choice"":""report_1"",""comment_choice"":""support_report_1"",""like_choice"":""report_1"",""reason"":""报道1中更具体描述了患者高热反复、恢复时间拖长和交叉感染压力，这些具体风险线索与评论4中提到的个别恢复慢或反复不舒服的情况相互印证。""}"
main,influenza_a,low_feedback,main_baseline_neutral,none,positive,negative,149,1,True,,positive,positive,positive,support_positive,positive,报道1中关于症状缓解和传播控制的描述更具体连贯，评论也多支持这种常规应对和恢复模式。,,0.0,0,0,0,0,"{""final_choice"":""report_1"",""credible_choice"":""report_1"",""share_choice"":""report_1"",""comment_choice"":""support_report_1"",""like_choice"":""report_1"",""reason"":""报道1中关于症状缓解和传播控制的描述更具体连贯，评论也多支持这种常规应对和恢复模式。""}"
main,influenza_a,low_feedback,main_baseline_neutral,none,negative,positive,150,1,True,,negative,negative,negative,support_negative,negative,报道1中提到的恢复慢、交叉感染压力和'刚好转又反复'的具体经历，与评论2、3中提到的个别恢复慢、退热后缓解节奏不一致的观察相互印证，让我更倾向于相信传播情况可能比公开数据更严峻。,,1.0,1,1,1,4,"{""final_choice"":""report_1"",""credible_choice"":""report_1"",""share_choice"":""report_1"",""comment_choice"":""support_report_1"",""like_choice"":""report_1"",""reason"":""报道1中提到的恢复慢、交叉感染压力和'刚好转又反复'的具体经历，与评论2、3中提到的个别恢复慢、退热后缓解节奏不一致的观察相互印证，让我更倾向于相信传播情况可能比公开数据更严峻。""}"
main,influenza_a,low_feedback,main_baseline_neutral,none,positive,negative,151,1,True,,positive,positive,positive,support_positive,positive,报道1中更具体地描述了常规治疗后的恢复过程，而评论1和评论2也印证了大多数孩子按常规处理后恢复平稳，这些连续线索让我更倾向于相信当前情况是可应对的季节性波动。,,0.0,0,0,0,0,"{""final_choice"":""report_1"",""credible_choice"":""report_1"",""share_choice"":""report_1"",""comment_choice"":""support_report_1"",""like_choice"":""report_1"",""reason"":""报道1中更具体地描述了常规治疗后的恢复过程，而评论1和评论2也印证了大多数孩子按常规处理后恢复平稳，这些连续线索让我更倾向于相信当前情况是可应对的季节性波动。""}"
main,influenza_a,low_feedback,main_baseline_neutral,none,negative,positive,152,1,True,,negative,negative,negative,support_negative,negative,报道1中提到的高热反复、恢复时间拖长和交叉感染压力更具体，与评论2中个别恢复慢的情况相互印证，让我更关注实际就医压力。,,1.0,1,1,1,4,"{""final_choice"":""report_1"",""credible_choice"":""report_1"",""share_choice"":""report_1"",""comment_choice"":""support_report_1"",""like_choice"":""report_1"",""reason"":""报道1中提到的高热反复、恢复时间拖长和交叉感染压力更具体，与评论2中个别恢复慢的情况相互印证，让我更关注实际就医压力。""}"
main,influenza_a,low_feedback,main_baseline_neutral,none,positive,negative,153,1,True,,positive,positive,positive,support_positive,positive,报道1和评论中提到的大多数患者恢复较快、常规治疗有效，且学校和社区有明确的应对措施，这些具体线索让我更倾向于当前情况是可应对的季节性波动。,,0.0,0,0,0,0,"{""final_choice"":""report_1"",""credible_choice"":""report_1"",""share_choice"":""report_1"",""comment_choice"":""support_report_1"",""like_choice"":""report_1"",""reason"":""报道1和评论中提到的大多数患者恢复较快、常规治疗有效，且学校和社区有明确的应对措施，这些具体线索让我更倾向于当前情况是可应对的季节性波动。""}"
main,influenza_a,low_feedback,main_baseline_neutral,none,negative,positive,154,1,True,,negative,negative,negative,support_negative,negative,报道1中的'高热反复'、'恢复时间拖长'和'交叉感染压力'等具体风险线索与评论1、2中提到的'恢复慢'、'反复不舒服'相互印证，形成更具体的风险图景。,,1.0,1,1,1,4,"{""final_choice"":""report_1"",""credible_choice"":""report_1"",""share_choice"":""report_1"",""comment_choice"":""support_report_1"",""like_choice"":""report_1"",""reason"":""报道1中的'高热反复'、'恢复时间拖长'和'交叉感染压力'等具体风险线索与评论1、2中提到的'恢复慢'、'反复不舒服'相互印证，形成更具体的风险图景。""}"
main,influenza_a,low_feedback,main_baseline_neutral,none,positive,negative,155,1,True,,positive,positive,positive,support_positive,positive,报道1和评论中更具体的恢复路径和常规应对措施让我更倾向于当前情况是可应对的季节性波动。,,0.0,0,0,0,0,"{""final_choice"":""report_1"",""credible_choice"":""report_1"",""share_choice"":""report_1"",""comment_choice"":""support_report_1"",""like_choice"":""report_1"",""reason"":""报道1和评论中更具体的恢复路径和常规应对措施让我更倾向于当前情况是可应对的季节性波动。""}"
main,influenza_a,low_feedback,main_baseline_neutral,none,negative,positive,156,1,True,,negative,negative,negative,support_negative,negative,报道1中更具体的恢复慢、反复高热和交叉感染压力的个案描述，加上评论1和2中对恢复节奏不一致的观察，让我更倾向于相信这一边。,,1.0,1,1,1,4,"{""final_choice"":""report_1"",""credible_choice"":""report_1"",""share_choice"":""report_1"",""comment_choice"":""support_report_1"",""like_choice"":""report_1"",""reason"":""报道1中更具体的恢复慢、反复高热和交叉感染压力的个案描述，加上评论1和2中对恢复节奏不一致的观察，让我更倾向于相信这一边。""}"
main,influenza_a,low_feedback,main_baseline_neutral,none,positive,negative,157,1,True,,positive,positive,positive,support_positive,positive,报道1中一线医生和学校的具体应对措施，以及评论1中提到的家长平稳恢复经历，让我更倾向于当前情况是可控的季节性波动。,,0.0,0,0,0,0,"{""final_choice"":""report_1"",""credible_choice"":""report_1"",""share_choice"":""report_1"",""comment_choice"":""support_report_1"",""like_choice"":""report_1"",""reason"":""报道1中一线医生和学校的具体应对措施，以及评论1中提到的家长平稳恢复经历，让我更倾向于当前情况是可控的季节性波动。""}"
main,influenza_a,low_feedback,main_baseline_neutral,none,negative,positive,158,1,True,,positive,positive,positive,support_positive,positive,报道2中关于症状短暂、常规治疗有效和学校防控措施的描述更具体连贯，评论也支持多数人恢复良好。,,0.0,0,0,0,0,"{""final_choice"":""report_2"",""credible_choice"":""report_2"",""share_choice"":""report_2"",""comment_choice"":""support_report_2"",""like_choice"":""report_2"",""reason"":""报道2中关于症状短暂、常规治疗有效和学校防控措施的描述更具体连贯，评论也支持多数人恢复良好。""}"
main,influenza_a,low_feedback,main_baseline_neutral,none,positive,negative,159,1,True,,positive,positive,positive,support_positive,positive,报道1中关于门诊压力、恢复节奏和学校应对的具体描述更连贯一致，评论也印证了多数人按常规处理后的平稳恢复。,,0.0,0,0,0,0,"{""final_choice"":""report_1"",""credible_choice"":""report_1"",""share_choice"":""report_1"",""comment_choice"":""support_report_1"",""like_choice"":""report_1"",""reason"":""报道1中关于门诊压力、恢复节奏和学校应对的具体描述更连贯一致，评论也印证了多数人按常规处理后的平稳恢复。""}"
main,influenza_a,low_feedback,main_baseline_neutral,none,negative,positive,160,1,True,,negative,negative,negative,support_negative,negative,报道1中提到的恢复慢、反复高热和交叉感染压力等具体线索，与评论2和评论4中提到的个别恢复慢、咳嗽缓解节奏不一致等观察相互印证，让我更倾向于相信当前情况可能比表面数据更严峻。,,1.0,1,1,1,4,"{""final_choice"":""report_1"",""credible_choice"":""report_1"",""share_choice"":""report_1"",""comment_choice"":""support_report_1"",""like_choice"":""report_1"",""reason"":""报道1中提到的恢复慢、反复高热和交叉感染压力等具体线索，与评论2和评论4中提到的个别恢复慢、咳嗽缓解节奏不一致等观察相互印证，让我更倾向于相信当前情况可能比表面数据更严峻。""}"
main,influenza_a,low_feedback,main_baseline_neutral,none,positive,negative,161,1,True,,positive,positive,positive,support_positive,positive,报道1中关于大多数病例短期缓解的具体描述与评论2、3中提到的平稳恢复情况更一致。,,0.0,0,0,0,0,"{""final_choice"":""report_1"",""credible_choice"":""report_1"",""share_choice"":""report_1"",""comment_choice"":""support_report_1"",""like_choice"":""report_1"",""reason"":""报道1中关于大多数病例短期缓解的具体描述与评论2、3中提到的平稳恢复情况更一致。""}"
main,influenza_a,low_feedback,main_baseline_neutral,none,negative,positive,162,1,True,,positive,positive,positive,support_positive,positive,报道2中医生和学校一线人员的具体应对措施与恢复路径，加上评论里多数家长反映的常规治疗有效，让我觉得当前情况更像季节性波动中的可应对上升。,,0.0,0,0,0,0,"{""final_choice"":""report_2"",""credible_choice"":""report_2"",""share_choice"":""report_2"",""comment_choice"":""support_report_2"",""like_choice"":""report_2"",""reason"":""报道2中医生和学校一线人员的具体应对措施与恢复路径，加上评论里多数家长反映的常规治疗有效，让我觉得当前情况更像季节性波动中的可应对上升。""}"
main,influenza_a,low_feedback,main_baseline_neutral,none,positive,negative,163,1,True,,positive,positive,positive,support_positive,positive,报道1中的恢复路径和学校应对措施更具体，评论1和评论4也提供了实际应对案例，形成更连贯的线索。,,0.0,0,0,0,0,"{""final_choice"":""report_1"",""credible_choice"":""report_1"",""share_choice"":""report_1"",""comment_choice"":""support_report_1"",""like_choice"":""report_1"",""reason"":""报道1中的恢复路径和学校应对措施更具体，评论1和评论4也提供了实际应对案例，形成更连贯的线索。""}"
main,influenza_a,low_feedback,main_baseline_neutral,none,negative,positive,164,1,True,,negative,negative,negative,support_negative,negative,报道1中关于恢复慢、反复发热和交叉感染压力的具体描述更连续，评论1也提到个别恢复慢的情况值得留意。,,1.0,1,1,1,4,"{""final_choice"":""report_1"",""credible_choice"":""report_1"",""share_choice"":""report_1"",""comment_choice"":""support_report_1"",""like_choice"":""report_1"",""reason"":""报道1中关于恢复慢、反复发热和交叉感染压力的具体描述更连续，评论1也提到个别恢复慢的情况值得留意。""}"
main,influenza_a,low_feedback,main_baseline_neutral,none,positive,negative,165,1,True,,positive,positive,positive,support_positive,positive,报道1中提到的医生、家长和学校的具体应对措施与恢复节奏，加上评论中多数支持常规处理的观察，让我更倾向于当前是可应对的季节性波动。,,0.0,0,0,0,0,"{""final_choice"":""report_1"",""credible_choice"":""report_1"",""share_choice"":""report_1"",""comment_choice"":""support_report_1"",""like_choice"":""report_1"",""reason"":""报道1中提到的医生、家长和学校的具体应对措施与恢复节奏，加上评论中多数支持常规处理的观察，让我更倾向于当前是可应对的季节性波动。""}"
main,influenza_a,low_feedback,main_baseline_neutral,none,negative,positive,166,1,True,,negative,negative,negative,support_negative,negative,报道1中关于高热反复、恢复时间拖长的具体案例与评论1中提到的个别恢复慢情况形成呼应，让我更关注这一边。,,1.0,1,1,1,4,"{""final_choice"":""report_1"",""credible_choice"":""report_1"",""share_choice"":""report_1"",""comment_choice"":""support_report_1"",""like_choice"":""report_1"",""reason"":""报道1中关于高热反复、恢复时间拖长的具体案例与评论1中提到的个别恢复慢情况形成呼应，让我更关注这一边。""}"
main,influenza_a,low_feedback,main_baseline_neutral,none,positive,negative,167,1,True,,positive,positive,positive,support_positive,positive,报道1和评论中提到的常规治疗、学校应对和多数恢复情况更为具体连贯，让我更倾向于当前情况是可控的季节性波动。,,0.0,0,0,0,0,"{""final_choice"":""report_1"",""credible_choice"":""report_1"",""share_choice"":""report_1"",""comment_choice"":""support_report_1"",""like_choice"":""report_1"",""reason"":""报道1和评论中提到的常规治疗、学校应对和多数恢复情况更为具体连贯，让我更倾向于当前情况是可控的季节性波动。""}"
main,influenza_a,low_feedback,main_baseline_neutral,none,negative,positive,168,1,True,,negative,negative,negative,support_negative,negative,报道1中关于高热反复、恢复时间拖长和交叉感染压力的具体线索与评论4中个别恢复慢的情况相互印证，让我更关注这些风险提示。,,1.0,1,1,1,4,"{""final_choice"":""report_1"",""credible_choice"":""report_1"",""share_choice"":""report_1"",""comment_choice"":""support_report_1"",""like_choice"":""report_1"",""reason"":""报道1中关于高热反复、恢复时间拖长和交叉感染压力的具体线索与评论4中个别恢复慢的情况相互印证，让我更关注这些风险提示。""}"
main,influenza_a,low_feedback,main_baseline_neutral,none,positive,negative,169,1,True,,positive,positive,positive,support_positive,positive,报道1中关于常规治疗和学校应对的具体描述，与评论中多数家长恢复平稳的情况更一致。,,0.0,0,0,0,0,"{""final_choice"":""report_1"",""credible_choice"":""report_1"",""share_choice"":""report_1"",""comment_choice"":""support_report_1"",""like_choice"":""report_1"",""reason"":""报道1中关于常规治疗和学校应对的具体描述，与评论中多数家长恢复平稳的情况更一致。""}"
main,influenza_a,low_feedback,main_baseline_neutral,none,negative,positive,170,1,True,,negative,negative,negative,support_negative,negative,报道1中更具体、更连贯的恢复慢、反复高热和家庭交叉感染线索，加上评论1和4中关于恢复节奏差异的观察，让我更倾向于相信传播情况可能比公开数据更严峻。,,1.0,1,1,1,4,"{""final_choice"":""report_1"",""credible_choice"":""report_1"",""share_choice"":""report_1"",""comment_choice"":""support_report_1"",""like_choice"":""report_1"",""reason"":""报道1中更具体、更连贯的恢复慢、反复高热和家庭交叉感染线索，加上评论1和4中关于恢复节奏差异的观察，让我更倾向于相信传播情况可能比公开数据更严峻。""}"
main,influenza_a,low_feedback,main_baseline_neutral,none,positive,negative,171,1,True,,positive,positive,positive,support_positive,positive,报道1中提到的恢复较快、常规治疗有效与评论中多数家长反映恢复平稳的线索更一致，而报道2的担忧与评论中的个别情况占比不高。,,0.0,0,0,0,0,"{""final_choice"":""report_1"",""credible_choice"":""report_1"",""share_choice"":""report_1"",""comment_choice"":""support_report_1"",""like_choice"":""report_1"",""reason"":""报道1中提到的恢复较快、常规治疗有效与评论中多数家长反映恢复平稳的线索更一致，而报道2的担忧与评论中的个别情况占比不高。""}"
main,influenza_a,low_feedback,main_baseline_neutral,none,negative,positive,172,1,True,,negative,negative,negative,support_negative,negative,报道1中提到的'高热反复、恢复时间拖长'和'班级交叉感染压力'与评论4中'个别恢复慢或反复不舒服'的线索相互印证，形成更具体的风险图景。,,1.0,1,1,1,4,"{""final_choice"":""report_1"",""credible_choice"":""report_1"",""share_choice"":""report_1"",""comment_choice"":""support_report_1"",""like_choice"":""report_1"",""reason"":""报道1中提到的'高热反复、恢复时间拖长'和'班级交叉感染压力'与评论4中'个别恢复慢或反复不舒服'的线索相互印证，形成更具体的风险图景。""}"
main,influenza_a,low_feedback,main_baseline_neutral,none,positive,negative,173,1,True,,positive,positive,positive,support_positive,positive,报道1里提到的常规治疗和学校防控措施更具体，与评论中多数恢复平稳的情况相互印证，让我更倾向于当前是可应对的季节性波动。,,0.0,0,0,0,0,"{""final_choice"":""report_1"",""credible_choice"":""report_1"",""share_choice"":""report_1"",""comment_choice"":""support_report_1"",""like_choice"":""report_1"",""reason"":""报道1里提到的常规治疗和学校防控措施更具体，与评论中多数恢复平稳的情况相互印证，让我更倾向于当前是可应对的季节性波动。""}"
main,influenza_a,low_feedback,main_baseline_neutral,none,negative,positive,174,1,True,,negative,negative,negative,support_negative,negative,报道1中提到的'高热反复、恢复时间拖长'和'刚好转又反复'的具体描述与评论4中个别恢复慢的情况相互印证，让我更倾向于相信当前情况可能比表面数据更为严峻。,,1.0,1,1,1,4,"{""final_choice"":""report_1"",""credible_choice"":""report_1"",""share_choice"":""report_1"",""comment_choice"":""support_report_1"",""like_choice"":""report_1"",""reason"":""报道1中提到的'高热反复、恢复时间拖长'和'刚好转又反复'的具体描述与评论4中个别恢复慢的情况相互印证，让我更倾向于相信当前情况可能比表面数据更为严峻。""}"
main,influenza_a,low_feedback,main_baseline_neutral,none,positive,negative,175,1,True,,positive,positive,positive,support_positive,positive,报道1中的具体恢复路径和学校应对措施与评论1、3的观察更一致，形成更连贯的正面线索。,,0.0,0,0,0,0,"{""final_choice"":""report_1"",""credible_choice"":""report_1"",""share_choice"":""report_1"",""comment_choice"":""support_report_1"",""like_choice"":""report_1"",""reason"":""报道1中的具体恢复路径和学校应对措施与评论1、3的观察更一致，形成更连贯的正面线索。""}"
main,influenza_a,low_feedback,main_baseline_neutral,none,negative,positive,176,1,True,,negative,negative,negative,support_negative,negative,报道1中提到的'高热反复、恢复时间拖长'和'刚好转又反复'的具体经历，与评论4中'个别恢复慢或反复不舒服'的观察相互印证，让我更关注这种恢复延长的可能性。,,1.0,1,1,1,4,"{""final_choice"":""report_1"",""credible_choice"":""report_1"",""share_choice"":""report_1"",""comment_choice"":""support_report_1"",""like_choice"":""report_1"",""reason"":""报道1中提到的'高热反复、恢复时间拖长'和'刚好转又反复'的具体经历，与评论4中'个别恢复慢或反复不舒服'的观察相互印证，让我更关注这种恢复延长的可能性。""}"
main,influenza_a,low_feedback,main_baseline_neutral,none,positive,negative,177,1,True,,positive,positive,positive,support_positive,positive,"报道1中提到一线医生、家长和学校的具体应对经验，以及""班级传播链能被压住""的观察，与评论中多数人按常规处理、恢复平稳的情况更一致。",,0.0,0,0,0,0,"{""final_choice"": ""report_1"", ""credible_choice"": ""report_1"", ""share_choice"": ""report_1"", ""comment_choice"": ""support_report_1"", ""like_choice"": ""report_1"", ""reason"": ""报道1中提到一线医生、家长和学校的具体应对经验，以及\""班级传播链能被压住\""的观察，与评论中多数人按常规处理、恢复平稳的情况更一致。""}"
main,influenza_a,low_feedback,main_baseline_neutral,none,negative,positive,178,1,True,,negative,negative,negative,support_negative,negative,报道1中关于高热反复、恢复时间拖长和家庭班级交叉感染的具体描述，以及评论1提到恢复慢或反复不舒服的情况，让我更倾向于这一边。,,1.0,1,1,1,4,"{""final_choice"":""report_1"",""credible_choice"":""report_1"",""share_choice"":""report_1"",""comment_choice"":""support_report_1"",""like_choice"":""report_1"",""reason"":""报道1中关于高热反复、恢复时间拖长和家庭班级交叉感染的具体描述，以及评论1提到恢复慢或反复不舒服的情况，让我更倾向于这一边。""}"
main,influenza_a,low_feedback,main_baseline_neutral,none,positive,negative,179,1,True,,positive,positive,positive,support_positive,positive,报道1中提到的症状普遍可控、学校措施有效和恢复路径明确，加上评论中多数支持常规处理和观察恢复节奏，让我更倾向于当前情况是可应对的季节性波动。,,0.0,0,0,0,0,"{""final_choice"":""report_1"",""credible_choice"":""report_1"",""share_choice"":""report_1"",""comment_choice"":""support_report_1"",""like_choice"":""report_1"",""reason"":""报道1中提到的症状普遍可控、学校措施有效和恢复路径明确，加上评论中多数支持常规处理和观察恢复节奏，让我更倾向于当前情况是可应对的季节性波动。""}"
main,influenza_a,low_feedback,main_baseline_neutral,none,negative,positive,180,1,True,,negative,negative,negative,support_negative,negative,报道1中提到的高热反复、恢复拖长和家庭交叉感染的具体经历，与评论1、3中提到的恢复慢和需要多观察的情况相互印证，这些具体风险线索让我更倾向于这一边。,,1.0,1,1,1,4,"{""final_choice"":""report_1"",""credible_choice"":""report_1"",""share_choice"":""report_1"",""comment_choice"":""support_report_1"",""like_choice"":""report_1"",""reason"":""报道1中提到的高热反复、恢复拖长和家庭交叉感染的具体经历，与评论1、3中提到的恢复慢和需要多观察的情况相互印证，这些具体风险线索让我更倾向于这一边。""}"
main,influenza_a,low_feedback,main_baseline_neutral,none,positive,negative,181,1,True,,positive,positive,positive,support_positive,positive,报道1和评论中关于常规治疗后几天内缓解的描述更具体连贯，而报道2中的零散个案缺乏系统性支持。,,0.0,0,0,0,0,"{""final_choice"":""report_1"",""credible_choice"":""report_1"",""share_choice"":""report_1"",""comment_choice"":""support_report_1"",""like_choice"":""report_1"",""reason"":""报道1和评论中关于常规治疗后几天内缓解的描述更具体连贯，而报道2中的零散个案缺乏系统性支持。""}"
main,influenza_a,low_feedback,main_baseline_neutral,none,negative,positive,182,1,True,,negative,negative,negative,support_negative,negative,报道1中关于患者高热反复、恢复时间拖长和家庭交叉感染的具体描述与评论4中个别恢复慢的情况相互印证，让我更关注现实就医压力。,,1.0,1,1,1,4,"{""final_choice"":""report_1"",""credible_choice"":""report_1"",""share_choice"":""report_1"",""comment_choice"":""support_report_1"",""like_choice"":""report_1"",""reason"":""报道1中关于患者高热反复、恢复时间拖长和家庭交叉感染的具体描述与评论4中个别恢复慢的情况相互印证，让我更关注现实就医压力。""}"
main,influenza_a,low_feedback,main_baseline_neutral,none,positive,negative,183,1,True,,positive,positive,positive,support_positive,positive,报道1和评论中更具体的恢复路径和常规应对措施让我更倾向于相信当前情况是可应对的季节性波动。,,0.0,0,0,0,0,"{""final_choice"":""report_1"",""credible_choice"":""report_1"",""share_choice"":""report_1"",""comment_choice"":""support_report_1"",""like_choice"":""report_1"",""reason"":""报道1和评论中更具体的恢复路径和常规应对措施让我更倾向于相信当前情况是可应对的季节性波动。""}"
main,influenza_a,low_feedback,main_baseline_neutral,none,negative,positive,184,1,True,,negative,negative,negative,support_negative,negative,报道1中反复出现的'恢复慢'和'症状反复'等具体风险线索比报道2中的常规缓解描述更具体、更连续。,,1.0,1,1,1,4,"{""final_choice"":""report_1"",""credible_choice"":""report_1"",""share_choice"":""report_1"",""comment_choice"":""support_report_1"",""like_choice"":""report_1"",""reason"":""报道1中反复出现的'恢复慢'和'症状反复'等具体风险线索比报道2中的常规缓解描述更具体、更连续。""}"
main,influenza_a,low_feedback,main_baseline_neutral,none,positive,negative,185,1,True,,positive,positive,positive,support_positive,positive,报道1中提到的具体应对措施和恢复路径，加上评论中提到的多数平稳恢复情况，让我更倾向于相信当前情况是可控的季节性波动。,,0.0,0,0,0,0,"{""final_choice"":""report_1"",""credible_choice"":""report_1"",""share_choice"":""report_1"",""comment_choice"":""support_report_1"",""like_choice"":""report_1"",""reason"":""报道1中提到的具体应对措施和恢复路径，加上评论中提到的多数平稳恢复情况，让我更倾向于相信当前情况是可控的季节性波动。""}"
main,influenza_a,low_feedback,main_baseline_neutral,none,negative,positive,186,1,True,,negative,negative,negative,support_negative,negative,报道1中提到的'高热反复'、'恢复时间拖长'和'交叉感染压力'等更具体的症状和传播风险线索，与评论1和评论3中关于个别恢复慢或反复不舒服的情况相互印证，让我更倾向于相信这一边。,,1.0,1,1,1,4,"{""final_choice"":""report_1"",""credible_choice"":""report_1"",""share_choice"":""report_1"",""comment_choice"":""support_report_1"",""like_choice"":""report_1"",""reason"":""报道1中提到的'高热反复'、'恢复时间拖长'和'交叉感染压力'等更具体的症状和传播风险线索，与评论1和评论3中关于个别恢复慢或反复不舒服的情况相互印证，让我更倾向于相信这一边。""}"
main,influenza_a,low_feedback,main_baseline_neutral,none,positive,negative,187,1,True,,positive,positive,positive,support_positive,positive,报道1提到的医院应对能力和恢复路径更具体，与评论中多数家长反馈的常规治疗和学校应对措施相符。,,0.0,0,0,0,0,"{""final_choice"":""report_1"",""credible_choice"":""report_1"",""share_choice"":""report_1"",""comment_choice"":""support_report_1"",""like_choice"":""report_1"",""reason"":""报道1提到的医院应对能力和恢复路径更具体，与评论中多数家长反馈的常规治疗和学校应对措施相符。""}"
main,influenza_a,low_feedback,main_baseline_neutral,none,negative,positive,188,1,True,,negative,negative,negative,support_negative,negative,报道1中提到的反复高热、恢复时间拖长以及班级交叉感染压力更具体，与评论1和2中提到的恢复节奏不一、需要多观察的情况相互印证。,,1.0,1,1,1,4,"{""final_choice"":""report_1"",""credible_choice"":""report_1"",""share_choice"":""report_1"",""comment_choice"":""support_report_1"",""like_choice"":""report_1"",""reason"":""报道1中提到的反复高热、恢复时间拖长以及班级交叉感染压力更具体，与评论1和2中提到的恢复节奏不一、需要多观察的情况相互印证。""}"
main,influenza_a,low_feedback,main_baseline_neutral,none,positive,negative,189,1,True,,positive,positive,positive,support_positive,positive,报道1中的具体治疗和恢复路径更明确，且与评论中提到的平稳恢复情况相互印证。,,0.0,0,0,0,0,"{""final_choice"":""report_1"",""credible_choice"":""report_1"",""share_choice"":""report_1"",""comment_choice"":""support_report_1"",""like_choice"":""report_1"",""reason"":""报道1中的具体治疗和恢复路径更明确，且与评论中提到的平稳恢复情况相互印证。""}"
main,influenza_a,low_feedback,main_baseline_neutral,none,negative,positive,190,1,True,,negative,negative,negative,support_negative,negative,报道1中反复出现的高热反复、恢复时间拖长和家庭交叉感染的具体线索，与评论3中提到的个别恢复慢或反复不舒服的情况相互印证，让我更关注可能存在的风险。,,1.0,1,1,1,4,"{""final_choice"":""report_1"",""credible_choice"":""report_1"",""share_choice"":""report_1"",""comment_choice"":""support_report_1"",""like_choice"":""report_1"",""reason"":""报道1中反复出现的高热反复、恢复时间拖长和家庭交叉感染的具体线索，与评论3中提到的个别恢复慢或反复不舒服的情况相互印证，让我更关注可能存在的风险。""}"
main,influenza_a,low_feedback,main_baseline_neutral,none,positive,negative,191,1,True,,positive,positive,positive,support_positive,positive,报道1和评论中更具体描述了可应对的恢复路径和常规处理措施，让我认为当前波动更接近季节性变化。,,0.0,0,0,0,0,"{""final_choice"":""report_1"",""credible_choice"":""report_1"",""share_choice"":""report_1"",""comment_choice"":""support_report_1"",""like_choice"":""report_1"",""reason"":""报道1和评论中更具体描述了可应对的恢复路径和常规处理措施，让我认为当前波动更接近季节性变化。""}"
main,influenza_a,low_feedback,main_baseline_neutral,none,negative,positive,192,1,True,,negative,negative,negative,support_negative,negative,报道1中反复出现的'高热反复、恢复时间拖长'和'刚好转又反复'的具体经历，与评论4中提到的'个别恢复慢或反复不舒服'相互印证，让我更倾向于当前传播情况可能比公开数据更严峻。,,1.0,1,1,1,4,"{""final_choice"":""report_1"",""credible_choice"":""report_1"",""share_choice"":""report_1"",""comment_choice"":""support_report_1"",""like_choice"":""report_1"",""reason"":""报道1中反复出现的'高热反复、恢复时间拖长'和'刚好转又反复'的具体经历，与评论4中提到的'个别恢复慢或反复不舒服'相互印证，让我更倾向于当前传播情况可能比公开数据更严峻。""}"
main,influenza_a,low_feedback,main_baseline_neutral,none,positive,negative,193,1,True,,positive,positive,positive,support_positive,positive,报道1中的具体应对措施和恢复过程描述更连贯，评论也印证了常规治疗的有效性。,,0.0,0,0,0,0,"{""final_choice"":""report_1"",""credible_choice"":""report_1"",""share_choice"":""report_1"",""comment_choice"":""support_report_1"",""like_choice"":""report_1"",""reason"":""报道1中的具体应对措施和恢复过程描述更连贯，评论也印证了常规治疗的有效性。""}"
main,influenza_a,low_feedback,main_baseline_neutral,none,negative,positive,194,1,True,,negative,negative,negative,support_negative,negative,报道1中提到的'高热反复、恢复时间拖长'和'刚好转又反复'等具体风险线索比报道2中的'短期发热、几天内缓解'更具体且与评论1、4中提到的恢复慢、需要多观察的情况相互印证。,,1.0,1,1,1,4,"{""final_choice"":""report_1"",""credible_choice"":""report_1"",""share_choice"":""report_1"",""comment_choice"":""support_report_1"",""like_choice"":""report_1"",""reason"":""报道1中提到的'高热反复、恢复时间拖长'和'刚好转又反复'等具体风险线索比报道2中的'短期发热、几天内缓解'更具体且与评论1、4中提到的恢复慢、需要多观察的情况相互印证。""}"
main,influenza_a,low_feedback,main_baseline_neutral,none,positive,negative,195,1,True,,positive,positive,positive,support_positive,positive,报道1和可见评论中更具体、连贯的应对和恢复路径，让我此刻更倾向于相信当前情况是可应对的季节性波动。,,0.0,0,0,0,0,"{""final_choice"":""report_1"",""credible_choice"":""report_1"",""share_choice"":""report_1"",""comment_choice"":""support_report_1"",""like_choice"":""report_1"",""reason"":""报道1和可见评论中更具体、连贯的应对和恢复路径，让我此刻更倾向于相信当前情况是可应对的季节性波动。""}"
main,influenza_a,low_feedback,main_baseline_neutral,none,negative,positive,196,1,True,,positive,positive,positive,support_positive,positive,报道2和评论中更具体的恢复路径和常规处理描述让我更倾向于认为当前情况是可应对的季节性波动。,,0.0,0,0,0,0,"{""final_choice"":""report_2"",""credible_choice"":""report_2"",""share_choice"":""report_2"",""comment_choice"":""support_report_2"",""like_choice"":""report_2"",""reason"":""报道2和评论中更具体的恢复路径和常规处理描述让我更倾向于认为当前情况是可应对的季节性波动。""}"
main,influenza_a,low_feedback,main_baseline_neutral,none,positive,negative,197,1,True,,positive,positive,positive,support_positive,positive,报道1提到大多数病例能通过常规治疗几天内缓解，评论2也印证了恢复平稳的情况，这些具体线索比报道2中的零散个案更让我信服。,,0.0,0,0,0,0,"{""final_choice"":""report_1"",""credible_choice"":""report_1"",""share_choice"":""report_1"",""comment_choice"":""support_report_1"",""like_choice"":""report_1"",""reason"":""报道1提到大多数病例能通过常规治疗几天内缓解，评论2也印证了恢复平稳的情况，这些具体线索比报道2中的零散个案更让我信服。""}"
main,influenza_a,low_feedback,main_baseline_neutral,none,negative,positive,198,1,True,,negative,negative,negative,support_negative,negative,报道1中关于恢复慢、反复高热和班级交叉感染压力的具体描述与评论4中提到的'个别恢复慢或反复不舒服的情况'相互印证，让我更倾向于相信当前传播情况可能比公开数据更严峻。,,1.0,1,1,1,4,"{""final_choice"":""report_1"",""credible_choice"":""report_1"",""share_choice"":""report_1"",""comment_choice"":""support_report_1"",""like_choice"":""report_1"",""reason"":""报道1中关于恢复慢、反复高热和班级交叉感染压力的具体描述与评论4中提到的'个别恢复慢或反复不舒服的情况'相互印证，让我更倾向于相信当前传播情况可能比公开数据更严峻。""}"
main,influenza_a,low_feedback,main_baseline_neutral,none,positive,negative,199,1,True,,positive,positive,positive,support_positive,positive,报道1中的具体恢复路径和学校应对措施更连贯，评论也提到多数孩子按常规处理，整体风险线索更具体但程度可控。,,0.0,0,0,0,0,"{""final_choice"":""report_1"",""credible_choice"":""report_1"",""share_choice"":""report_1"",""comment_choice"":""support_report_1"",""like_choice"":""report_1"",""reason"":""报道1中的具体恢复路径和学校应对措施更连贯，评论也提到多数孩子按常规处理，整体风险线索更具体但程度可控。""}"
main,influenza_a,low_feedback,main_baseline_neutral,none,negative,positive,200,1,True,,negative,negative,negative,support_negative,negative,报道1中具体描述的'高热反复'、'恢复时间拖长'和'交叉感染压力'等风险线索，与评论2中提到的'恢复慢或反复不舒服'相互印证，让我更倾向于相信当前情况可能比公开数据更严峻。,,1.0,1,1,1,4,"{""final_choice"":""report_1"",""credible_choice"":""report_1"",""share_choice"":""report_1"",""comment_choice"":""support_report_1"",""like_choice"":""report_1"",""reason"":""报道1中具体描述的'高热反复'、'恢复时间拖长'和'交叉感染压力'等风险线索，与评论2中提到的'恢复慢或反复不舒服'相互印证，让我更倾向于相信当前情况可能比公开数据更严峻。""}"
main,influenza_a,low_feedback,main_baseline_neutral,none,positive,negative,201,1,True,,positive,positive,positive,support_positive,positive,报道1和评论中更具体、更一致的恢复路径和学校应对措施让我更倾向于当前是可应对的季节性波动。,,0.0,0,0,0,0,"{""final_choice"":""report_1"",""credible_choice"":""report_1"",""share_choice"":""report_1"",""comment_choice"":""support_report_1"",""like_choice"":""report_1"",""reason"":""报道1和评论中更具体、更一致的恢复路径和学校应对措施让我更倾向于当前是可应对的季节性波动。""}"
main,influenza_a,low_feedback,main_baseline_neutral,none,negative,positive,202,1,True,,negative,negative,negative,support_negative,negative,报道1里提到的'高热反复'和'恢复时间拖长'与评论中'个别恢复慢或反复不舒服'的线索相互印证，这些具体风险线索比报道2的常规描述更让我担忧。,,1.0,1,1,1,4,"{""final_choice"":""report_1"",""credible_choice"":""report_1"",""share_choice"":""report_1"",""comment_choice"":""support_report_1"",""like_choice"":""report_1"",""reason"":""报道1里提到的'高热反复'和'恢复时间拖长'与评论中'个别恢复慢或反复不舒服'的线索相互印证，这些具体风险线索比报道2的常规描述更让我担忧。""}"
main,influenza_a,low_feedback,main_baseline_neutral,none,positive,negative,203,1,True,,positive,positive,positive,support_positive,positive,报道1中关于症状缓解、学校应对措施和恢复路径的具体线索更连贯，且与评论中提到的平稳恢复和学校处理措施相互印证。,,0.0,0,0,0,0,"{""final_choice"":""report_1"",""credible_choice"":""report_1"",""share_choice"":""report_1"",""comment_choice"":""support_report_1"",""like_choice"":""report_1"",""reason"":""报道1中关于症状缓解、学校应对措施和恢复路径的具体线索更连贯，且与评论中提到的平稳恢复和学校处理措施相互印证。""}"
main,influenza_a,low_feedback,main_baseline_neutral,none,negative,positive,204,1,True,,negative,negative,negative,support_negative,negative,报道1中反复出现的恢复慢、交叉感染压力和症状反复线索更具体连贯，评论2也呼应了这一点。,,1.0,1,1,1,4,"{""final_choice"":""report_1"",""credible_choice"":""report_1"",""share_choice"":""report_1"",""comment_choice"":""support_report_1"",""like_choice"":""report_1"",""reason"":""报道1中反复出现的恢复慢、交叉感染压力和症状反复线索更具体连贯，评论2也呼应了这一点。""}"
main,influenza_a,low_feedback,main_baseline_neutral,none,positive,negative,205,1,True,,positive,positive,positive,support_positive,positive,报道1中一线医生、家长和学校老师的具体经验，以及评论4中按医嘱平稳恢复的案例，让我觉得当前情况更像是可应对的季节性波动。,,0.0,0,0,0,0,"{""final_choice"":""report_1"",""credible_choice"":""report_1"",""share_choice"":""report_1"",""comment_choice"":""support_report_1"",""like_choice"":""report_1"",""reason"":""报道1中一线医生、家长和学校老师的具体经验，以及评论4中按医嘱平稳恢复的案例，让我觉得当前情况更像是可应对的季节性波动。""}"
main,influenza_a,low_feedback,main_baseline_neutral,none,negative,positive,206,1,True,,negative,negative,negative,support_negative,negative,报道1中提到的恢复拖长和反复症状与评论3中个别恢复慢的情况相互印证，这些具体风险线索让我更关注这一边。,,1.0,1,1,1,4,"{""final_choice"":""report_1"",""credible_choice"":""report_1"",""share_choice"":""report_1"",""comment_choice"":""support_report_1"",""like_choice"":""report_1"",""reason"":""报道1中提到的恢复拖长和反复症状与评论3中个别恢复慢的情况相互印证，这些具体风险线索让我更关注这一边。""}"
main,influenza_a,low_feedback,main_baseline_neutral,none,positive,negative,207,1,True,,positive,positive,positive,support_positive,positive,报道1中关于门诊应对能力和学校防控措施的具体描述，加上评论中多数家长反映恢复平稳，让我更倾向于当前情况是可控的季节性波动。,,0.0,0,0,0,0,"{""final_choice"":""report_1"",""credible_choice"":""report_1"",""share_choice"":""report_1"",""comment_choice"":""support_report_1"",""like_choice"":""report_1"",""reason"":""报道1中关于门诊应对能力和学校防控措施的具体描述，加上评论中多数家长反映恢复平稳，让我更倾向于当前情况是可控的季节性波动。""}"
main,influenza_a,low_feedback,main_baseline_neutral,none,negative,positive,208,1,True,,positive,positive,positive,support_positive,positive,报道2和评论里提到的常规治疗、学校应对措施和多数病例的短期恢复轨迹，比报道1中的个别反复案例更具体且具有可验证性。,,0.0,0,0,0,0,"{""final_choice"":""report_2"",""credible_choice"":""report_2"",""share_choice"":""report_2"",""comment_choice"":""support_report_2"",""like_choice"":""report_2"",""reason"":""报道2和评论里提到的常规治疗、学校应对措施和多数病例的短期恢复轨迹，比报道1中的个别反复案例更具体且具有可验证性。""}"
main,influenza_a,low_feedback,main_baseline_neutral,none,positive,negative,209,1,True,,positive,positive,positive,support_positive,positive,报道1中的具体恢复路径和学校应对措施更具体连贯，评论也多数支持常规处理和观察。,,0.0,0,0,0,0,"{""final_choice"":""report_1"",""credible_choice"":""report_1"",""share_choice"":""report_1"",""comment_choice"":""support_report_1"",""like_choice"":""report_1"",""reason"":""报道1中的具体恢复路径和学校应对措施更具体连贯，评论也多数支持常规处理和观察。""}"
main,influenza_a,low_feedback,main_baseline_neutral,none,negative,positive,210,1,True,,negative,negative,negative,support_negative,negative,报道1中提到的'高热反复、恢复时间拖长'和'刚好转又反复'的具体风险体验与评论4中'个别恢复慢或反复不舒服的情况值得留意'形成了更直接、更具体的担忧链条。,,1.0,1,1,1,4,"{""final_choice"":""report_1"",""credible_choice"":""report_1"",""share_choice"":""report_1"",""comment_choice"":""support_report_1"",""like_choice"":""report_1"",""reason"":""报道1中提到的'高热反复、恢复时间拖长'和'刚好转又反复'的具体风险体验与评论4中'个别恢复慢或反复不舒服的情况值得留意'形成了更直接、更具体的担忧链条。""}"
main,influenza_a,low_feedback,main_baseline_neutral,none,positive,negative,211,1,True,,positive,positive,positive,support_positive,positive,报道1中关于多数病例短期缓解的具体描述与评论1和3的观察更一致，形成了更连贯的恢复路径证据。,,0.0,0,0,0,0,"{""final_choice"":""report_1"",""credible_choice"":""report_1"",""share_choice"":""report_1"",""comment_choice"":""support_report_1"",""like_choice"":""report_1"",""reason"":""报道1中关于多数病例短期缓解的具体描述与评论1和3的观察更一致，形成了更连贯的恢复路径证据。""}"
main,influenza_a,low_feedback,main_baseline_neutral,none,negative,positive,212,1,True,,negative,negative,negative,support_negative,negative,报道1中提到的高热反复、恢复拖长和交叉感染压力更具体，与评论1和3中提到的个别恢复慢和反复情况相互印证。,,1.0,1,1,1,4,"{""final_choice"":""report_1"",""credible_choice"":""report_1"",""share_choice"":""report_1"",""comment_choice"":""support_report_1"",""like_choice"":""report_1"",""reason"":""报道1中提到的高热反复、恢复拖长和交叉感染压力更具体，与评论1和3中提到的个别恢复慢和反复情况相互印证。""}"
main,influenza_a,low_feedback,main_baseline_neutral,none,positive,negative,213,1,True,,positive,positive,positive,support_positive,positive,报道1和评论中更具体、更一致的恢复路径和应对措施让我更倾向于当前情况是季节性波动中的可应对上升。,,0.0,0,0,0,0,"{""final_choice"":""report_1"",""credible_choice"":""report_1"",""share_choice"":""report_1"",""comment_choice"":""support_report_1"",""like_choice"":""report_1"",""reason"":""报道1和评论中更具体、更一致的恢复路径和应对措施让我更倾向于当前情况是季节性波动中的可应对上升。""}"
main,influenza_a,low_feedback,main_baseline_neutral,none,negative,positive,214,1,True,,negative,negative,negative,support_negative,negative,报道1中提到的恢复时间拖长、'刚好转又反复'的具体经历和班级交叉感染压力，比报道2的常规恢复描述更让我感到需要关注。,,1.0,1,1,1,4,"{""final_choice"":""report_1"",""credible_choice"":""report_1"",""share_choice"":""report_1"",""comment_choice"":""support_report_1"",""like_choice"":""report_1"",""reason"":""报道1中提到的恢复时间拖长、'刚好转又反复'的具体经历和班级交叉感染压力，比报道2的常规恢复描述更让我感到需要关注。""}"
main,influenza_a,low_feedback,main_baseline_neutral,none,positive,negative,215,1,True,,positive,positive,positive,support_positive,positive,报道1中的具体治疗和恢复路径，加上评论中提到的学校常规应对措施，让我觉得当前情况是可控的季节性波动。,,0.0,0,0,0,0,"{""final_choice"":""report_1"",""credible_choice"":""report_1"",""share_choice"":""report_1"",""comment_choice"":""support_report_1"",""like_choice"":""report_1"",""reason"":""报道1中的具体治疗和恢复路径，加上评论中提到的学校常规应对措施，让我觉得当前情况是可控的季节性波动。""}"
main,influenza_a,low_feedback,main_baseline_neutral,none,negative,positive,216,1,True,,negative,negative,negative,support_negative,negative,报道1中反复出现的'恢复慢'、'反复高热'和'交叉感染压力'等具体线索与评论2中'个别恢复慢或反复不舒服'的观察相互印证，让我更倾向于相信传播情况可能比公开数据更严峻。,,1.0,1,1,1,4,"{""final_choice"":""report_1"",""credible_choice"":""report_1"",""share_choice"":""report_1"",""comment_choice"":""support_report_1"",""like_choice"":""report_1"",""reason"":""报道1中反复出现的'恢复慢'、'反复高热'和'交叉感染压力'等具体线索与评论2中'个别恢复慢或反复不舒服'的观察相互印证，让我更倾向于相信传播情况可能比公开数据更严峻。""}"
main,influenza_a,low_feedback,main_baseline_neutral,none,positive,negative,217,1,True,,positive,positive,positive,support_positive,positive,报道1中提到的门诊应对措施和常规治疗恢复路径更具体，评论1和评论2也支持多数病例按常规处理，医院应对能力方面线索更连贯。,,0.0,0,0,0,0,"{""final_choice"":""report_1"",""credible_choice"":""report_1"",""share_choice"":""report_1"",""comment_choice"":""support_report_1"",""like_choice"":""report_1"",""reason"":""报道1中提到的门诊应对措施和常规治疗恢复路径更具体，评论1和评论2也支持多数病例按常规处理，医院应对能力方面线索更连贯。""}"
main,influenza_a,low_feedback,main_baseline_neutral,none,negative,positive,218,1,True,,negative,negative,negative,support_negative,negative,报道1中反复出现的恢复慢、高热反复和班级交叉感染压力等具体线索，与评论1、2提到的个别恢复慢和不舒服情况相互印证，让我更关注这一边。,,1.0,1,1,1,4,"{""final_choice"":""report_1"",""credible_choice"":""report_1"",""share_choice"":""report_1"",""comment_choice"":""support_report_1"",""like_choice"":""report_1"",""reason"":""报道1中反复出现的恢复慢、高热反复和班级交叉感染压力等具体线索，与评论1、2提到的个别恢复慢和不舒服情况相互印证，让我更关注这一边。""}"
main,influenza_a,low_feedback,main_baseline_neutral,none,positive,negative,219,1,True,,positive,positive,positive,support_positive,positive,报道1中关于短期发热和常规治疗后明显缓解的具体描述，以及评论3和评论4提到的平稳恢复和常规处理方式，让我更倾向于认为当前情况是可应对的季节性波动。,,0.0,0,0,0,0,"{""final_choice"":""report_1"",""credible_choice"":""report_1"",""share_choice"":""report_1"",""comment_choice"":""support_report_1"",""like_choice"":""report_1"",""reason"":""报道1中关于短期发热和常规治疗后明显缓解的具体描述，以及评论3和评论4提到的平稳恢复和常规处理方式，让我更倾向于认为当前情况是可应对的季节性波动。""}"
main,influenza_a,low_feedback,main_baseline_neutral,none,negative,positive,220,1,True,,negative,negative,negative,support_negative,negative,报道1中关于恢复慢、反复高热和交叉感染的具体案例更连续，与评论4中个别恢复慢的情况相互印证。,,1.0,1,1,1,4,"{""final_choice"":""report_1"",""credible_choice"":""report_1"",""share_choice"":""report_1"",""comment_choice"":""support_report_1"",""like_choice"":""report_1"",""reason"":""报道1中关于恢复慢、反复高热和交叉感染的具体案例更连续，与评论4中个别恢复慢的情况相互印证。""}"
main,influenza_a,low_feedback,main_baseline_neutral,none,positive,negative,221,1,True,,positive,positive,positive,support_positive,positive,报道1中关于大多数病例短期缓解和学校防控措施的具体描述，加上评论中家长反映恢复平稳的情况，让我更倾向于当前情况是可控的季节性波动。,,0.0,0,0,0,0,"{""final_choice"":""report_1"",""credible_choice"":""report_1"",""share_choice"":""report_1"",""comment_choice"":""support_report_1"",""like_choice"":""report_1"",""reason"":""报道1中关于大多数病例短期缓解和学校防控措施的具体描述，加上评论中家长反映恢复平稳的情况，让我更倾向于当前情况是可控的季节性波动。""}"
main,influenza_a,low_feedback,main_baseline_neutral,none,negative,positive,222,1,True,,negative,negative,negative,support_negative,negative,报道1中提到的'高热反复、恢复时间拖长'和'刚好转又反复'的具体经历，与评论4中'个别恢复慢或反复不舒服的情况值得留意'相互印证，让我更倾向于认为当前流感情况可能比表面数据显示的更严峻。,,1.0,1,1,1,4,"{""final_choice"":""report_1"",""credible_choice"":""report_1"",""share_choice"":""report_1"",""comment_choice"":""support_report_1"",""like_choice"":""report_1"",""reason"":""报道1中提到的'高热反复、恢复时间拖长'和'刚好转又反复'的具体经历，与评论4中'个别恢复慢或反复不舒服的情况值得留意'相互印证，让我更倾向于认为当前流感情况可能比表面数据显示的更严峻。""}"
main,influenza_a,low_feedback,main_baseline_neutral,none,positive,negative,223,1,True,,positive,positive,positive,support_positive,positive,报道1中的门诊医生、家长和老师的具体观察更连贯，加上评论中多数恢复平稳的描述，让我更倾向于当前情况是可应对的季节性波动。,,0.0,0,0,0,0,"{""final_choice"":""report_1"",""credible_choice"":""report_1"",""share_choice"":""report_1"",""comment_choice"":""support_report_1"",""like_choice"":""report_1"",""reason"":""报道1中的门诊医生、家长和老师的具体观察更连贯，加上评论中多数恢复平稳的描述，让我更倾向于当前情况是可应对的季节性波动。""}"
main,influenza_a,low_feedback,main_baseline_neutral,none,negative,positive,224,1,True,,negative,negative,negative,support_negative,negative,报道1中关于高热反复、恢复时间拖长和交叉感染压力的具体描述，与评论4中提到的'个别恢复慢或反复不舒服的情况值得留意'形成了更具体的呼应。,,1.0,1,1,1,4,"{""final_choice"":""report_1"",""credible_choice"":""report_1"",""share_choice"":""report_1"",""comment_choice"":""support_report_1"",""like_choice"":""report_1"",""reason"":""报道1中关于高热反复、恢复时间拖长和交叉感染压力的具体描述，与评论4中提到的'个别恢复慢或反复不舒服的情况值得留意'形成了更具体的呼应。""}"
main,influenza_a,low_feedback,main_baseline_neutral,none,positive,negative,225,1,True,,positive,positive,positive,support_positive,positive,报道1和评论中的具体恢复路径与常规处置方案更连贯一致，提供了更清晰的应对参考。,,0.0,0,0,0,0,"{""final_choice"":""report_1"",""credible_choice"":""report_1"",""share_choice"":""report_1"",""comment_choice"":""support_report_1"",""like_choice"":""report_1"",""reason"":""报道1和评论中的具体恢复路径与常规处置方案更连贯一致，提供了更清晰的应对参考。""}"
main,influenza_a,low_feedback,main_baseline_neutral,none,negative,positive,226,1,True,,positive,positive,positive,support_positive,positive,报道2中医生、家长和老师的具体经验与评论中提到的常规恢复和学校应对措施相互印证，让我更倾向于相信当前情况是可应对的季节性波动。,,0.0,0,0,0,0,"{""final_choice"":""report_2"",""credible_choice"":""report_2"",""share_choice"":""report_2"",""comment_choice"":""support_report_2"",""like_choice"":""report_2"",""reason"":""报道2中医生、家长和老师的具体经验与评论中提到的常规恢复和学校应对措施相互印证，让我更倾向于相信当前情况是可应对的季节性波动。""}"
main,influenza_a,low_feedback,main_baseline_neutral,none,positive,negative,227,1,True,,positive,positive,positive,support_positive,positive,报道1和评论中提到的医院应对能力和常规治疗恢复情况更具体，且评论里提到的家长反馈和学校应对措施相互印证，让我觉得当前情况更像是可控的季节性波动。,,0.0,0,0,0,0,"{""final_choice"":""report_1"",""credible_choice"":""report_1"",""share_choice"":""report_1"",""comment_choice"":""support_report_1"",""like_choice"":""report_1"",""reason"":""报道1和评论中提到的医院应对能力和常规治疗恢复情况更具体，且评论里提到的家长反馈和学校应对措施相互印证，让我觉得当前情况更像是可控的季节性波动。""}"
main,influenza_a,low_feedback,main_baseline_neutral,none,negative,positive,228,1,True,,positive,positive,positive,support_positive,positive,报道2和可见评论中的具体恢复路径、学校应对措施和常规治疗效果让我更倾向于当前情况是可应对的季节性波动。,,0.0,0,0,0,0,"{""final_choice"":""report_2"",""credible_choice"":""report_2"",""share_choice"":""report_2"",""comment_choice"":""support_report_2"",""like_choice"":""report_2"",""reason"":""报道2和可见评论中的具体恢复路径、学校应对措施和常规治疗效果让我更倾向于当前情况是可应对的季节性波动。""}"
main,influenza_a,low_feedback,main_baseline_neutral,none,positive,negative,229,1,True,,positive,positive,positive,support_positive,positive,报道1和评论中提到的恢复路径、学校应对措施和常规治疗更具体连贯，让我更倾向于认为这是可控的季节性波动。,,0.0,0,0,0,0,"{""final_choice"":""report_1"",""credible_choice"":""report_1"",""share_choice"":""report_1"",""comment_choice"":""support_report_1"",""like_choice"":""report_1"",""reason"":""报道1和评论中提到的恢复路径、学校应对措施和常规治疗更具体连贯，让我更倾向于认为这是可控的季节性波动。""}"
main,influenza_a,low_feedback,main_baseline_neutral,none,negative,positive,230,1,True,,positive,positive,positive,support_positive,positive,报道2中提到的门诊医生、家长和学校的具体应对经验，以及评论中提到的平稳恢复案例，让我觉得当前情况更像是可应对的季节性波动。,,0.0,0,0,0,0,"{""final_choice"":""report_2"",""credible_choice"":""report_2"",""share_choice"":""report_2"",""comment_choice"":""support_report_2"",""like_choice"":""report_2"",""reason"":""报道2中提到的门诊医生、家长和学校的具体应对经验，以及评论中提到的平稳恢复案例，让我觉得当前情况更像是可应对的季节性波动。""}"
main,influenza_a,low_feedback,main_baseline_neutral,none,positive,negative,231,1,True,,positive,positive,positive,support_positive,positive,报道1中关于症状短期缓解和常规治疗有效的描述，与评论中多数家长反映的恢复情况更为一致。,,0.0,0,0,0,0,"{""final_choice"":""report_1"",""credible_choice"":""report_1"",""share_choice"":""report_1"",""comment_choice"":""support_report_1"",""like_choice"":""report_1"",""reason"":""报道1中关于症状短期缓解和常规治疗有效的描述，与评论中多数家长反映的恢复情况更为一致。""}"
main,influenza_a,low_feedback,main_baseline_neutral,none,negative,positive,232,1,True,,negative,negative,negative,support_negative,negative,报道1中关于患者高热反复、恢复时间拖长以及家庭班级交叉感染压力更具体，与评论中提到的个别恢复慢和反复不舒服的情况相互印证。,,1.0,1,1,1,4,"{""final_choice"":""report_1"",""credible_choice"":""report_1"",""share_choice"":""report_1"",""comment_choice"":""support_report_1"",""like_choice"":""report_1"",""reason"":""报道1中关于患者高热反复、恢复时间拖长以及家庭班级交叉感染压力更具体，与评论中提到的个别恢复慢和反复不舒服的情况相互印证。""}"
main,influenza_a,low_feedback,main_baseline_neutral,none,positive,negative,233,1,True,,positive,positive,positive,support_positive,positive,报道1中医生、家长和学校的具体经验更连贯，且与评论1和4中的恢复情况、学校应对措施相互印证，形成了更完整的可应对画面。,,0.0,0,0,0,0,"{""final_choice"":""report_1"",""credible_choice"":""report_1"",""share_choice"":""report_1"",""comment_choice"":""support_report_1"",""like_choice"":""report_1"",""reason"":""报道1中医生、家长和学校的具体经验更连贯，且与评论1和4中的恢复情况、学校应对措施相互印证，形成了更完整的可应对画面。""}"
main,influenza_a,low_feedback,main_baseline_neutral,none,negative,positive,234,1,True,,negative,negative,negative,support_negative,negative,报道1中关于患者高热反复、恢复时间拖长和家庭班级交叉感染的具体描述更连贯，且与评论1中提到的'个别恢复慢或反复不舒服的情况'相互印证。,,1.0,1,1,1,4,"{""final_choice"":""report_1"",""credible_choice"":""report_1"",""share_choice"":""report_1"",""comment_choice"":""support_report_1"",""like_choice"":""report_1"",""reason"":""报道1中关于患者高热反复、恢复时间拖长和家庭班级交叉感染的具体描述更连贯，且与评论1中提到的'个别恢复慢或反复不舒服的情况'相互印证。""}"
main,influenza_a,low_feedback,main_baseline_neutral,none,positive,negative,235,1,True,,positive,positive,positive,support_positive,positive,报道1中的具体临床经验、学校应对措施和恢复路径描述更连贯，且与评论中多数平稳恢复的观察一致。,,0.0,0,0,0,0,"{""final_choice"":""report_1"",""credible_choice"":""report_1"",""share_choice"":""report_1"",""comment_choice"":""support_report_1"",""like_choice"":""report_1"",""reason"":""报道1中的具体临床经验、学校应对措施和恢复路径描述更连贯，且与评论中多数平稳恢复的观察一致。""}"
main,influenza_a,low_feedback,main_baseline_neutral,none,negative,positive,236,1,True,,negative,negative,negative,support_negative,negative,报道1中提到的'高热反复'、'恢复时间拖长'和'家庭班级交叉感染压力'等具体风险线索，与评论4中提到的'个别恢复慢或反复不舒服的情况'相互印证，这些更具体、更连续的担忧线索让我此刻更倾向于这一边。,,1.0,1,1,1,4,"{""final_choice"":""report_1"",""credible_choice"":""report_1"",""share_choice"":""report_1"",""comment_choice"":""support_report_1"",""like_choice"":""report_1"",""reason"":""报道1中提到的'高热反复'、'恢复时间拖长'和'家庭班级交叉感染压力'等具体风险线索，与评论4中提到的'个别恢复慢或反复不舒服的情况'相互印证，这些更具体、更连续的担忧线索让我此刻更倾向于这一边。""}"
main,influenza_a,low_feedback,main_baseline_neutral,none,positive,negative,237,1,True,,positive,positive,positive,support_positive,positive,报道1中提到的门诊应对和恢复路径更具体连贯，评论也多数支持常规处理和观察，让我更倾向于当前情况是可应对的波动。,,0.0,0,0,0,0,"{""final_choice"":""report_1"",""credible_choice"":""report_1"",""share_choice"":""report_1"",""comment_choice"":""support_report_1"",""like_choice"":""report_1"",""reason"":""报道1中提到的门诊应对和恢复路径更具体连贯，评论也多数支持常规处理和观察，让我更倾向于当前情况是可应对的波动。""}"
main,influenza_a,low_feedback,main_baseline_neutral,none,negative,positive,238,1,True,,positive,positive,positive,support_positive,positive,报道2和可见评论中更具体地描述了常规治疗和学校应对措施，同时承认个体差异，这种平衡且可验证的线索更符合当前信息。,,0.0,0,0,0,0,"{""final_choice"":""report_2"",""credible_choice"":""report_2"",""share_choice"":""report_2"",""comment_choice"":""support_report_2"",""like_choice"":""report_2"",""reason"":""报道2和可见评论中更具体地描述了常规治疗和学校应对措施，同时承认个体差异，这种平衡且可验证的线索更符合当前信息。""}"
main,influenza_a,low_feedback,main_baseline_neutral,none,positive,negative,239,1,True,,positive,positive,positive,support_positive,positive,报道1和可见评论中的具体恢复案例、学校应对措施和常规治疗路径更具体连贯，提供了更清晰的可控性线索。,,0.0,0,0,0,0,"{""final_choice"":""report_1"",""credible_choice"":""report_1"",""share_choice"":""report_1"",""comment_choice"":""support_report_1"",""like_choice"":""report_1"",""reason"":""报道1和可见评论中的具体恢复案例、学校应对措施和常规治疗路径更具体连贯，提供了更清晰的可控性线索。""}"
main,influenza_a,low_feedback,main_baseline_neutral,none,negative,positive,240,1,True,,positive,positive,positive,support_positive,positive,报道2和可见评论里更具体的应对措施和恢复路径让我觉得当前情况更像是季节性波动中的可应对上升。,,0.0,0,0,0,0,"{""final_choice"":""report_2"",""credible_choice"":""report_2"",""share_choice"":""report_2"",""comment_choice"":""support_report_2"",""like_choice"":""report_2"",""reason"":""报道2和可见评论里更具体的应对措施和恢复路径让我觉得当前情况更像是季节性波动中的可应对上升。""}"
main,influenza_a,low_feedback,main_baseline_neutral,none,positive,negative,241,1,True,,positive,positive,positive,support_positive,positive,报道1和评论中提到的恢复较快、常规治疗有效等具体线索更符合我当前看到的材料。,,0.0,0,0,0,0,"{""final_choice"":""report_1"",""credible_choice"":""report_1"",""share_choice"":""report_1"",""comment_choice"":""support_report_1"",""like_choice"":""report_1"",""reason"":""报道1和评论中提到的恢复较快、常规治疗有效等具体线索更符合我当前看到的材料。""}"
main,influenza_a,low_feedback,main_baseline_neutral,none,negative,positive,242,1,True,,negative,negative,negative,support_negative,negative,报道1中关于恢复时间拖长、家庭班级交叉感染压力以及'刚好转又反复'的具体描述，与评论1和3中提到的恢复慢、退热后症状缓解节奏不一的观察相互印证，让我更倾向于当前情况可能比预期更复杂。,,1.0,1,1,1,4,"{""final_choice"":""report_1"",""credible_choice"":""report_1"",""share_choice"":""report_1"",""comment_choice"":""support_report_1"",""like_choice"":""report_1"",""reason"":""报道1中关于恢复时间拖长、家庭班级交叉感染压力以及'刚好转又反复'的具体描述，与评论1和3中提到的恢复慢、退热后症状缓解节奏不一的观察相互印证，让我更倾向于当前情况可能比预期更复杂。""}"
main,influenza_a,low_feedback,main_baseline_neutral,none,positive,negative,243,1,True,,positive,positive,positive,support_positive,positive,报道1和可见评论里关于常规治疗、学校处置和多数恢复平稳的具体线索更连贯。,,0.0,0,0,0,0,"{""final_choice"":""report_1"",""credible_choice"":""report_1"",""share_choice"":""report_1"",""comment_choice"":""support_report_1"",""like_choice"":""report_1"",""reason"":""报道1和可见评论里关于常规治疗、学校处置和多数恢复平稳的具体线索更连贯。""}"
main,influenza_a,low_feedback,main_baseline_neutral,none,negative,positive,244,1,True,,negative,negative,negative,support_negative,negative,报道1中提到的'高热反复、恢复时间拖长'和'刚好转又反复'的具体风险线索，与评论3中个别恢复慢的情况相互印证，使风险提醒显得更具体连贯。,,1.0,1,1,1,4,"{""final_choice"":""report_1"",""credible_choice"":""report_1"",""share_choice"":""report_1"",""comment_choice"":""support_report_1"",""like_choice"":""report_1"",""reason"":""报道1中提到的'高热反复、恢复时间拖长'和'刚好转又反复'的具体风险线索，与评论3中个别恢复慢的情况相互印证，使风险提醒显得更具体连贯。""}"
main,influenza_a,low_feedback,main_baseline_neutral,none,positive,negative,245,1,True,,positive,positive,positive,support_positive,positive,报道1中提到的具体应对措施和恢复路径与可见评论中的多数经验相互印证，形成了更连贯的判断基础。,,0.0,0,0,0,0,"{""final_choice"":""report_1"",""credible_choice"":""report_1"",""share_choice"":""report_1"",""comment_choice"":""support_report_1"",""like_choice"":""report_1"",""reason"":""报道1中提到的具体应对措施和恢复路径与可见评论中的多数经验相互印证，形成了更连贯的判断基础。""}"
main,influenza_a,low_feedback,main_baseline_neutral,none,negative,positive,246,1,True,,negative,negative,negative,support_negative,negative,报道1中反复出现的'恢复拖长'和'症状反复'线索更具体，与评论3中个别恢复慢的情况相互印证。,,1.0,1,1,1,4,"{""final_choice"":""report_1"",""credible_choice"":""report_1"",""share_choice"":""report_1"",""comment_choice"":""support_report_1"",""like_choice"":""report_1"",""reason"":""报道1中反复出现的'恢复拖长'和'症状反复'线索更具体，与评论3中个别恢复慢的情况相互印证。""}"
main,influenza_a,low_feedback,main_baseline_neutral,none,positive,negative,247,1,True,,positive,positive,positive,support_positive,positive,报道1中提到的常规治疗和学校防控措施更具体，评论也显示多数恢复情况按常规处理，更符合当前可见线索。,,0.0,0,0,0,0,"{""final_choice"":""report_1"",""credible_choice"":""report_1"",""share_choice"":""report_1"",""comment_choice"":""support_report_1"",""like_choice"":""report_1"",""reason"":""报道1中提到的常规治疗和学校防控措施更具体，评论也显示多数恢复情况按常规处理，更符合当前可见线索。""}"
main,influenza_a,low_feedback,main_baseline_neutral,none,negative,positive,248,1,True,,negative,negative,negative,support_negative,negative,报道1中更具体、更连续的恢复慢、反复高热和交叉感染线索，与评论3中对个别恢复慢情况的关注形成了更连贯的风险提示。,,1.0,1,1,1,4,"{""final_choice"":""report_1"",""credible_choice"":""report_1"",""share_choice"":""report_1"",""comment_choice"":""support_report_1"",""like_choice"":""report_1"",""reason"":""报道1中更具体、更连续的恢复慢、反复高热和交叉感染线索，与评论3中对个别恢复慢情况的关注形成了更连贯的风险提示。""}"
main,influenza_a,low_feedback,main_baseline_neutral,none,positive,negative,249,1,True,,positive,positive,positive,support_positive,positive,报道1中的恢复路径和学校应对措施更具体，而评论也提到多数恢复平稳，这些具体线索让我更倾向于认为当前情况是可应对的季节性波动。,,0.0,0,0,0,0,"{""final_choice"":""report_1"",""credible_choice"":""report_1"",""share_choice"":""report_1"",""comment_choice"":""support_report_1"",""like_choice"":""report_1"",""reason"":""报道1中的恢复路径和学校应对措施更具体，而评论也提到多数恢复平稳，这些具体线索让我更倾向于认为当前情况是可应对的季节性波动。""}"
main,influenza_a,low_feedback,main_baseline_neutral,none,negative,positive,250,1,True,,positive,positive,positive,support_positive,positive,报道2和评论1、4中的正式来源和具体恢复路径线索更连贯，而报道1中的风险线索虽然存在但不够系统化。,,0.0,0,0,0,0,"{""final_choice"":""report_2"",""credible_choice"":""report_2"",""share_choice"":""report_2"",""comment_choice"":""support_report_2"",""like_choice"":""report_2"",""reason"":""报道2和评论1、4中的正式来源和具体恢复路径线索更连贯，而报道1中的风险线索虽然存在但不够系统化。""}"
main,influenza_a,low_feedback,main_baseline_neutral,none,positive,negative,251,1,True,,positive,positive,positive,support_positive,positive,报道1中关于大部分病例症状较轻、恢复较快的信息与评论1和4中提到的平稳恢复和常规处理相互印证。,,0.0,0,0,0,0,"{""final_choice"":""report_1"",""credible_choice"":""report_1"",""share_choice"":""report_1"",""comment_choice"":""support_report_1"",""like_choice"":""report_1"",""reason"":""报道1中关于大部分病例症状较轻、恢复较快的信息与评论1和4中提到的平稳恢复和常规处理相互印证。""}"
main,influenza_a,low_feedback,main_baseline_neutral,none,negative,positive,252,1,True,,negative,negative,negative,support_negative,negative,报道1中提到的'高热反复、恢复时间拖长'和'刚好转又反复'的具体经历与评论4中提到的'个别恢复慢或反复不舒服'相互印证，而报道2和评论中缺乏这些具体风险线索。,,1.0,1,1,1,4,"{""final_choice"":""report_1"",""credible_choice"":""report_1"",""share_choice"":""report_1"",""comment_choice"":""support_report_1"",""like_choice"":""report_1"",""reason"":""报道1中提到的'高热反复、恢复时间拖长'和'刚好转又反复'的具体经历与评论4中提到的'个别恢复慢或反复不舒服'相互印证，而报道2和评论中缺乏这些具体风险线索。""}"
main,influenza_a,low_feedback,main_baseline_neutral,none,positive,negative,253,1,True,,positive,positive,positive,support_positive,positive,报道1和评论中更具体的恢复路径、学校应对措施以及常规治疗有效性让我更倾向于当前情况是可应对的季节性波动。,,0.0,0,0,0,0,"{""final_choice"":""report_1"",""credible_choice"":""report_1"",""share_choice"":""report_1"",""comment_choice"":""support_report_1"",""like_choice"":""report_1"",""reason"":""报道1和评论中更具体的恢复路径、学校应对措施以及常规治疗有效性让我更倾向于当前情况是可应对的季节性波动。""}"
main,influenza_a,low_feedback,main_baseline_neutral,none,negative,positive,254,1,True,,negative,negative,negative,support_negative,negative,报道1中反复出现的恢复慢、'刚好转又反复'和交叉感染压力更具体，评论4也提到个别恢复慢的情况值得留意。,,1.0,1,1,1,4,"{""final_choice"":""report_1"",""credible_choice"":""report_1"",""share_choice"":""report_1"",""comment_choice"":""support_report_1"",""like_choice"":""report_1"",""reason"":""报道1中反复出现的恢复慢、'刚好转又反复'和交叉感染压力更具体，评论4也提到个别恢复慢的情况值得留意。""}"
main,influenza_a,low_feedback,main_baseline_neutral,none,positive,negative,255,1,True,,positive,positive,positive,support_positive,positive,报道1和评论中更具体的恢复路径和常规应对措施，让我更倾向于认为当前情况属于可应对的季节性波动。,,0.0,0,0,0,0,"{""final_choice"":""report_1"",""credible_choice"":""report_1"",""share_choice"":""report_1"",""comment_choice"":""support_report_1"",""like_choice"":""report_1"",""reason"":""报道1和评论中更具体的恢复路径和常规应对措施，让我更倾向于认为当前情况属于可应对的季节性波动。""}"
main,influenza_a,low_feedback,main_baseline_neutral,none,negative,positive,256,1,True,,negative,negative,negative,support_negative,negative,报道1中反复出现的'恢复时间拖长'、'高热反复'和'交叉感染压力'等具体线索，与评论4中'个别恢复慢或反复不舒服'的观察相互印证，让我更倾向于认为存在值得关注的恢复问题。,,1.0,1,1,1,4,"{""final_choice"":""report_1"",""credible_choice"":""report_1"",""share_choice"":""report_1"",""comment_choice"":""support_report_1"",""like_choice"":""report_1"",""reason"":""报道1中反复出现的'恢复时间拖长'、'高热反复'和'交叉感染压力'等具体线索，与评论4中'个别恢复慢或反复不舒服'的观察相互印证，让我更倾向于认为存在值得关注的恢复问题。""}"
main,influenza_a,low_feedback,main_baseline_neutral,none,positive,negative,257,1,True,,positive,positive,positive,support_positive,positive,报道1和评论中的具体应对措施与恢复路径更清晰，医院应对能力的描述更有说服力。,,0.0,0,0,0,0,"{""final_choice"":""report_1"",""credible_choice"":""report_1"",""share_choice"":""report_1"",""comment_choice"":""support_report_1"",""like_choice"":""report_1"",""reason"":""报道1和评论中的具体应对措施与恢复路径更清晰，医院应对能力的描述更有说服力。""}"
main,influenza_a,low_feedback,main_baseline_neutral,none,negative,positive,258,1,True,,negative,negative,negative,support_negative,negative,报道1中更具体地描述了患者高热反复、恢复时间拖长以及家庭班级交叉感染压力，这些具体风险线索在评论中也有呼应，让我更倾向于相信传播情况可能比公开数据更严峻。,,1.0,1,1,1,4,"{""final_choice"":""report_1"",""credible_choice"":""report_1"",""share_choice"":""report_1"",""comment_choice"":""support_report_1"",""like_choice"":""report_1"",""reason"":""报道1中更具体地描述了患者高热反复、恢复时间拖长以及家庭班级交叉感染压力，这些具体风险线索在评论中也有呼应，让我更倾向于相信传播情况可能比公开数据更严峻。""}"
main,influenza_a,low_feedback,main_baseline_neutral,none,positive,negative,259,1,True,,positive,positive,positive,support_positive,positive,报道1中的恢复路径和应对措施更具体，与评论中多数家长的实际经历相符。,,0.0,0,0,0,0,"{""final_choice"":""report_1"",""credible_choice"":""report_1"",""share_choice"":""report_1"",""comment_choice"":""support_report_1"",""like_choice"":""report_1"",""reason"":""报道1中的恢复路径和应对措施更具体，与评论中多数家长的实际经历相符。""}"
main,influenza_a,low_feedback,main_baseline_neutral,none,negative,positive,260,1,True,,negative,negative,negative,support_negative,negative,报道1中提到的恢复慢、反复高热和交叉感染压力等具体风险线索与评论3中的个别恢复慢情况相互印证，让我更倾向于相信当前传播可能比官方数据更严峻。,,1.0,1,1,1,4,"{""final_choice"":""report_1"",""credible_choice"":""report_1"",""share_choice"":""report_1"",""comment_choice"":""support_report_1"",""like_choice"":""report_1"",""reason"":""报道1中提到的恢复慢、反复高热和交叉感染压力等具体风险线索与评论3中的个别恢复慢情况相互印证，让我更倾向于相信当前传播可能比官方数据更严峻。""}"
main,influenza_a,low_feedback,main_baseline_neutral,none,positive,negative,261,1,True,,positive,positive,positive,support_positive,positive,报道1中更具体、更连贯的恢复路径描述与评论中多数平稳恢复的情况相互印证，让我更倾向于相信这是主流情况。,,0.0,0,0,0,0,"{""final_choice"":""report_1"",""credible_choice"":""report_1"",""share_choice"":""report_1"",""comment_choice"":""support_report_1"",""like_choice"":""report_1"",""reason"":""报道1中更具体、更连贯的恢复路径描述与评论中多数平稳恢复的情况相互印证，让我更倾向于相信这是主流情况。""}"
main,influenza_a,low_feedback,main_baseline_neutral,none,negative,positive,262,1,True,,negative,negative,negative,support_negative,negative,报道1中关于患者高热反复、恢复时间拖长和家庭班级交叉感染压力的具体描述，与评论2和评论3中提到的'恢复慢'和'退热后体力和咳嗽缓解节奏不一样'的观察相互印证，让我更倾向于认为当前情况可能比表面数据更严峻。,,1.0,1,1,1,4,"{""final_choice"":""report_1"",""credible_choice"":""report_1"",""share_choice"":""report_1"",""comment_choice"":""support_report_1"",""like_choice"":""report_1"",""reason"":""报道1中关于患者高热反复、恢复时间拖长和家庭班级交叉感染压力的具体描述，与评论2和评论3中提到的'恢复慢'和'退热后体力和咳嗽缓解节奏不一样'的观察相互印证，让我更倾向于认为当前情况可能比表面数据更严峻。""}"
main,influenza_a,low_feedback,main_baseline_neutral,none,positive,negative,263,1,True,,positive,positive,positive,support_positive,positive,报道1中的具体应对措施和恢复路径更明确，且评论中多数家长反馈恢复平稳，与报道1的描述更为一致。,,0.0,0,0,0,0,"{""final_choice"":""report_1"",""credible_choice"":""report_1"",""share_choice"":""report_1"",""comment_choice"":""support_report_1"",""like_choice"":""report_1"",""reason"":""报道1中的具体应对措施和恢复路径更明确，且评论中多数家长反馈恢复平稳，与报道1的描述更为一致。""}"
main,influenza_a,low_feedback,main_baseline_neutral,none,negative,positive,264,1,True,,negative,negative,negative,support_negative,negative,报道1中提到了更具体、更连贯的风险线索，如'高热反复'、'恢复时间拖长'和'交叉感染压力更明显'，这些细节与评论1和评论4中提到的'恢复慢'和'需要多观察'形成了呼应，让我更倾向于相信这一边。,,1.0,1,1,1,4,"{""final_choice"":""report_1"",""credible_choice"":""report_1"",""share_choice"":""report_1"",""comment_choice"":""support_report_1"",""like_choice"":""report_1"",""reason"":""报道1中提到了更具体、更连贯的风险线索，如'高热反复'、'恢复时间拖长'和'交叉感染压力更明显'，这些细节与评论1和评论4中提到的'恢复慢'和'需要多观察'形成了呼应，让我更倾向于相信这一边。""}"
main,influenza_a,low_feedback,main_baseline_neutral,none,positive,negative,265,1,True,,positive,positive,positive,support_positive,positive,报道1中提到的门诊医生、家长和老师的具体经验，以及学校实际控制传播的做法，加上评论里多数家长反映按常规治疗恢复平稳，这些具体线索让我更倾向于相信当前是可应对的季节性波动。,,0.0,0,0,0,0,"{""final_choice"":""report_1"",""credible_choice"":""report_1"",""share_choice"":""report_1"",""comment_choice"":""support_report_1"",""like_choice"":""report_1"",""reason"":""报道1中提到的门诊医生、家长和老师的具体经验，以及学校实际控制传播的做法，加上评论里多数家长反映按常规治疗恢复平稳，这些具体线索让我更倾向于相信当前是可应对的季节性波动。""}"
main,influenza_a,low_feedback,main_baseline_neutral,none,negative,positive,266,1,True,,positive,positive,positive,support_positive,positive,报道2和评论中提到的常规治疗和恢复路径更具体，让我觉得当前情况更像是可应对的季节性波动。,,0.0,0,0,0,0,"{""final_choice"":""report_2"",""credible_choice"":""report_2"",""share_choice"":""report_2"",""comment_choice"":""support_report_2"",""like_choice"":""report_2"",""reason"":""报道2和评论中提到的常规治疗和恢复路径更具体，让我觉得当前情况更像是可应对的季节性波动。""}"
main,influenza_a,low_feedback,main_baseline_neutral,none,positive,negative,267,1,True,,positive,positive,positive,support_positive,positive,报道1中提到的常规治疗和学校防控措施更具体，与评论2和4中提到的恢复平稳和常规处理相符。,,0.0,0,0,0,0,"{""final_choice"":""report_1"",""credible_choice"":""report_1"",""share_choice"":""report_1"",""comment_choice"":""support_report_1"",""like_choice"":""report_1"",""reason"":""报道1中提到的常规治疗和学校防控措施更具体，与评论2和4中提到的恢复平稳和常规处理相符。""}"
main,influenza_a,low_feedback,main_baseline_neutral,none,negative,positive,268,1,True,,negative,negative,negative,support_negative,negative,报道1中反复出现的恢复慢、症状反复和交叉感染压力的具体线索比报道2的常规应对描述更触动我，评论1和2也提到恢复节奏不一，这些细节让我更倾向于相信当前情况可能比表面数据显示的更严峻。,,1.0,1,1,1,4,"{""final_choice"":""report_1"",""credible_choice"":""report_1"",""share_choice"":""report_1"",""comment_choice"":""support_report_1"",""like_choice"":""report_1"",""reason"":""报道1中反复出现的恢复慢、症状反复和交叉感染压力的具体线索比报道2的常规应对描述更触动我，评论1和2也提到恢复节奏不一，这些细节让我更倾向于相信当前情况可能比表面数据显示的更严峻。""}"
main,influenza_a,low_feedback,main_baseline_neutral,none,positive,negative,269,1,True,,positive,positive,positive,support_positive,positive,报道1中提到的短期症状、常规治疗和有效防控措施更具体，而评论也多数支持这一观点。,,0.0,0,0,0,0,"{""final_choice"":""report_1"",""credible_choice"":""report_1"",""share_choice"":""report_1"",""comment_choice"":""support_report_1"",""like_choice"":""report_1"",""reason"":""报道1中提到的短期症状、常规治疗和有效防控措施更具体，而评论也多数支持这一观点。""}"
main,influenza_a,low_feedback,main_baseline_neutral,none,negative,positive,270,1,True,,negative,negative,negative,support_negative,negative,报道1中提到的恢复时间拖长、家庭和班级交叉感染压力更具体，与评论2中个别恢复慢的情况相互印证，让我更关注这些风险线索。,,1.0,1,1,1,4,"{""final_choice"":""report_1"",""credible_choice"":""report_1"",""share_choice"":""report_1"",""comment_choice"":""support_report_1"",""like_choice"":""report_1"",""reason"":""报道1中提到的恢复时间拖长、家庭和班级交叉感染压力更具体，与评论2中个别恢复慢的情况相互印证，让我更关注这些风险线索。""}"
main,influenza_a,low_feedback,main_baseline_neutral,none,positive,negative,271,1,True,,positive,positive,positive,support_positive,positive,报道1中提到的恢复较快和常规治疗有效的情况与评论中多数家长反馈的恢复平稳更一致。,,0.0,0,0,0,0,"{""final_choice"":""report_1"",""credible_choice"":""report_1"",""share_choice"":""report_1"",""comment_choice"":""support_report_1"",""like_choice"":""report_1"",""reason"":""报道1中提到的恢复较快和常规治疗有效的情况与评论中多数家长反馈的恢复平稳更一致。""}"
main,influenza_a,low_feedback,main_baseline_neutral,none,negative,positive,272,1,True,,negative,negative,negative,support_negative,negative,报道1中关于恢复慢、反复感染和门诊压力的连续线索，与评论1和2中个别恢复慢、反复不舒服的具体观察相互印证，让我更倾向于认为当前情况可能比表面数据更严峻。,,1.0,1,1,1,4,"{""final_choice"":""report_1"",""credible_choice"":""report_1"",""share_choice"":""report_1"",""comment_choice"":""support_report_1"",""like_choice"":""report_1"",""reason"":""报道1中关于恢复慢、反复感染和门诊压力的连续线索，与评论1和2中个别恢复慢、反复不舒服的具体观察相互印证，让我更倾向于认为当前情况可能比表面数据更严峻。""}"
main,influenza_a,low_feedback,main_baseline_neutral,none,positive,negative,273,1,True,,positive,positive,positive,support_positive,positive,报道1中的具体治疗和恢复线索更连贯，且与评论中提到的平稳恢复情况相互印证。,,0.0,0,0,0,0,"{""final_choice"":""report_1"",""credible_choice"":""report_1"",""share_choice"":""report_1"",""comment_choice"":""support_report_1"",""like_choice"":""report_1"",""reason"":""报道1中的具体治疗和恢复线索更连贯，且与评论中提到的平稳恢复情况相互印证。""}"
main,influenza_a,low_feedback,main_baseline_neutral,none,negative,positive,274,1,True,,negative,negative,negative,support_negative,negative,报道1中反复出现的恢复慢、症状反复和交叉感染压力的具体线索比报道2中的常规应对描述更让我警觉。,,1.0,1,1,1,4,"{""final_choice"":""report_1"",""credible_choice"":""report_1"",""share_choice"":""report_1"",""comment_choice"":""support_report_1"",""like_choice"":""report_1"",""reason"":""报道1中反复出现的恢复慢、症状反复和交叉感染压力的具体线索比报道2中的常规应对描述更让我警觉。""}"
main,influenza_a,low_feedback,main_baseline_neutral,none,positive,negative,275,1,True,,positive,positive,positive,support_positive,positive,报道1中的医生、家长和老师的具体经验与评论1、2中的恢复平稳、常规处理措施相互印证，形成更连贯的线索。,,0.0,0,0,0,0,"{""final_choice"":""report_1"",""credible_choice"":""report_1"",""share_choice"":""report_1"",""comment_choice"":""support_report_1"",""like_choice"":""report_1"",""reason"":""报道1中的医生、家长和老师的具体经验与评论1、2中的恢复平稳、常规处理措施相互印证，形成更连贯的线索。""}"
main,influenza_a,low_feedback,main_baseline_neutral,none,negative,positive,276,1,True,,positive,positive,positive,support_positive,positive,报道2和评论中提到的常规治疗和恢复路径更具体，而报道1中的恢复慢、反复等线索缺乏连续性描述。,,0.0,0,0,0,0,"{""final_choice"":""report_2"",""credible_choice"":""report_2"",""share_choice"":""report_2"",""comment_choice"":""support_report_2"",""like_choice"":""report_2"",""reason"":""报道2和评论中提到的常规治疗和恢复路径更具体，而报道1中的恢复慢、反复等线索缺乏连续性描述。""}"
main,influenza_a,low_feedback,main_baseline_neutral,none,positive,negative,277,1,True,,positive,positive,positive,support_positive,positive,报道1提到学校和社区通过常规措施就能控制传播链，评论4也印证了学校应对和家长恢复平稳的情况，显示当前医疗系统应对能力较强。,,0.0,0,0,0,0,"{""final_choice"":""report_1"",""credible_choice"":""report_1"",""share_choice"":""report_1"",""comment_choice"":""support_report_1"",""like_choice"":""report_1"",""reason"":""报道1提到学校和社区通过常规措施就能控制传播链，评论4也印证了学校应对和家长恢复平稳的情况，显示当前医疗系统应对能力较强。""}"
main,influenza_a,low_feedback,main_baseline_neutral,none,negative,positive,278,1,True,,negative,negative,negative,support_negative,negative,报道1中反复出现的恢复慢、症状反复和交叉感染压力等具体线索，与评论中提到的'个别恢复慢'和'退热后体力和咳嗽缓解节奏不一样'相互印证，让我更倾向于相信当前情况可能比表面数据更严峻。,,1.0,1,1,1,4,"{""final_choice"":""report_1"",""credible_choice"":""report_1"",""share_choice"":""report_1"",""comment_choice"":""support_report_1"",""like_choice"":""report_1"",""reason"":""报道1中反复出现的恢复慢、症状反复和交叉感染压力等具体线索，与评论中提到的'个别恢复慢'和'退热后体力和咳嗽缓解节奏不一样'相互印证，让我更倾向于相信当前情况可能比表面数据更严峻。""}"
main,influenza_a,low_feedback,main_baseline_neutral,none,positive,negative,279,1,True,,positive,positive,positive,support_positive,positive,报道1和评论中提供的具体恢复路径和应对措施更具体，而报道2的风险线索相对模糊且缺乏连贯性。,,0.0,0,0,0,0,"{""final_choice"":""report_1"",""credible_choice"":""report_1"",""share_choice"":""report_1"",""comment_choice"":""support_report_1"",""like_choice"":""report_1"",""reason"":""报道1和评论中提供的具体恢复路径和应对措施更具体，而报道2的风险线索相对模糊且缺乏连贯性。""}"
main,influenza_a,low_feedback,main_baseline_neutral,none,negative,positive,280,1,True,,negative,negative,negative,support_negative,negative,报道1中提到的高热反复、恢复时间拖长和交叉感染压力更具体，与评论4中个别恢复慢或反复不舒服的情况相互印证，让我更倾向于相信风险可能被低估。,,1.0,1,1,1,4,"{""final_choice"":""report_1"",""credible_choice"":""report_1"",""share_choice"":""report_1"",""comment_choice"":""support_report_1"",""like_choice"":""report_1"",""reason"":""报道1中提到的高热反复、恢复时间拖长和交叉感染压力更具体，与评论4中个别恢复慢或反复不舒服的情况相互印证，让我更倾向于相信风险可能被低估。""}"
main,influenza_a,low_feedback,main_baseline_neutral,none,positive,negative,281,1,True,,positive,positive,positive,support_positive,positive,报道1中关于大多数病例短期缓解的描述与评论中多数家长反映的平稳恢复情况更一致。,,0.0,0,0,0,0,"{""final_choice"":""report_1"",""credible_choice"":""report_1"",""share_choice"":""report_1"",""comment_choice"":""support_report_1"",""like_choice"":""report_1"",""reason"":""报道1中关于大多数病例短期缓解的描述与评论中多数家长反映的平稳恢复情况更一致。""}"
main,influenza_a,low_feedback,main_baseline_neutral,none,negative,positive,282,1,True,,negative,negative,negative,support_negative,negative,报道1中提到的'高热反复、恢复时间拖长'和'家庭和班级内部交叉感染压力'等具体风险线索，与评论2中'个别恢复慢或反复不舒服的情况值得留意'相互印证，让我更关注当前传播的潜在复杂性。,,1.0,1,1,1,4,"{""final_choice"":""report_1"",""credible_choice"":""report_1"",""share_choice"":""report_1"",""comment_choice"":""support_report_1"",""like_choice"":""report_1"",""reason"":""报道1中提到的'高热反复、恢复时间拖长'和'家庭和班级内部交叉感染压力'等具体风险线索，与评论2中'个别恢复慢或反复不舒服的情况值得留意'相互印证，让我更关注当前传播的潜在复杂性。""}"
main,influenza_a,low_feedback,main_baseline_neutral,none,positive,negative,283,1,True,,positive,positive,positive,support_positive,positive,报道1和评论中提到的恢复路径、学校应对措施以及多数病例的短期缓解趋势提供了更具体、更连贯的线索。,,0.0,0,0,0,0,"{""final_choice"":""report_1"",""credible_choice"":""report_1"",""share_choice"":""report_1"",""comment_choice"":""support_report_1"",""like_choice"":""report_1"",""reason"":""报道1和评论中提到的恢复路径、学校应对措施以及多数病例的短期缓解趋势提供了更具体、更连贯的线索。""}"
main,influenza_a,low_feedback,main_baseline_neutral,none,negative,positive,284,1,True,,negative,negative,negative,support_negative,negative,报道1中关于'高热反复、恢复时间拖长'和'家庭班级交叉感染压力'的具体描述与评论2中个别恢复慢的情况相互印证，让我更倾向于这一边。,,1.0,1,1,1,4,"{""final_choice"":""report_1"",""credible_choice"":""report_1"",""share_choice"":""report_1"",""comment_choice"":""support_report_1"",""like_choice"":""report_1"",""reason"":""报道1中关于'高热反复、恢复时间拖长'和'家庭班级交叉感染压力'的具体描述与评论2中个别恢复慢的情况相互印证，让我更倾向于这一边。""}"
main,influenza_a,low_feedback,main_baseline_neutral,none,positive,negative,285,1,True,,positive,positive,positive,support_positive,positive,报道1中提到的具体应对措施和恢复路径与评论中的家长反馈相互印证，让我更倾向于相信当前情况是可应对的季节性波动。,,0.0,0,0,0,0,"{""final_choice"":""report_1"",""credible_choice"":""report_1"",""share_choice"":""report_1"",""comment_choice"":""support_report_1"",""like_choice"":""report_1"",""reason"":""报道1中提到的具体应对措施和恢复路径与评论中的家长反馈相互印证，让我更倾向于相信当前情况是可应对的季节性波动。""}"
main,influenza_a,low_feedback,main_baseline_neutral,none,negative,positive,286,1,True,,positive,positive,positive,support_positive,positive,报道2和可见评论中关于短期恢复和常规治疗的具体描述更符合多数情况，尽管个别恢复慢的情况值得注意，但整体可控的线索更连贯。,,0.0,0,0,0,0,"{""final_choice"":""report_2"",""credible_choice"":""report_2"",""share_choice"":""report_2"",""comment_choice"":""support_report_2"",""like_choice"":""report_2"",""reason"":""报道2和可见评论中关于短期恢复和常规治疗的具体描述更符合多数情况，尽管个别恢复慢的情况值得注意，但整体可控的线索更连贯。""}"
main,influenza_a,low_feedback,main_baseline_neutral,none,positive,negative,287,1,True,,positive,positive,positive,support_positive,positive,报道1中提到的医院应对能力和恢复路径更具体，与评论中家长群的常规交流内容相互印证。,,0.0,0,0,0,0,"{""final_choice"":""report_1"",""credible_choice"":""report_1"",""share_choice"":""report_1"",""comment_choice"":""support_report_1"",""like_choice"":""report_1"",""reason"":""报道1中提到的医院应对能力和恢复路径更具体，与评论中家长群的常规交流内容相互印证。""}"
main,influenza_a,low_feedback,main_baseline_neutral,none,negative,positive,288,1,True,,negative,negative,negative,support_negative,negative,报道1中提到的恢复慢、反复高热和交叉感染压力更具体，与评论1和2中提到的恢复节奏不一、个别恢复慢的情况相互印证。,,1.0,1,1,1,4,"{""final_choice"":""report_1"",""credible_choice"":""report_1"",""share_choice"":""report_1"",""comment_choice"":""support_report_1"",""like_choice"":""report_1"",""reason"":""报道1中提到的恢复慢、反复高热和交叉感染压力更具体，与评论1和2中提到的恢复节奏不一、个别恢复慢的情况相互印证。""}"
main,influenza_a,low_feedback,main_baseline_neutral,none,positive,negative,289,1,True,,positive,positive,positive,support_positive,positive,报道1中关于症状短期缓解、学校防控有效和恢复节奏的具体描述，与评论中多数家长交流恢复平稳的情况更一致。,,0.0,0,0,0,0,"{""final_choice"":""report_1"",""credible_choice"":""report_1"",""share_choice"":""report_1"",""comment_choice"":""support_report_1"",""like_choice"":""report_1"",""reason"":""报道1中关于症状短期缓解、学校防控有效和恢复节奏的具体描述，与评论中多数家长交流恢复平稳的情况更一致。""}"
main,influenza_a,low_feedback,main_baseline_neutral,none,negative,positive,290,1,True,,negative,negative,negative,support_negative,negative,报道1中关于恢复慢、反复高热和交叉感染压力的具体描述与评论中提到的'个别恢复慢或反复不舒服'更为一致，让我更倾向于相信传播情况可能比公开数据更严峻。,,1.0,1,1,1,4,"{""final_choice"":""report_1"",""credible_choice"":""report_1"",""share_choice"":""report_1"",""comment_choice"":""support_report_1"",""like_choice"":""report_1"",""reason"":""报道1中关于恢复慢、反复高热和交叉感染压力的具体描述与评论中提到的'个别恢复慢或反复不舒服'更为一致，让我更倾向于相信传播情况可能比公开数据更严峻。""}"
main,influenza_a,low_feedback,main_baseline_neutral,none,positive,negative,291,1,True,,positive,positive,positive,support_positive,positive,报道1和评论中关于短期恢复和常规治疗的具体描述更连贯，让我更倾向于认为这是可应对的季节性波动。,,0.0,0,0,0,0,"{""final_choice"":""report_1"",""credible_choice"":""report_1"",""share_choice"":""report_1"",""comment_choice"":""support_report_1"",""like_choice"":""report_1"",""reason"":""报道1和评论中关于短期恢复和常规治疗的具体描述更连贯，让我更倾向于认为这是可应对的季节性波动。""}"
main,influenza_a,low_feedback,main_baseline_neutral,none,negative,positive,292,1,True,,negative,negative,negative,support_negative,negative,报道1中提到的'高热反复、恢复时间拖长'等具体症状与评论4中'个别恢复慢或反复不舒服的情况值得留意'相互印证，让我更关注实际就医压力可能被低估。,,1.0,1,1,1,4,"{""final_choice"":""report_1"",""credible_choice"":""report_1"",""share_choice"":""report_1"",""comment_choice"":""support_report_1"",""like_choice"":""report_1"",""reason"":""报道1中提到的'高热反复、恢复时间拖长'等具体症状与评论4中'个别恢复慢或反复不舒服的情况值得留意'相互印证，让我更关注实际就医压力可能被低估。""}"
main,influenza_a,low_feedback,main_baseline_neutral,none,positive,negative,293,1,True,,positive,positive,positive,support_positive,positive,报道1中关于大多数病例短期缓解和学校有效控制传播链的具体描述，与评论中家长和老师的平稳恢复经验相互印证，形成了更连贯的线索。,,0.0,0,0,0,0,"{""final_choice"":""report_1"",""credible_choice"":""report_1"",""share_choice"":""report_1"",""comment_choice"":""support_report_1"",""like_choice"":""report_1"",""reason"":""报道1中关于大多数病例短期缓解和学校有效控制传播链的具体描述，与评论中家长和老师的平稳恢复经验相互印证，形成了更连贯的线索。""}"
main,influenza_a,low_feedback,main_baseline_neutral,none,negative,positive,294,1,True,,negative,negative,negative,support_negative,negative,报道1中提到的'高热反复、恢复时间拖长'和'刚好转又反复'的具体描述，与评论4中'退热后体力和咳嗽缓解节奏不一样'的观察相互印证，让我更倾向于相信风险确实存在且值得警惕。,,1.0,1,1,1,4,"{""final_choice"":""report_1"",""credible_choice"":""report_1"",""share_choice"":""report_1"",""comment_choice"":""support_report_1"",""like_choice"":""report_1"",""reason"":""报道1中提到的'高热反复、恢复时间拖长'和'刚好转又反复'的具体描述，与评论4中'退热后体力和咳嗽缓解节奏不一样'的观察相互印证，让我更倾向于相信风险确实存在且值得警惕。""}"
main,influenza_a,low_feedback,main_baseline_neutral,none,positive,negative,295,1,True,,positive,positive,positive,support_positive,positive,报道1中的具体恢复路径和学校应对措施与评论里提到的平稳恢复情况相互印证，形成了更连贯的叙事。,,0.0,0,0,0,0,"{""final_choice"":""report_1"",""credible_choice"":""report_1"",""share_choice"":""report_1"",""comment_choice"":""support_report_1"",""like_choice"":""report_1"",""reason"":""报道1中的具体恢复路径和学校应对措施与评论里提到的平稳恢复情况相互印证，形成了更连贯的叙事。""}"
main,influenza_a,low_feedback,main_baseline_neutral,none,negative,positive,296,1,True,,negative,negative,negative,support_negative,negative,报道1中提到的'高热反复、恢复时间拖长'与评论4中'个别恢复慢或反复不舒服的情况'相互印证，让我更倾向于认为存在部分恢复拖长的案例。,,1.0,1,1,1,4,"{""final_choice"":""report_1"",""credible_choice"":""report_1"",""share_choice"":""report_1"",""comment_choice"":""support_report_1"",""like_choice"":""report_1"",""reason"":""报道1中提到的'高热反复、恢复时间拖长'与评论4中'个别恢复慢或反复不舒服的情况'相互印证，让我更倾向于认为存在部分恢复拖长的案例。""}"
main,influenza_a,low_feedback,main_baseline_neutral,none,positive,negative,297,1,True,,positive,positive,positive,support_positive,positive,报道1中提到的常规治疗恢复路径和学校应对措施与评论1和评论2的具体经验相互印证，形成更连贯的应对线索。,,0.0,0,0,0,0,"{""final_choice"":""report_1"",""credible_choice"":""report_1"",""share_choice"":""report_1"",""comment_choice"":""support_report_1"",""like_choice"":""report_1"",""reason"":""报道1中提到的常规治疗恢复路径和学校应对措施与评论1和评论2的具体经验相互印证，形成更连贯的应对线索。""}"
main,influenza_a,low_feedback,main_baseline_neutral,none,negative,positive,298,1,True,,negative,negative,negative,support_negative,negative,报道1里关于高热反复、恢复时间拖长和交叉感染压力的具体线索，与评论中个别恢复慢或反复不舒服的情况相互印证，让我更关注实际传播情况可能比公开数据更严峻。,,1.0,1,1,1,4,"{""final_choice"":""report_1"",""credible_choice"":""report_1"",""share_choice"":""report_1"",""comment_choice"":""support_report_1"",""like_choice"":""report_1"",""reason"":""报道1里关于高热反复、恢复时间拖长和交叉感染压力的具体线索，与评论中个别恢复慢或反复不舒服的情况相互印证，让我更关注实际传播情况可能比公开数据更严峻。""}"
main,influenza_a,low_feedback,main_baseline_neutral,none,positive,negative,299,1,True,,positive,positive,positive,support_positive,positive,报道1和评论中更具体地描述了常规治疗后的恢复过程和学校应对措施，这些线索更连贯地支持了当前情况是可应对的季节性波动的判断。,,0.0,0,0,0,0,"{""final_choice"":""report_1"",""credible_choice"":""report_1"",""share_choice"":""report_1"",""comment_choice"":""support_report_1"",""like_choice"":""report_1"",""reason"":""报道1和评论中更具体地描述了常规治疗后的恢复过程和学校应对措施，这些线索更连贯地支持了当前情况是可应对的季节性波动的判断。""}"
main,influenza_a,low_feedback,main_baseline_neutral,none,negative,positive,300,1,True,,negative,negative,negative,support_negative,negative,报道1中提到的'高热反复、恢复时间拖长'等具体症状与评论3中'个别恢复慢或反复不舒服的情况值得留意'相互印证，这些更具体的个体风险线索让我更倾向相信当前情况可能比报道2描述的更严峻。,,1.0,1,1,1,4,"{""final_choice"":""report_1"",""credible_choice"":""report_1"",""share_choice"":""report_1"",""comment_choice"":""support_report_1"",""like_choice"":""report_1"",""reason"":""报道1中提到的'高热反复、恢复时间拖长'等具体症状与评论3中'个别恢复慢或反复不舒服的情况值得留意'相互印证，这些更具体的个体风险线索让我更倾向相信当前情况可能比报道2描述的更严峻。""}"
main,mycoplasma_pneumonia,independent,main_baseline_neutral,none,positive,negative,1,1,True,,positive,positive,none,neutral,none,报道1提到的恢复时间更具体明确，且提到了医院已采取措施缓解压力，这些具体线索让我更倾向于相信整体情况可控。,,0.0,0,0,0,0,"{""final_choice"":""report_1"",""credible_choice"":""report_1"",""share_choice"":""none"",""comment_choice"":""neutral"",""like_choice"":""none"",""reason"":""报道1提到的恢复时间更具体明确，且提到了医院已采取措施缓解压力，这些具体线索让我更倾向于相信整体情况可控。""}"
main,mycoplasma_pneumonia,independent,main_baseline_neutral,none,negative,positive,2,1,True,,negative,negative,none,neutral,none,报道1中提到的反复复诊、夜间咳嗽和恢复慢等具体现象更符合背景中提到的公众高度关注和现实压力累积。,,1.0,1,0,0,1,"{""final_choice"":""report_1"",""credible_choice"":""report_1"",""share_choice"":""none"",""comment_choice"":""neutral"",""like_choice"":""none"",""reason"":""报道1中提到的反复复诊、夜间咳嗽和恢复慢等具体现象更符合背景中提到的公众高度关注和现实压力累积。""}"
main,mycoplasma_pneumonia,independent,main_baseline_neutral,none,positive,negative,3,1,True,,positive,positive,none,neutral,none,报道1提供了更多具体恢复时间和医院应对措施的具体案例，而报道2的描述相对笼统。,,0.0,0,0,0,0,"{""final_choice"":""report_1"",""credible_choice"":""report_1"",""share_choice"":""none"",""comment_choice"":""neutral"",""like_choice"":""none"",""reason"":""报道1提供了更多具体恢复时间和医院应对措施的具体案例，而报道2的描述相对笼统。""}"
main,mycoplasma_pneumonia,independent,main_baseline_neutral,none,negative,positive,4,1,True,,negative,negative,none,neutral,none,报道1中提到的咳嗽拖得更久、复诊次数增加和家庭照护负担上升的具体现象比报道2中的一般性恢复描述更有针对性。,,1.0,1,0,0,1,"{""final_choice"":""report_1"",""credible_choice"":""report_1"",""share_choice"":""none"",""comment_choice"":""neutral"",""like_choice"":""none"",""reason"":""报道1中提到的咳嗽拖得更久、复诊次数增加和家庭照护负担上升的具体现象比报道2中的一般性恢复描述更有针对性。""}"
main,mycoplasma_pneumonia,independent,main_baseline_neutral,none,positive,negative,5,1,True,,positive,positive,none,neutral,none,报道1提供了更具体的恢复时间范围和医院应对措施，而报道2的担忧描述相对笼统。,,0.0,0,0,0,0,"{""final_choice"":""report_1"",""credible_choice"":""report_1"",""share_choice"":""none"",""comment_choice"":""neutral"",""like_choice"":""none"",""reason"":""报道1提供了更具体的恢复时间范围和医院应对措施，而报道2的担忧描述相对笼统。""}"
main,mycoplasma_pneumonia,independent,main_baseline_neutral,none,negative,positive,6,1,True,,negative,negative,none,neutral,none,报道1中反复出现的恢复慢、复诊次数增加和夜间咳嗽反复等具体描述更贴近背景信息中提到的公众关注点。,,1.0,1,0,0,1,"{""final_choice"":""report_1"",""credible_choice"":""report_1"",""share_choice"":""none"",""comment_choice"":""neutral"",""like_choice"":""none"",""reason"":""报道1中反复出现的恢复慢、复诊次数增加和夜间咳嗽反复等具体描述更贴近背景信息中提到的公众关注点。""}"
main,mycoplasma_pneumonia,independent,main_baseline_neutral,none,positive,negative,7,1,True,,positive,positive,none,neutral,none,报道1提到的医院应对措施和大多数孩子在可预期范围内改善的线索更具体，对整体情况有更清晰的描述。,,0.0,0,0,0,0,"{""final_choice"":""report_1"",""credible_choice"":""report_1"",""share_choice"":""none"",""comment_choice"":""neutral"",""like_choice"":""none"",""reason"":""报道1提到的医院应对措施和大多数孩子在可预期范围内改善的线索更具体，对整体情况有更清晰的描述。""}"
main,mycoplasma_pneumonia,independent,main_baseline_neutral,none,negative,positive,8,1,True,,negative,negative,none,neutral,none,报道1提供了更多关于病程拖长、复诊增加和家庭负担的具体线索，这些细节在背景信息中的'公众高度关注'和'家庭照护负担上升'方面有更强对应。,,1.0,1,0,0,1,"{""final_choice"":""report_1"",""credible_choice"":""report_1"",""share_choice"":""none"",""comment_choice"":""neutral"",""like_choice"":""none"",""reason"":""报道1提供了更多关于病程拖长、复诊增加和家庭负担的具体线索，这些细节在背景信息中的'公众高度关注'和'家庭照护负担上升'方面有更强对应。""}"
main,mycoplasma_pneumonia,independent,main_baseline_neutral,none,positive,negative,9,1,True,,positive,positive,none,neutral,none,报道1提供的具体恢复路径和医院应对措施更具体，而报道2的风险描述虽然存在但相对笼统。,,0.0,0,0,0,0,"{""final_choice"":""report_1"",""credible_choice"":""report_1"",""share_choice"":""none"",""comment_choice"":""neutral"",""like_choice"":""none"",""reason"":""报道1提供的具体恢复路径和医院应对措施更具体，而报道2的风险描述虽然存在但相对笼统。""}"
main,mycoplasma_pneumonia,independent,main_baseline_neutral,none,negative,positive,10,1,True,,negative,negative,none,neutral,none,报道1中提到的咳嗽拖得更久、复诊次数增加和家庭照护负担上升等具体风险线索，比报道2中的一般恢复描述更能引起我的关注。,,1.0,1,0,0,1,"{""final_choice"":""report_1"",""credible_choice"":""report_1"",""share_choice"":""none"",""comment_choice"":""neutral"",""like_choice"":""none"",""reason"":""报道1中提到的咳嗽拖得更久、复诊次数增加和家庭照护负担上升等具体风险线索，比报道2中的一般恢复描述更能引起我的关注。""}"
main,mycoplasma_pneumonia,independent,main_baseline_neutral,none,positive,negative,11,1,True,,positive,positive,none,neutral,none,报道1提供了更具体的恢复时间框架和医疗应对措施，而报道2的描述相对模糊且缺乏具体数据支持。,,0.0,0,0,0,0,"{""final_choice"":""report_1"",""credible_choice"":""report_1"",""share_choice"":""none"",""comment_choice"":""neutral"",""like_choice"":""none"",""reason"":""报道1提供了更具体的恢复时间框架和医疗应对措施，而报道2的描述相对模糊且缺乏具体数据支持。""}"
main,mycoplasma_pneumonia,independent,main_baseline_neutral,none,negative,positive,12,1,True,,negative,negative,none,neutral,none,报道1更详细描述了恢复慢、复诊增加和家庭负担等具体压力，而报道2虽提到医院应对措施，但对这些持续问题的回应不够充分。,,1.0,1,0,0,1,"{""final_choice"":""report_1"",""credible_choice"":""report_1"",""share_choice"":""none"",""comment_choice"":""neutral"",""like_choice"":""none"",""reason"":""报道1更详细描述了恢复慢、复诊增加和家庭负担等具体压力，而报道2虽提到医院应对措施，但对这些持续问题的回应不够充分。""}"
main,mycoplasma_pneumonia,independent,main_baseline_neutral,none,positive,negative,13,1,True,,neutral,neutral,none,neutral,none,两篇报道都提到了恢复节奏差异和个体差异，且都承认不同情况不一致，没有哪一方提供更具体或更一致的线索。,,0.5,0,0,0,0,"{""final_choice"":""neutral"",""credible_choice"":""neutral"",""share_choice"":""none"",""comment_choice"":""neutral"",""like_choice"":""none"",""reason"":""两篇报道都提到了恢复节奏差异和个体差异，且都承认不同情况不一致，没有哪一方提供更具体或更一致的线索。""}"
main,mycoplasma_pneumonia,independent,main_baseline_neutral,none,negative,positive,14,1,True,,negative,negative,none,neutral,none,报道1提到的咳嗽拖得更久、复诊次数增加和家庭照护负担上升等具体风险线索更连续且具体。,,1.0,1,0,0,1,"{""final_choice"":""report_1"",""credible_choice"":""report_1"",""share_choice"":""none"",""comment_choice"":""neutral"",""like_choice"":""none"",""reason"":""报道1提到的咳嗽拖得更久、复诊次数增加和家庭照护负担上升等具体风险线索更连续且具体。""}"
main,mycoplasma_pneumonia,independent,main_baseline_neutral,none,positive,negative,15,1,True,,neutral,neutral,none,neutral,none,两边都提到了恢复情况和地区差异，但都没有提供足够具体或一致的证据来形成相对优势。,,0.5,0,0,0,0,"{""final_choice"":""neutral"",""credible_choice"":""neutral"",""share_choice"":""none"",""comment_choice"":""neutral"",""like_choice"":""none"",""reason"":""两边都提到了恢复情况和地区差异，但都没有提供足够具体或一致的证据来形成相对优势。""}"
main,mycoplasma_pneumonia,independent,main_baseline_neutral,none,negative,positive,16,1,True,,negative,negative,none,neutral,none,报道1提到的咳嗽拖得更久、复诊次数增加和家庭照护负担上升的具体现象更符合背景中提到的公众高度关注和讨论增多的状态。,,1.0,1,0,0,1,"{""final_choice"":""report_1"",""credible_choice"":""report_1"",""share_choice"":""none"",""comment_choice"":""neutral"",""like_choice"":""none"",""reason"":""报道1提到的咳嗽拖得更久、复诊次数增加和家庭照护负担上升的具体现象更符合背景中提到的公众高度关注和讨论增多的状态。""}"
main,mycoplasma_pneumonia,independent,main_baseline_neutral,none,positive,negative,17,1,True,,positive,positive,none,support_positive,positive,报道1中提到的医院应对措施和大多数孩子在规范治疗后恢复的案例，比报道2中只强调的恢复慢和门诊拥挤更具体地回应了背景信息中的就医压力问题。,,0.0,0,0,0,0,"{""final_choice"":""report_1"",""credible_choice"":""report_1"",""share_choice"":""none"",""comment_choice"":""support_report_1"",""like_choice"":""report_1"",""reason"":""报道1中提到的医院应对措施和大多数孩子在规范治疗后恢复的案例，比报道2中只强调的恢复慢和门诊拥挤更具体地回应了背景信息中的就医压力问题。""}"
main,mycoplasma_pneumonia,independent,main_baseline_neutral,none,negative,positive,18,1,True,,negative,negative,none,neutral,none,报道1提供了更多关于病程拖长、复诊增加和家庭负担的具体线索，这些细节更直接回应了背景中提到的'恢复慢'和'压力累积'现象。,,1.0,1,0,0,1,"{""final_choice"":""report_1"",""credible_choice"":""report_1"",""share_choice"":""none"",""comment_choice"":""neutral"",""like_choice"":""none"",""reason"":""报道1提供了更多关于病程拖长、复诊增加和家庭负担的具体线索，这些细节更直接回应了背景中提到的'恢复慢'和'压力累积'现象。""}"
main,mycoplasma_pneumonia,independent,main_baseline_neutral,none,positive,negative,19,1,True,,positive,positive,none,neutral,none,报道1中关于大多数孩子在规范治疗后几天到一两周内恢复的具体描述，比报道2中更笼统的'恢复慢于预期'更有说服力。,,0.0,0,0,0,0,"{""final_choice"":""report_1"",""credible_choice"":""report_1"",""share_choice"":""none"",""comment_choice"":""neutral"",""like_choice"":""none"",""reason"":""报道1中关于大多数孩子在规范治疗后几天到一两周内恢复的具体描述，比报道2中更笼统的'恢复慢于预期'更有说服力。""}"
main,mycoplasma_pneumonia,independent,main_baseline_neutral,none,negative,positive,20,1,True,,negative,negative,none,support_negative,negative,报道1中提到的咳嗽拖久、复诊次数增加和家庭照护负担上升等具体风险线索更符合背景中公众高度关注的传播情况与就医压力。,,1.0,1,0,1,3,"{""final_choice"":""report_1"",""credible_choice"":""report_1"",""share_choice"":""none"",""comment_choice"":""support_report_1"",""like_choice"":""report_1"",""reason"":""报道1中提到的咳嗽拖久、复诊次数增加和家庭照护负担上升等具体风险线索更符合背景中公众高度关注的传播情况与就医压力。""}"
main,mycoplasma_pneumonia,independent,main_baseline_neutral,none,positive,negative,21,1,True,,positive,positive,none,neutral,none,报道1提到的规范治疗后几天到一两周内逐步恢复、医院采取措施缓解压力，以及大多数情况可控的描述更符合我看到的材料线索。,,0.0,0,0,0,0,"{""final_choice"":""report_1"",""credible_choice"":""report_1"",""share_choice"":""none"",""comment_choice"":""neutral"",""like_choice"":""none"",""reason"":""报道1提到的规范治疗后几天到一两周内逐步恢复、医院采取措施缓解压力，以及大多数情况可控的描述更符合我看到的材料线索。""}"
main,mycoplasma_pneumonia,independent,main_baseline_neutral,none,negative,positive,22,1,True,,negative,negative,none,neutral,none,报道1更具体地描述了咳嗽拖久、复诊增加和家庭照护负担等持续压力，这些具体风险线索比报道2中的一般性恢复描述更能解释当前就医压力问题。,,1.0,1,0,0,1,"{""final_choice"":""report_1"",""credible_choice"":""report_1"",""share_choice"":""none"",""comment_choice"":""neutral"",""like_choice"":""none"",""reason"":""报道1更具体地描述了咳嗽拖久、复诊增加和家庭照护负担等持续压力，这些具体风险线索比报道2中的一般性恢复描述更能解释当前就医压力问题。""}"
main,mycoplasma_pneumonia,independent,main_baseline_neutral,none,positive,negative,23,1,True,,neutral,neutral,none,neutral,none,两篇报道都提供了具体且相互制衡的线索，报道1提到大多数孩子恢复较快且医院已采取措施，报道2则强调了恢复慢和就诊压力，两者都有具体案例支持，目前没有形成明显相对优势。,,0.5,0,0,0,0,"{""final_choice"":""neutral"",""credible_choice"":""neutral"",""share_choice"":""none"",""comment_choice"":""neutral"",""like_choice"":""none"",""reason"":""两篇报道都提供了具体且相互制衡的线索，报道1提到大多数孩子恢复较快且医院已采取措施，报道2则强调了恢复慢和就诊压力，两者都有具体案例支持，目前没有形成明显相对优势。""}"
main,mycoplasma_pneumonia,independent,main_baseline_neutral,none,negative,positive,24,1,True,,negative,negative,none,neutral,none,报道1中提到的具体风险线索如咳嗽拖得更久、复诊次数增加和家庭照护负担上升，比报道2中的一般性恢复描述更具象。,,1.0,1,0,0,1,"{""final_choice"":""report_1"",""credible_choice"":""report_1"",""share_choice"":""none"",""comment_choice"":""neutral"",""like_choice"":""none"",""reason"":""报道1中提到的具体风险线索如咳嗽拖得更久、复诊次数增加和家庭照护负担上升，比报道2中的一般性恢复描述更具象。""}"
main,mycoplasma_pneumonia,independent,main_baseline_neutral,none,positive,negative,25,1,True,,neutral,neutral,none,neutral,none,两篇报道都提到了恢复情况的个体差异，都有具体案例支持，没有哪一边的线索明显更有说服力。,,0.5,0,0,0,0,"{""final_choice"":""neutral"",""credible_choice"":""neutral"",""share_choice"":""none"",""comment_choice"":""neutral"",""like_choice"":""none"",""reason"":""两篇报道都提到了恢复情况的个体差异，都有具体案例支持，没有哪一边的线索明显更有说服力。""}"
main,mycoplasma_pneumonia,independent,main_baseline_neutral,none,negative,positive,26,1,True,,negative,negative,none,neutral,none,报道1中反复出现的恢复慢、复诊次数增加和家庭照护负担上升的具体描述比报道2的几天到一两周内逐步恢复的描述更能解释背景中的门诊拥挤和公众高度关注现象。,,1.0,1,0,0,1,"{""final_choice"":""report_1"",""credible_choice"":""report_1"",""share_choice"":""none"",""comment_choice"":""neutral"",""like_choice"":""none"",""reason"":""报道1中反复出现的恢复慢、复诊次数增加和家庭照护负担上升的具体描述比报道2的几天到一两周内逐步恢复的描述更能解释背景中的门诊拥挤和公众高度关注现象。""}"
main,mycoplasma_pneumonia,independent,main_baseline_neutral,none,positive,negative,27,1,True,,positive,positive,none,neutral,none,报道1提到的医院应对措施和大多数孩子可预期恢复的线索更具体，而报道2虽然提到压力，但缺乏应对措施的正面信息。,,0.0,0,0,0,0,"{""final_choice"":""report_1"",""credible_choice"":""report_1"",""share_choice"":""none"",""comment_choice"":""neutral"",""like_choice"":""none"",""reason"":""报道1提到的医院应对措施和大多数孩子可预期恢复的线索更具体，而报道2虽然提到压力，但缺乏应对措施的正面信息。""}"
main,mycoplasma_pneumonia,independent,main_baseline_neutral,none,negative,positive,28,1,True,,negative,negative,none,support_negative,negative,报道1提供了更具体的持续症状、复诊增加和家庭负担等风险线索，这些具体性更强的描述使风险显得更真实。,,1.0,1,0,1,3,"{""final_choice"":""report_1"",""credible_choice"":""report_1"",""share_choice"":""none"",""comment_choice"":""support_report_1"",""like_choice"":""report_1"",""reason"":""报道1提供了更具体的持续症状、复诊增加和家庭负担等风险线索，这些具体性更强的描述使风险显得更真实。""}"
main,mycoplasma_pneumonia,independent,main_baseline_neutral,none,positive,negative,29,1,True,,positive,positive,none,neutral,none,报道1提到的规范治疗后几天到一两周内恢复、医院应对措施和大多数情况的可预期改善，比报道2更具体地提供了缓解证据。,,0.0,0,0,0,0,"{""final_choice"":""report_1"",""credible_choice"":""report_1"",""share_choice"":""none"",""comment_choice"":""neutral"",""like_choice"":""none"",""reason"":""报道1提到的规范治疗后几天到一两周内恢复、医院应对措施和大多数情况的可预期改善，比报道2更具体地提供了缓解证据。""}"
main,mycoplasma_pneumonia,independent,main_baseline_neutral,none,negative,positive,30,1,True,,negative,negative,none,neutral,none,报道1中反复出现的恢复慢、复诊增加和夜间咳嗽反复等具体风险线索比报道2的常规恢复描述更能引起关注。,,1.0,1,0,0,1,"{""final_choice"":""report_1"",""credible_choice"":""report_1"",""share_choice"":""none"",""comment_choice"":""neutral"",""like_choice"":""none"",""reason"":""报道1中反复出现的恢复慢、复诊增加和夜间咳嗽反复等具体风险线索比报道2的常规恢复描述更能引起关注。""}"
main,mycoplasma_pneumonia,independent,main_baseline_neutral,none,positive,negative,31,1,True,,positive,positive,none,neutral,none,报道1提到大多数孩子在规范治疗后几天到一两周内恢复，有具体的时间范围和医院应对措施，比报道2的'恢复拖长'描述更明确。,,0.0,0,0,0,0,"{""final_choice"":""report_1"",""credible_choice"":""report_1"",""share_choice"":""none"",""comment_choice"":""neutral"",""like_choice"":""none"",""reason"":""报道1提到大多数孩子在规范治疗后几天到一两周内恢复，有具体的时间范围和医院应对措施，比报道2的'恢复拖长'描述更明确。""}"
main,mycoplasma_pneumonia,independent,main_baseline_neutral,none,negative,positive,32,1,True,,negative,negative,none,neutral,none,报道1中提到的咳嗽拖得更久、复诊次数增加和夜间咳嗽反复等具体风险线索，比报道2中的一般恢复描述更能解释背景中提到的就医压力和家庭负担。,,1.0,1,0,0,1,"{""final_choice"":""report_1"",""credible_choice"":""report_1"",""share_choice"":""none"",""comment_choice"":""neutral"",""like_choice"":""none"",""reason"":""报道1中提到的咳嗽拖得更久、复诊次数增加和夜间咳嗽反复等具体风险线索，比报道2中的一般恢复描述更能解释背景中提到的就医压力和家庭负担。""}"
main,mycoplasma_pneumonia,independent,main_baseline_neutral,none,positive,negative,33,1,True,,positive,positive,none,neutral,none,报道1提供了更具体的恢复路径和医疗应对措施，而报道2的风险线索较为笼统。,,0.0,0,0,0,0,"{""final_choice"":""report_1"",""credible_choice"":""report_1"",""share_choice"":""none"",""comment_choice"":""neutral"",""like_choice"":""none"",""reason"":""报道1提供了更具体的恢复路径和医疗应对措施，而报道2的风险线索较为笼统。""}"
main,mycoplasma_pneumonia,independent,main_baseline_neutral,none,negative,positive,34,1,True,,negative,negative,none,neutral,none,报道1中关于咳嗽拖久、复诊增加和家庭负担上升的具体描述比报道2中的一般性恢复描述更具体。,,1.0,1,0,0,1,"{""final_choice"":""report_1"",""credible_choice"":""report_1"",""share_choice"":""none"",""comment_choice"":""neutral"",""like_choice"":""none"",""reason"":""报道1中关于咳嗽拖久、复诊增加和家庭负担上升的具体描述比报道2中的一般性恢复描述更具体。""}"
main,mycoplasma_pneumonia,independent,main_baseline_neutral,none,positive,negative,35,1,True,,positive,positive,none,neutral,none,报道1提供了更多具体医院应对措施和恢复时间框架，比报道2的模糊风险描述更有参考价值。,,0.0,0,0,0,0,"{""final_choice"":""report_1"",""credible_choice"":""report_1"",""share_choice"":""none"",""comment_choice"":""neutral"",""like_choice"":""none"",""reason"":""报道1提供了更多具体医院应对措施和恢复时间框架，比报道2的模糊风险描述更有参考价值。""}"
main,mycoplasma_pneumonia,independent,main_baseline_neutral,none,negative,positive,36,1,True,,negative,negative,none,neutral,none,报道1中提到的'咳嗽拖得更久、复诊次数增加、夜间咳嗽反复'等具体症状反复出现，比报道2中的'大多在可预期范围内缓慢改善'更符合当前医疗资源紧张的现实。,,1.0,1,0,0,1,"{""final_choice"":""report_1"",""credible_choice"":""report_1"",""share_choice"":""none"",""comment_choice"":""neutral"",""like_choice"":""none"",""reason"":""报道1中提到的'咳嗽拖得更久、复诊次数增加、夜间咳嗽反复'等具体症状反复出现，比报道2中的'大多在可预期范围内缓慢改善'更符合当前医疗资源紧张的现实。""}"
main,mycoplasma_pneumonia,independent,main_baseline_neutral,none,positive,negative,37,1,True,,positive,positive,none,neutral,none,报道1提到的医院应对措施和大多数孩子可预期恢复的线索比报道2更具体。,,0.0,0,0,0,0,"{""final_choice"":""report_1"",""credible_choice"":""report_1"",""share_choice"":""none"",""comment_choice"":""neutral"",""like_choice"":""none"",""reason"":""报道1提到的医院应对措施和大多数孩子可预期恢复的线索比报道2更具体。""}"
main,mycoplasma_pneumonia,independent,main_baseline_neutral,none,negative,positive,38,1,True,,negative,negative,none,neutral,none,报道1提供了更多关于病程延长、复诊次数增加和家庭负担上升的具体线索，这些细节与背景中提到的家庭讨论增多和现实压力累积相呼应。,,1.0,1,0,0,1,"{""final_choice"":""report_1"",""credible_choice"":""report_1"",""share_choice"":""none"",""comment_choice"":""neutral"",""like_choice"":""none"",""reason"":""报道1提供了更多关于病程延长、复诊次数增加和家庭负担上升的具体线索，这些细节与背景中提到的家庭讨论增多和现实压力累积相呼应。""}"
main,mycoplasma_pneumonia,independent,main_baseline_neutral,none,positive,negative,39,1,True,,positive,positive,none,neutral,none,报道1提供了更具体的恢复时间框架和应对措施，缓解证据更明确。,,0.0,0,0,0,0,"{""final_choice"":""report_1"",""credible_choice"":""report_1"",""share_choice"":""none"",""comment_choice"":""neutral"",""like_choice"":""none"",""reason"":""报道1提供了更具体的恢复时间框架和应对措施，缓解证据更明确。""}"
main,mycoplasma_pneumonia,independent,main_baseline_neutral,none,negative,positive,40,1,True,,negative,negative,none,support_negative,negative,报道1中具体提到的'咳嗽拖得更久、复诊次数增加、家庭照护负担上升、夜间咳嗽反复'等细节更符合背景信息中'公众高度关注'和'讨论明显增多'的现状，而报道2的'大多数孩子几天到一两周恢复'显得过于笼统。,,1.0,1,0,1,3,"{""final_choice"":""report_1"",""credible_choice"":""report_1"",""share_choice"":""none"",""comment_choice"":""support_report_1"",""like_choice"":""report_1"",""reason"":""报道1中具体提到的'咳嗽拖得更久、复诊次数增加、家庭照护负担上升、夜间咳嗽反复'等细节更符合背景信息中'公众高度关注'和'讨论明显增多'的现状，而报道2的'大多数孩子几天到一两周恢复'显得过于笼统。""}"
main,mycoplasma_pneumonia,independent,main_baseline_neutral,none,positive,negative,41,1,True,,positive,positive,none,support_positive,positive,报道1提到的规范治疗后几天到一两周内恢复，以及医院通过分诊、延时门诊等应对措施，更符合背景中提到的儿科门诊接诊量增加但大多数孩子能恢复的情况。,,0.0,0,0,0,0,"{""final_choice"":""report_1"",""credible_choice"":""report_1"",""share_choice"":""none"",""comment_choice"":""support_report_1"",""like_choice"":""report_1"",""reason"":""报道1提到的规范治疗后几天到一两周内恢复，以及医院通过分诊、延时门诊等应对措施，更符合背景中提到的儿科门诊接诊量增加但大多数孩子能恢复的情况。""}"
main,mycoplasma_pneumonia,independent,main_baseline_neutral,none,negative,positive,42,1,True,,negative,negative,none,neutral,none,报道1提到的复诊次数增加、家庭照护负担上升等具体现象更符合背景信息中儿科门诊接诊量增加和公众高度关注的情况。,,1.0,1,0,0,1,"{""final_choice"":""report_1"",""credible_choice"":""report_1"",""share_choice"":""none"",""comment_choice"":""neutral"",""like_choice"":""none"",""reason"":""报道1提到的复诊次数增加、家庭照护负担上升等具体现象更符合背景信息中儿科门诊接诊量增加和公众高度关注的情况。""}"
main,mycoplasma_pneumonia,independent,main_baseline_neutral,none,positive,negative,43,1,True,,positive,positive,none,neutral,none,报道1提供了医院应对措施和多数孩子恢复时间更具体的线索，而报道2虽然提到恢复慢和复诊，但缺乏明确的时间范围或具体应对措施。,,0.0,0,0,0,0,"{""final_choice"":""report_1"",""credible_choice"":""report_1"",""share_choice"":""none"",""comment_choice"":""neutral"",""like_choice"":""none"",""reason"":""报道1提供了医院应对措施和多数孩子恢复时间更具体的线索，而报道2虽然提到恢复慢和复诊，但缺乏明确的时间范围或具体应对措施。""}"
main,mycoplasma_pneumonia,independent,main_baseline_neutral,none,negative,positive,44,1,True,,negative,negative,none,neutral,none,报道1提到的咳嗽拖久、复诊增加和家庭负担上升等具体风险线索在材料中更为详细和连续。,,1.0,1,0,0,1,"{""final_choice"":""report_1"",""credible_choice"":""report_1"",""share_choice"":""none"",""comment_choice"":""neutral"",""like_choice"":""none"",""reason"":""报道1提到的咳嗽拖久、复诊增加和家庭负担上升等具体风险线索在材料中更为详细和连续。""}"
main,mycoplasma_pneumonia,independent,main_baseline_neutral,none,positive,negative,45,1,True,,positive,positive,none,neutral,none,报道1提供了医院应对措施和大多数孩子恢复的具体时间范围，而报道2的风险描述虽然详细但缺乏具体数据支持。,,0.0,0,0,0,0,"{""final_choice"":""report_1"",""credible_choice"":""report_1"",""share_choice"":""none"",""comment_choice"":""neutral"",""like_choice"":""none"",""reason"":""报道1提供了医院应对措施和大多数孩子恢复的具体时间范围，而报道2的风险描述虽然详细但缺乏具体数据支持。""}"
main,mycoplasma_pneumonia,independent,main_baseline_neutral,none,negative,positive,46,1,True,,negative,negative,none,neutral,none,报道1中对恢复慢、复诊次数增加和夜间咳嗽反复的具体描述更贴近当前多地医院儿科门诊接诊量增加的背景情况。,,1.0,1,0,0,1,"{""final_choice"":""report_1"",""credible_choice"":""report_1"",""share_choice"":""none"",""comment_choice"":""neutral"",""like_choice"":""none"",""reason"":""报道1中对恢复慢、复诊次数增加和夜间咳嗽反复的具体描述更贴近当前多地医院儿科门诊接诊量增加的背景情况。""}"
main,mycoplasma_pneumonia,independent,main_baseline_neutral,none,positive,negative,47,1,True,,positive,positive,none,neutral,none,报道1中提到的医院应对措施和大多数孩子的可预期恢复路径提供了更具体的可控性线索。,,0.0,0,0,0,0,"{""final_choice"":""report_1"",""credible_choice"":""report_1"",""share_choice"":""none"",""comment_choice"":""neutral"",""like_choice"":""none"",""reason"":""报道1中提到的医院应对措施和大多数孩子的可预期恢复路径提供了更具体的可控性线索。""}"
main,mycoplasma_pneumonia,independent,main_baseline_neutral,none,negative,positive,48,1,True,,negative,negative,none,neutral,none,报道1中咳嗽拖得更久、复诊次数增加、家庭照护负担上升等具体风险线索比报道2的恢复预期描述更具体且连续出现。,,1.0,1,0,0,1,"{""final_choice"":""report_1"",""credible_choice"":""report_1"",""share_choice"":""none"",""comment_choice"":""neutral"",""like_choice"":""none"",""reason"":""报道1中咳嗽拖得更久、复诊次数增加、家庭照护负担上升等具体风险线索比报道2的恢复预期描述更具体且连续出现。""}"
main,mycoplasma_pneumonia,independent,main_baseline_neutral,none,positive,negative,49,1,True,,positive,positive,none,neutral,none,报道1提到了具体的治疗恢复时间范围（几天到一两周）和医院应对措施（分诊、延时门诊、加开号源），比报道2中笼统的'持续影响更强'和'恢复慢于预期'提供了更具体的信息。,,0.0,0,0,0,0,"{""final_choice"":""report_1"",""credible_choice"":""report_1"",""share_choice"":""none"",""comment_choice"":""neutral"",""like_choice"":""none"",""reason"":""报道1提到了具体的治疗恢复时间范围（几天到一两周）和医院应对措施（分诊、延时门诊、加开号源），比报道2中笼统的'持续影响更强'和'恢复慢于预期'提供了更具体的信息。""}"
main,mycoplasma_pneumonia,independent,main_baseline_neutral,none,negative,positive,50,1,True,,negative,negative,none,neutral,none,报道1中反复提到的咳嗽拖得更久、复诊次数增加和家庭照护负担上升等具体现象，比报道2中的一般性恢复描述更符合背景中提到的公众高度关注状态。,,1.0,1,0,0,1,"{""final_choice"":""report_1"",""credible_choice"":""report_1"",""share_choice"":""none"",""comment_choice"":""neutral"",""like_choice"":""none"",""reason"":""报道1中反复提到的咳嗽拖得更久、复诊次数增加和家庭照护负担上升等具体现象，比报道2中的一般性恢复描述更符合背景中提到的公众高度关注状态。""}"
main,mycoplasma_pneumonia,independent,main_baseline_neutral,none,positive,negative,51,1,True,,positive,positive,none,neutral,none,报道1提到了规范治疗后的恢复时间框架和医院应对措施，给出了更具体的恢复预期。,,0.0,0,0,0,0,"{""final_choice"":""report_1"",""credible_choice"":""report_1"",""share_choice"":""none"",""comment_choice"":""neutral"",""like_choice"":""none"",""reason"":""报道1提到了规范治疗后的恢复时间框架和医院应对措施，给出了更具体的恢复预期。""}"
main,mycoplasma_pneumonia,independent,main_baseline_neutral,none,negative,positive,52,1,True,,negative,negative,none,support_negative,none,报道1提到的持续咳嗽、复诊次数增加和家庭照护负担更符合背景中描述的广泛讨论和高度关注。,,1.0,1,0,1,2,"{""final_choice"":""report_1"",""credible_choice"":""report_1"",""share_choice"":""none"",""comment_choice"":""support_report_1"",""like_choice"":""none"",""reason"":""报道1提到的持续咳嗽、复诊次数增加和家庭照护负担更符合背景中描述的广泛讨论和高度关注。""}"
main,mycoplasma_pneumonia,independent,main_baseline_neutral,none,positive,negative,53,1,True,,positive,positive,none,neutral,none,报道1提到规范治疗后大多数孩子在几天到一两周内恢复，医院已采取措施缓解压力，这些具体应对措施和恢复时间线比报道2中更明确。,,0.0,0,0,0,0,"{""final_choice"":""report_1"",""credible_choice"":""report_1"",""share_choice"":""none"",""comment_choice"":""neutral"",""like_choice"":""none"",""reason"":""报道1提到规范治疗后大多数孩子在几天到一两周内恢复，医院已采取措施缓解压力，这些具体应对措施和恢复时间线比报道2中更明确。""}"
main,mycoplasma_pneumonia,independent,main_baseline_neutral,none,negative,positive,54,1,True,,negative,negative,none,neutral,none,报道1提到的咳嗽拖久、复诊次数增加、家庭照护负担上升等具体风险线索更连续且具体。,,1.0,1,0,0,1,"{""final_choice"":""report_1"",""credible_choice"":""report_1"",""share_choice"":""none"",""comment_choice"":""neutral"",""like_choice"":""none"",""reason"":""报道1提到的咳嗽拖久、复诊次数增加、家庭照护负担上升等具体风险线索更连续且具体。""}"
main,mycoplasma_pneumonia,independent,main_baseline_neutral,none,positive,negative,55,1,True,,positive,positive,none,neutral,none,报道1中提到的医院应对措施和大多数孩子可预期恢复的线索，比报道2中更笼统的'持续影响可能更强'更有说服力。,,0.0,0,0,0,0,"{""final_choice"":""report_1"",""credible_choice"":""report_1"",""share_choice"":""none"",""comment_choice"":""neutral"",""like_choice"":""none"",""reason"":""报道1中提到的医院应对措施和大多数孩子可预期恢复的线索，比报道2中更笼统的'持续影响可能更强'更有说服力。""}"
main,mycoplasma_pneumonia,independent,main_baseline_neutral,none,negative,positive,56,1,True,,negative,negative,none,neutral,none,报道1中反复提到的'恢复慢'、'复诊次数增加'和'家庭照护负担上升'这些具体线索，与背景信息中提到的'儿科门诊接诊量增加'和'家庭围绕儿童呼吸道疾病的讨论明显增多'形成了更直接的联系。,,1.0,1,0,0,1,"{""final_choice"":""report_1"",""credible_choice"":""report_1"",""share_choice"":""none"",""comment_choice"":""neutral"",""like_choice"":""none"",""reason"":""报道1中反复提到的'恢复慢'、'复诊次数增加'和'家庭照护负担上升'这些具体线索，与背景信息中提到的'儿科门诊接诊量增加'和'家庭围绕儿童呼吸道疾病的讨论明显增多'形成了更直接的联系。""}"
main,mycoplasma_pneumonia,independent,main_baseline_neutral,none,positive,negative,57,1,True,,positive,positive,none,neutral,none,报道1提到医院已通过分诊、延时门诊和加开号源来缓解压力，并且大多数孩子在规范治疗后会在几天到一两周内恢复，这些具体应对措施和恢复时间框架比报道2的笼统描述更有说服力。,,0.0,0,0,0,0,"{""final_choice"":""report_1"",""credible_choice"":""report_1"",""share_choice"":""none"",""comment_choice"":""neutral"",""like_choice"":""none"",""reason"":""报道1提到医院已通过分诊、延时门诊和加开号源来缓解压力，并且大多数孩子在规范治疗后会在几天到一两周内恢复，这些具体应对措施和恢复时间框架比报道2的笼统描述更有说服力。""}"
main,mycoplasma_pneumonia,independent,main_baseline_neutral,none,negative,positive,58,1,True,,negative,negative,none,neutral,none,报道1提到的'咳嗽拖得更久、复诊次数增加、夜间咳嗽反复'等具体现象比报道2的'几天到一两周内逐步恢复'更符合背景中提到的'家庭照护负担明显上升'和'公众高度关注'。,,1.0,1,0,0,1,"{""final_choice"":""report_1"",""credible_choice"":""report_1"",""share_choice"":""none"",""comment_choice"":""neutral"",""like_choice"":""none"",""reason"":""报道1提到的'咳嗽拖得更久、复诊次数增加、夜间咳嗽反复'等具体现象比报道2的'几天到一两周内逐步恢复'更符合背景中提到的'家庭照护负担明显上升'和'公众高度关注'。""}"
main,mycoplasma_pneumonia,independent,main_baseline_neutral,none,positive,negative,59,1,True,,positive,positive,none,neutral,none,报道1提供了更具体的医院应对措施和恢复时间框架，而报道2的风险描述相对笼统。,,0.0,0,0,0,0,"{""final_choice"":""report_1"",""credible_choice"":""report_1"",""share_choice"":""none"",""comment_choice"":""neutral"",""like_choice"":""none"",""reason"":""报道1提供了更具体的医院应对措施和恢复时间框架，而报道2的风险描述相对笼统。""}"
main,mycoplasma_pneumonia,independent,main_baseline_neutral,none,negative,positive,60,1,True,,negative,negative,none,neutral,none,报道1中反复出现的恢复慢、复诊次数增加和夜间咳嗽反复等具体线索比报道2的一般性恢复描述更符合背景中提到的公众高度关注点。,,1.0,1,0,0,1,"{""final_choice"":""report_1"",""credible_choice"":""report_1"",""share_choice"":""none"",""comment_choice"":""neutral"",""like_choice"":""none"",""reason"":""报道1中反复出现的恢复慢、复诊次数增加和夜间咳嗽反复等具体线索比报道2的一般性恢复描述更符合背景中提到的公众高度关注点。""}"
main,mycoplasma_pneumonia,independent,main_baseline_neutral,none,positive,negative,61,1,True,,neutral,neutral,none,neutral,none,两篇报道都承认个体差异，报道1强调规范治疗后的可预期恢复，报道2则突出恢复慢和反复现象，具体线索相互制衡。,,0.5,0,0,0,0,"{""final_choice"":""neutral"",""credible_choice"":""neutral"",""share_choice"":""none"",""comment_choice"":""neutral"",""like_choice"":""none"",""reason"":""两篇报道都承认个体差异，报道1强调规范治疗后的可预期恢复，报道2则突出恢复慢和反复现象，具体线索相互制衡。""}"
main,mycoplasma_pneumonia,independent,main_baseline_neutral,none,negative,positive,62,1,True,,negative,negative,none,neutral,none,报道1更具体地描述了门诊拥挤、夜间咳嗽反复和恢复慢等现象，这些细节在背景信息中也有呼应，而报道2虽然提到医院应对措施，但对实际压力的描述不够具体。,,1.0,1,0,0,1,"{""final_choice"":""report_1"",""credible_choice"":""report_1"",""share_choice"":""none"",""comment_choice"":""neutral"",""like_choice"":""none"",""reason"":""报道1更具体地描述了门诊拥挤、夜间咳嗽反复和恢复慢等现象，这些细节在背景信息中也有呼应，而报道2虽然提到医院应对措施，但对实际压力的描述不够具体。""}"
main,mycoplasma_pneumonia,independent,main_baseline_neutral,none,positive,negative,63,1,True,,positive,positive,none,neutral,none,报道1提供了医院应对措施和大多数孩子恢复的具体时间范围，而报道2的风险描述相对笼统。,,0.0,0,0,0,0,"{""final_choice"":""report_1"",""credible_choice"":""report_1"",""share_choice"":""none"",""comment_choice"":""neutral"",""like_choice"":""none"",""reason"":""报道1提供了医院应对措施和大多数孩子恢复的具体时间范围，而报道2的风险描述相对笼统。""}"
main,mycoplasma_pneumonia,independent,main_baseline_neutral,none,negative,positive,64,1,True,,negative,negative,none,neutral,none,报道1中关于病程拖长、复诊次数增加和家庭照护负担上升的具体描述比报道2的普遍恢复情况更为具体和一致。,,1.0,1,0,0,1,"{""final_choice"":""report_1"",""credible_choice"":""report_1"",""share_choice"":""none"",""comment_choice"":""neutral"",""like_choice"":""none"",""reason"":""报道1中关于病程拖长、复诊次数增加和家庭照护负担上升的具体描述比报道2的普遍恢复情况更为具体和一致。""}"
main,mycoplasma_pneumonia,independent,main_baseline_neutral,none,positive,negative,65,1,True,,positive,positive,none,neutral,none,报道1提供了更多具体的医疗应对措施和恢复时间框架，而报道2的风险描述相对模糊且缺乏具体数据支持。,,0.0,0,0,0,0,"{""final_choice"":""report_1"",""credible_choice"":""report_1"",""share_choice"":""none"",""comment_choice"":""neutral"",""like_choice"":""none"",""reason"":""报道1提供了更多具体的医疗应对措施和恢复时间框架，而报道2的风险描述相对模糊且缺乏具体数据支持。""}"
main,mycoplasma_pneumonia,independent,main_baseline_neutral,none,negative,positive,66,1,True,,negative,negative,none,neutral,none,报道1中提到的咳嗽拖久、复诊增加和家庭负担上升等具体风险线索更符合当前多地儿科门诊量增加的背景。,,1.0,1,0,0,1,"{""final_choice"":""report_1"",""credible_choice"":""report_1"",""share_choice"":""none"",""comment_choice"":""neutral"",""like_choice"":""none"",""reason"":""报道1中提到的咳嗽拖久、复诊增加和家庭负担上升等具体风险线索更符合当前多地儿科门诊量增加的背景。""}"
main,mycoplasma_pneumonia,independent,main_baseline_neutral,none,positive,negative,67,1,True,,positive,positive,none,neutral,none,报道1中提到的医院应对措施和大多数孩子恢复时间更具体，而报道2的担忧虽有依据但缺乏具体数据支持。,,0.0,0,0,0,0,"{""final_choice"":""report_1"",""credible_choice"":""report_1"",""share_choice"":""none"",""comment_choice"":""neutral"",""like_choice"":""none"",""reason"":""报道1中提到的医院应对措施和大多数孩子恢复时间更具体，而报道2的担忧虽有依据但缺乏具体数据支持。""}"
main,mycoplasma_pneumonia,independent,main_baseline_neutral,none,negative,positive,68,1,True,,negative,negative,none,neutral,none,报道1更具体地描述了恢复慢、复诊次数增加和夜间咳嗽反复等持续风险，这些具体线索在背景信息中的公众关注点上更为吻合。,,1.0,1,0,0,1,"{""final_choice"":""report_1"",""credible_choice"":""report_1"",""share_choice"":""none"",""comment_choice"":""neutral"",""like_choice"":""none"",""reason"":""报道1更具体地描述了恢复慢、复诊次数增加和夜间咳嗽反复等持续风险，这些具体线索在背景信息中的公众关注点上更为吻合。""}"
main,mycoplasma_pneumonia,independent,main_baseline_neutral,none,positive,negative,69,1,True,,positive,positive,none,neutral,none,报道1提供了更具体的治疗恢复时间框架和医院应对措施，而报道2的恢复慢和复诊现象描述较为模糊。,,0.0,0,0,0,0,"{""final_choice"":""report_1"",""credible_choice"":""report_1"",""share_choice"":""none"",""comment_choice"":""neutral"",""like_choice"":""none"",""reason"":""报道1提供了更具体的治疗恢复时间框架和医院应对措施，而报道2的恢复慢和复诊现象描述较为模糊。""}"
main,mycoplasma_pneumonia,independent,main_baseline_neutral,none,negative,positive,70,1,True,,negative,negative,none,neutral,none,报道1中反复提到的咳嗽拖久、复诊次数增加和家庭照护负担上升等具体风险线索，比报道2中的'大多数会在几天到一两周内恢复'的概括性描述更符合背景信息中提到的'公众对潜在风险保持高度关注'。,,1.0,1,0,0,1,"{""final_choice"":""report_1"",""credible_choice"":""report_1"",""share_choice"":""none"",""comment_choice"":""neutral"",""like_choice"":""none"",""reason"":""报道1中反复提到的咳嗽拖久、复诊次数增加和家庭照护负担上升等具体风险线索，比报道2中的'大多数会在几天到一两周内恢复'的概括性描述更符合背景信息中提到的'公众对潜在风险保持高度关注'。""}"
main,mycoplasma_pneumonia,independent,main_baseline_neutral,none,positive,negative,71,1,True,,positive,positive,none,neutral,none,报道1提到的规范治疗后几天到一两周内恢复，以及医院通过分诊、延时门诊等具体应对措施，让恢复前景看起来更可预期。,,0.0,0,0,0,0,"{""final_choice"":""report_1"",""credible_choice"":""report_1"",""share_choice"":""none"",""comment_choice"":""neutral"",""like_choice"":""none"",""reason"":""报道1提到的规范治疗后几天到一两周内恢复，以及医院通过分诊、延时门诊等具体应对措施，让恢复前景看起来更可预期。""}"
main,mycoplasma_pneumonia,independent,main_baseline_neutral,none,negative,positive,72,1,True,,negative,negative,none,support_negative,none,报道1更具体地描述了门诊拥挤、夜间咳嗽反复和恢复慢等实际压力，这些具体风险线索在背景中也有呼应。,,1.0,1,0,1,2,"{""final_choice"":""report_1"",""credible_choice"":""report_1"",""share_choice"":""none"",""comment_choice"":""support_report_1"",""like_choice"":""none"",""reason"":""报道1更具体地描述了门诊拥挤、夜间咳嗽反复和恢复慢等实际压力，这些具体风险线索在背景中也有呼应。""}"
main,mycoplasma_pneumonia,independent,main_baseline_neutral,none,positive,negative,73,1,True,,positive,positive,none,neutral,none,报道1提到的医院应对措施和大多数孩子在规范治疗后一周内恢复的具体线索更充分，而报道2虽然提到恢复慢的情况，但缺乏具体持续时间或比例数据。,,0.0,0,0,0,0,"{""final_choice"":""report_1"",""credible_choice"":""report_1"",""share_choice"":""none"",""comment_choice"":""neutral"",""like_choice"":""none"",""reason"":""报道1提到的医院应对措施和大多数孩子在规范治疗后一周内恢复的具体线索更充分，而报道2虽然提到恢复慢的情况，但缺乏具体持续时间或比例数据。""}"
main,mycoplasma_pneumonia,independent,main_baseline_neutral,none,negative,positive,74,1,True,,negative,negative,none,neutral,none,报道1中关于病程拖长、复诊次数增加和家庭照护负担上升的具体描述更符合背景信息中提到的广泛讨论和公众高度关注。,,1.0,1,0,0,1,"{""final_choice"":""report_1"",""credible_choice"":""report_1"",""share_choice"":""none"",""comment_choice"":""neutral"",""like_choice"":""none"",""reason"":""报道1中关于病程拖长、复诊次数增加和家庭照护负担上升的具体描述更符合背景信息中提到的广泛讨论和公众高度关注。""}"
main,mycoplasma_pneumonia,independent,main_baseline_neutral,none,positive,negative,75,1,True,,positive,positive,none,neutral,none,报道1中提到的医院应对措施和大多数孩子的恢复路径更具体，而报道2的风险描述相对笼统。,,0.0,0,0,0,0,"{""final_choice"":""report_1"",""credible_choice"":""report_1"",""share_choice"":""none"",""comment_choice"":""neutral"",""like_choice"":""none"",""reason"":""报道1中提到的医院应对措施和大多数孩子的恢复路径更具体，而报道2的风险描述相对笼统。""}"
main,mycoplasma_pneumonia,independent,main_baseline_neutral,none,negative,positive,76,1,True,,negative,negative,none,neutral,none,报道1中反复出现的恢复慢、复诊次数增加和家庭负担上升的具体描述，比报道2中'大多数孩子几天到一两周恢复'的一般性说法更能解释当前门诊压力增大的现象。,,1.0,1,0,0,1,"{""final_choice"":""report_1"",""credible_choice"":""report_1"",""share_choice"":""none"",""comment_choice"":""neutral"",""like_choice"":""none"",""reason"":""报道1中反复出现的恢复慢、复诊次数增加和家庭负担上升的具体描述，比报道2中'大多数孩子几天到一两周恢复'的一般性说法更能解释当前门诊压力增大的现象。""}"
main,mycoplasma_pneumonia,independent,main_baseline_neutral,none,positive,negative,77,1,True,,positive,positive,none,neutral,none,报道1提到医院通过分诊、延时门诊和加开号源来缓解压力，以及按医嘱治疗后症状在可预期范围内改善，这些具体应对措施让我更倾向于认为情况是可控的。,,0.0,0,0,0,0,"{""final_choice"":""report_1"",""credible_choice"":""report_1"",""share_choice"":""none"",""comment_choice"":""neutral"",""like_choice"":""none"",""reason"":""报道1提到医院通过分诊、延时门诊和加开号源来缓解压力，以及按医嘱治疗后症状在可预期范围内改善，这些具体应对措施让我更倾向于认为情况是可控的。""}"
main,mycoplasma_pneumonia,independent,main_baseline_neutral,none,negative,positive,78,1,True,,negative,negative,none,neutral,none,报道1提供了更多关于病程拖长、复诊次数增加和家庭照护负担的具体描述，这些线索更符合背景中提到的公众对持续影响的担忧。,,1.0,1,0,0,1,"{""final_choice"":""report_1"",""credible_choice"":""report_1"",""share_choice"":""none"",""comment_choice"":""neutral"",""like_choice"":""none"",""reason"":""报道1提供了更多关于病程拖长、复诊次数增加和家庭照护负担的具体描述，这些线索更符合背景中提到的公众对持续影响的担忧。""}"
main,mycoplasma_pneumonia,independent,main_baseline_neutral,none,positive,negative,79,1,True,,positive,positive,none,neutral,none,报道1提供了更具体的恢复路径和医疗应对措施，而报道2的风险描述相对笼统。,,0.0,0,0,0,0,"{""final_choice"":""report_1"",""credible_choice"":""report_1"",""share_choice"":""none"",""comment_choice"":""neutral"",""like_choice"":""none"",""reason"":""报道1提供了更具体的恢复路径和医疗应对措施，而报道2的风险描述相对笼统。""}"
main,mycoplasma_pneumonia,independent,main_baseline_neutral,none,negative,positive,80,1,True,,negative,negative,none,support_negative,negative,报道1更具体地描述了恢复慢、复诊增加和夜间咳嗽反复等具体风险线索，这些具体经历比报道2中的一般性恢复描述更能引起共鸣。,,1.0,1,0,1,3,"{""final_choice"":""report_1"",""credible_choice"":""report_1"",""share_choice"":""none"",""comment_choice"":""support_report_1"",""like_choice"":""report_1"",""reason"":""报道1更具体地描述了恢复慢、复诊增加和夜间咳嗽反复等具体风险线索，这些具体经历比报道2中的一般性恢复描述更能引起共鸣。""}"
main,mycoplasma_pneumonia,independent,main_baseline_neutral,none,positive,negative,81,1,True,,positive,positive,none,neutral,none,报道1提到大多数孩子在规范治疗后几天到一两周内恢复，医院已采取分诊和加开号源等实际措施，这些具体应对措施让我感觉情况相对可控。,,0.0,0,0,0,0,"{""final_choice"":""report_1"",""credible_choice"":""report_1"",""share_choice"":""none"",""comment_choice"":""neutral"",""like_choice"":""none"",""reason"":""报道1提到大多数孩子在规范治疗后几天到一两周内恢复，医院已采取分诊和加开号源等实际措施，这些具体应对措施让我感觉情况相对可控。""}"
main,mycoplasma_pneumonia,independent,main_baseline_neutral,none,negative,positive,82,1,True,,negative,negative,none,neutral,none,报道1对医院应对能力描述不足，但更详细地描述了现实就医压力的具体表现，如门诊拥挤、夜间咳嗽反复和恢复慢等。,,1.0,1,0,0,1,"{""final_choice"":""report_1"",""credible_choice"":""report_1"",""share_choice"":""none"",""comment_choice"":""neutral"",""like_choice"":""none"",""reason"":""报道1对医院应对能力描述不足，但更详细地描述了现实就医压力的具体表现，如门诊拥挤、夜间咳嗽反复和恢复慢等。""}"
main,mycoplasma_pneumonia,independent,main_baseline_neutral,none,positive,negative,83,1,True,,positive,positive,none,neutral,none,报道1提供了更多具体的恢复时间和医疗应对措施，而报道2的风险描述相对笼统。,,0.0,0,0,0,0,"{""final_choice"":""report_1"",""credible_choice"":""report_1"",""share_choice"":""none"",""comment_choice"":""neutral"",""like_choice"":""none"",""reason"":""报道1提供了更多具体的恢复时间和医疗应对措施，而报道2的风险描述相对笼统。""}"
main,mycoplasma_pneumonia,independent,main_baseline_neutral,none,negative,positive,84,1,True,,negative,negative,none,neutral,none,报道1中的具体症状拖长、复诊增加和家庭负担描述更符合背景中提到的广泛讨论和高度关注情况。,,1.0,1,0,0,1,"{""final_choice"":""report_1"",""credible_choice"":""report_1"",""share_choice"":""none"",""comment_choice"":""neutral"",""like_choice"":""none"",""reason"":""报道1中的具体症状拖长、复诊增加和家庭负担描述更符合背景中提到的广泛讨论和高度关注情况。""}"
main,mycoplasma_pneumonia,independent,main_baseline_neutral,none,positive,negative,85,1,True,,positive,positive,none,neutral,none,报道1提供了具体的医疗应对措施和恢复时间范围，而报道2的描述较为笼统。,,0.0,0,0,0,0,"{""final_choice"":""report_1"",""credible_choice"":""report_1"",""share_choice"":""none"",""comment_choice"":""neutral"",""like_choice"":""none"",""reason"":""报道1提供了具体的医疗应对措施和恢复时间范围，而报道2的描述较为笼统。""}"
main,mycoplasma_pneumonia,independent,main_baseline_neutral,none,negative,positive,86,1,True,,negative,negative,none,neutral,none,报道1中提到的咳嗽拖得更久、复诊次数增加和家庭照护负担上升的具体现象更符合背景中提到的'公众对潜在风险保持高度关注'的情境。,,1.0,1,0,0,1,"{""final_choice"":""report_1"",""credible_choice"":""report_1"",""share_choice"":""none"",""comment_choice"":""neutral"",""like_choice"":""none"",""reason"":""报道1中提到的咳嗽拖得更久、复诊次数增加和家庭照护负担上升的具体现象更符合背景中提到的'公众对潜在风险保持高度关注'的情境。""}"
main,mycoplasma_pneumonia,independent,main_baseline_neutral,none,positive,negative,87,1,True,,positive,positive,none,neutral,none,报道1提到的医院应对措施和大多数孩子恢复较快的情况更能解释当前背景下的就医压力。,,0.0,0,0,0,0,"{""final_choice"":""report_1"",""credible_choice"":""report_1"",""share_choice"":""none"",""comment_choice"":""neutral"",""like_choice"":""none"",""reason"":""报道1提到的医院应对措施和大多数孩子恢复较快的情况更能解释当前背景下的就医压力。""}"
main,mycoplasma_pneumonia,independent,main_baseline_neutral,none,negative,positive,88,1,True,,negative,negative,none,neutral,none,报道1提到的咳嗽拖久、复诊次数增加和家庭负担上升等具体风险线索更为突出，且在背景信息中与儿科门诊量增加的情况更吻合。,,1.0,1,0,0,1,"{""final_choice"":""report_1"",""credible_choice"":""report_1"",""share_choice"":""none"",""comment_choice"":""neutral"",""like_choice"":""none"",""reason"":""报道1提到的咳嗽拖久、复诊次数增加和家庭负担上升等具体风险线索更为突出，且在背景信息中与儿科门诊量增加的情况更吻合。""}"
main,mycoplasma_pneumonia,independent,main_baseline_neutral,none,positive,negative,89,1,True,,positive,positive,none,neutral,none,报道1提供了更具体的恢复时间范围和医院应对措施，而报道2的风险描述相对笼统。,,0.0,0,0,0,0,"{""final_choice"":""report_1"",""credible_choice"":""report_1"",""share_choice"":""none"",""comment_choice"":""neutral"",""like_choice"":""none"",""reason"":""报道1提供了更具体的恢复时间范围和医院应对措施，而报道2的风险描述相对笼统。""}"
main,mycoplasma_pneumonia,independent,main_baseline_neutral,none,negative,positive,90,1,True,,negative,negative,none,support_negative,negative,报道1提到的具体症状拖延、复诊次数增加和家庭照护负担上升的线索更具体，与背景中提到的公众高度关注和讨论增多更吻合。,,1.0,1,0,1,3,"{""final_choice"":""report_1"",""credible_choice"":""report_1"",""share_choice"":""none"",""comment_choice"":""support_report_1"",""like_choice"":""report_1"",""reason"":""报道1提到的具体症状拖延、复诊次数增加和家庭照护负担上升的线索更具体，与背景中提到的公众高度关注和讨论增多更吻合。""}"
main,mycoplasma_pneumonia,independent,main_baseline_neutral,none,positive,negative,91,1,True,,positive,positive,none,neutral,none,报道1提到大多数孩子在规范治疗后几天到一两周内恢复，且有医院采取具体措施缓解压力，这些具体恢复路径和应对措施比报道2的'可能'和'部分'描述更有说服力。,,0.0,0,0,0,0,"{""final_choice"":""report_1"",""credible_choice"":""report_1"",""share_choice"":""none"",""comment_choice"":""neutral"",""like_choice"":""none"",""reason"":""报道1提到大多数孩子在规范治疗后几天到一两周内恢复，且有医院采取具体措施缓解压力，这些具体恢复路径和应对措施比报道2的'可能'和'部分'描述更有说服力。""}"
main,mycoplasma_pneumonia,independent,main_baseline_neutral,none,negative,positive,92,1,True,,negative,negative,none,neutral,none,报道1更具体地描述了门诊拥挤、挂号困难、夜间咳嗽反复和恢复慢等现实压力，这些细节与背景信息中提到的就医压力增加更吻合。,,1.0,1,0,0,1,"{""final_choice"":""report_1"",""credible_choice"":""report_1"",""share_choice"":""none"",""comment_choice"":""neutral"",""like_choice"":""none"",""reason"":""报道1更具体地描述了门诊拥挤、挂号困难、夜间咳嗽反复和恢复慢等现实压力，这些细节与背景信息中提到的就医压力增加更吻合。""}"
main,mycoplasma_pneumonia,independent,main_baseline_neutral,none,positive,negative,93,1,True,,positive,positive,none,neutral,none,报道1提供了更具体的恢复时间范围和医院应对措施，而报道2的风险描述相对模糊。,,0.0,0,0,0,0,"{""final_choice"":""report_1"",""credible_choice"":""report_1"",""share_choice"":""none"",""comment_choice"":""neutral"",""like_choice"":""none"",""reason"":""报道1提供了更具体的恢复时间范围和医院应对措施，而报道2的风险描述相对模糊。""}"
main,mycoplasma_pneumonia,independent,main_baseline_neutral,none,negative,positive,94,1,True,,negative,negative,none,neutral,none,报道1提供了更具体的恢复慢、复诊次数增加和家庭照护负担上升的细节，这些具体线索让我更关注潜在风险。,,1.0,1,0,0,1,"{""final_choice"":""report_1"",""credible_choice"":""report_1"",""share_choice"":""none"",""comment_choice"":""neutral"",""like_choice"":""none"",""reason"":""报道1提供了更具体的恢复慢、复诊次数增加和家庭照护负担上升的细节，这些具体线索让我更关注潜在风险。""}"
main,mycoplasma_pneumonia,independent,main_baseline_neutral,none,positive,negative,95,1,True,,positive,positive,none,neutral,none,报道1提到医院通过分诊、延时门诊和加开号源来缓解压力，以及按医嘱治疗后症状在可预期范围内改善，这些具体应对措施和恢复线索比报道2的风险描述更有实质支持。,,0.0,0,0,0,0,"{""final_choice"":""report_1"",""credible_choice"":""report_1"",""share_choice"":""none"",""comment_choice"":""neutral"",""like_choice"":""none"",""reason"":""报道1提到医院通过分诊、延时门诊和加开号源来缓解压力，以及按医嘱治疗后症状在可预期范围内改善，这些具体应对措施和恢复线索比报道2的风险描述更有实质支持。""}"
main,mycoplasma_pneumonia,independent,main_baseline_neutral,none,negative,positive,96,1,True,,negative,negative,none,neutral,none,报道1提到的咳嗽拖得更久、复诊次数增加和家庭照护负担上升等具体风险线索在背景中也有呼应，这些连续出现的具体风险描述比报道2的'大多数孩子几天到一两周恢复'更能引起我的注意。,,1.0,1,0,0,1,"{""final_choice"":""report_1"",""credible_choice"":""report_1"",""share_choice"":""none"",""comment_choice"":""neutral"",""like_choice"":""none"",""reason"":""报道1提到的咳嗽拖得更久、复诊次数增加和家庭照护负担上升等具体风险线索在背景中也有呼应，这些连续出现的具体风险描述比报道2的'大多数孩子几天到一两周恢复'更能引起我的注意。""}"
main,mycoplasma_pneumonia,independent,main_baseline_neutral,none,positive,negative,97,1,True,,positive,positive,none,neutral,none,报道1提供了更具体的医院应对措施和恢复时间范围，而报道2虽然提到压力但缺乏具体应对方案。,,0.0,0,0,0,0,"{""final_choice"":""report_1"",""credible_choice"":""report_1"",""share_choice"":""none"",""comment_choice"":""neutral"",""like_choice"":""none"",""reason"":""报道1提供了更具体的医院应对措施和恢复时间范围，而报道2虽然提到压力但缺乏具体应对方案。""}"
main,mycoplasma_pneumonia,independent,main_baseline_neutral,none,negative,positive,98,1,True,,negative,negative,none,neutral,none,报道1中提到的咳嗽拖得更久、复诊次数增加和家庭照护负担上升等具体线索，在当前有限信息下显得更为具体和连续。,,1.0,1,0,0,1,"{""final_choice"":""report_1"",""credible_choice"":""report_1"",""share_choice"":""none"",""comment_choice"":""neutral"",""like_choice"":""none"",""reason"":""报道1中提到的咳嗽拖得更久、复诊次数增加和家庭照护负担上升等具体线索，在当前有限信息下显得更为具体和连续。""}"
main,mycoplasma_pneumonia,independent,main_baseline_neutral,none,positive,negative,99,1,True,,positive,positive,none,neutral,none,报道1提到了医院通过分诊、延时门诊和加开号源等具体应对措施，以及大多数孩子几天到一两周内恢复的具体时间范围，比报道2的笼统风险提醒更具体。,,0.0,0,0,0,0,"{""final_choice"":""report_1"",""credible_choice"":""report_1"",""share_choice"":""none"",""comment_choice"":""neutral"",""like_choice"":""none"",""reason"":""报道1提到了医院通过分诊、延时门诊和加开号源等具体应对措施，以及大多数孩子几天到一两周内恢复的具体时间范围，比报道2的笼统风险提醒更具体。""}"
main,mycoplasma_pneumonia,independent,main_baseline_neutral,none,negative,positive,100,1,True,,negative,negative,none,support_negative,negative,报道1中反复出现的咳嗽拖长、复诊次数增加和家庭照护负担更具体，这些多点风险线索在材料中形成了连续性观察，比报道2中的'大多数孩子恢复较快'更有说服力。,,1.0,1,0,1,3,"{""final_choice"":""report_1"",""credible_choice"":""report_1"",""share_choice"":""none"",""comment_choice"":""support_report_1"",""like_choice"":""report_1"",""reason"":""报道1中反复出现的咳嗽拖长、复诊次数增加和家庭照护负担更具体，这些多点风险线索在材料中形成了连续性观察，比报道2中的'大多数孩子恢复较快'更有说服力。""}"
main,mycoplasma_pneumonia,independent,main_baseline_neutral,none,positive,negative,101,1,True,,positive,positive,none,neutral,none,报道1中提到的规范治疗后几天到一两周内逐步恢复，以及医院采取的分诊和加开号源措施，比报道2中更笼统的'恢复慢于预期'和'家庭照护负担上升'更有说服力。,,0.0,0,0,0,0,"{""final_choice"":""report_1"",""credible_choice"":""report_1"",""share_choice"":""none"",""comment_choice"":""neutral"",""like_choice"":""none"",""reason"":""报道1中提到的规范治疗后几天到一两周内逐步恢复，以及医院采取的分诊和加开号源措施，比报道2中更笼统的'恢复慢于预期'和'家庭照护负担上升'更有说服力。""}"
main,mycoplasma_pneumonia,independent,main_baseline_neutral,none,negative,positive,102,1,True,,negative,negative,none,neutral,none,报道1提到的咳嗽拖久、复诊次数增加和家庭照护负担上升等具体现象，更符合背景中提到的儿科门诊量增加和公众对风险的关注。,,1.0,1,0,0,1,"{""final_choice"":""report_1"",""credible_choice"":""report_1"",""share_choice"":""none"",""comment_choice"":""neutral"",""like_choice"":""none"",""reason"":""报道1提到的咳嗽拖久、复诊次数增加和家庭照护负担上升等具体现象，更符合背景中提到的儿科门诊量增加和公众对风险的关注。""}"
main,mycoplasma_pneumonia,independent,main_baseline_neutral,none,positive,negative,103,1,True,,negative,negative,none,neutral,none,报道2中关于咳嗽拖得更久、复诊次数增加和家庭照护负担上升的具体描述更符合当前多地医院儿科门诊接诊量增加的背景信息。,,1.0,1,0,0,1,"{""final_choice"":""report_2"",""credible_choice"":""report_2"",""share_choice"":""none"",""comment_choice"":""neutral"",""like_choice"":""none"",""reason"":""报道2中关于咳嗽拖得更久、复诊次数增加和家庭照护负担上升的具体描述更符合当前多地医院儿科门诊接诊量增加的背景信息。""}"
main,mycoplasma_pneumonia,independent,main_baseline_neutral,none,negative,positive,104,1,True,,negative,negative,none,neutral,none,报道1中提到的具体症状拖长、复诊次数增加和家庭照护负担上升等风险线索更具体且连续。,,1.0,1,0,0,1,"{""final_choice"":""report_1"",""credible_choice"":""report_1"",""share_choice"":""none"",""comment_choice"":""neutral"",""like_choice"":""none"",""reason"":""报道1中提到的具体症状拖长、复诊次数增加和家庭照护负担上升等风险线索更具体且连续。""}"
main,mycoplasma_pneumonia,independent,main_baseline_neutral,none,positive,negative,105,1,True,,positive,positive,none,neutral,none,报道1提供了更具体的医疗应对措施和恢复时间框架，而报道2虽然提到风险但缺乏具体数据支持。,,0.0,0,0,0,0,"{""final_choice"":""report_1"",""credible_choice"":""report_1"",""share_choice"":""none"",""comment_choice"":""neutral"",""like_choice"":""none"",""reason"":""报道1提供了更具体的医疗应对措施和恢复时间框架，而报道2虽然提到风险但缺乏具体数据支持。""}"
main,mycoplasma_pneumonia,independent,main_baseline_neutral,none,negative,positive,106,1,True,,negative,negative,none,neutral,none,报道1中反复提到的咳嗽拖久、复诊增加和家庭负担上升的具体现象更符合背景中提到的'公众对潜在风险保持高度关注'的氛围。,,1.0,1,0,0,1,"{""final_choice"":""report_1"",""credible_choice"":""report_1"",""share_choice"":""none"",""comment_choice"":""neutral"",""like_choice"":""none"",""reason"":""报道1中反复提到的咳嗽拖久、复诊增加和家庭负担上升的具体现象更符合背景中提到的'公众对潜在风险保持高度关注'的氛围。""}"
main,mycoplasma_pneumonia,independent,main_baseline_neutral,none,positive,negative,107,1,True,,positive,positive,none,neutral,none,报道1中提到的医院应对措施和大多数孩子恢复的具体时间范围，比报道2中更笼统的'恢复慢'和'压力累积'更有说服力。,,0.0,0,0,0,0,"{""final_choice"":""report_1"",""credible_choice"":""report_1"",""share_choice"":""none"",""comment_choice"":""neutral"",""like_choice"":""none"",""reason"":""报道1中提到的医院应对措施和大多数孩子恢复的具体时间范围，比报道2中更笼统的'恢复慢'和'压力累积'更有说服力。""}"
main,mycoplasma_pneumonia,independent,main_baseline_neutral,none,negative,positive,108,1,True,,negative,negative,none,neutral,none,报道1中提到的咳嗽拖得更久、复诊次数增加和家庭照护负担上升等具体线索，与背景信息中公众对就医压力和潜在风险的关注更为一致。,,1.0,1,0,0,1,"{""final_choice"":""report_1"",""credible_choice"":""report_1"",""share_choice"":""none"",""comment_choice"":""neutral"",""like_choice"":""none"",""reason"":""报道1中提到的咳嗽拖得更久、复诊次数增加和家庭照护负担上升等具体线索，与背景信息中公众对就医压力和潜在风险的关注更为一致。""}"
main,mycoplasma_pneumonia,independent,main_baseline_neutral,none,positive,negative,109,1,True,,positive,positive,none,neutral,none,报道1提供了更具体的治疗恢复时间和医院应对措施，而报道2的担忧描述相对笼统，缺乏具体时间框架或应对措施细节。,,0.0,0,0,0,0,"{""final_choice"":""report_1"",""credible_choice"":""report_1"",""share_choice"":""none"",""comment_choice"":""neutral"",""like_choice"":""none"",""reason"":""报道1提供了更具体的治疗恢复时间和医院应对措施，而报道2的担忧描述相对笼统，缺乏具体时间框架或应对措施细节。""}"
main,mycoplasma_pneumonia,independent,main_baseline_neutral,none,negative,positive,110,1,True,,negative,negative,none,neutral,none,报道1提到了咳嗽拖得更久、复诊次数增加和家庭照护负担上升等更具体的持续影响，而报道2虽然提到了医院应对措施，但对恢复情况的描述相对笼统。,,1.0,1,0,0,1,"{""final_choice"":""report_1"",""credible_choice"":""report_1"",""share_choice"":""none"",""comment_choice"":""neutral"",""like_choice"":""none"",""reason"":""报道1提到了咳嗽拖得更久、复诊次数增加和家庭照护负担上升等更具体的持续影响，而报道2虽然提到了医院应对措施，但对恢复情况的描述相对笼统。""}"
main,mycoplasma_pneumonia,independent,main_baseline_neutral,none,positive,negative,111,1,True,,positive,positive,none,neutral,none,报道1中提到大多数孩子在几天到一两周内恢复，医院已经采取措施缓解压力，这些具体应对措施和恢复时间线更符合常规疾病预期。,,0.0,0,0,0,0,"{""final_choice"":""report_1"",""credible_choice"":""report_1"",""share_choice"":""none"",""comment_choice"":""neutral"",""like_choice"":""none"",""reason"":""报道1中提到大多数孩子在几天到一两周内恢复，医院已经采取措施缓解压力，这些具体应对措施和恢复时间线更符合常规疾病预期。""}"
main,mycoplasma_pneumonia,independent,main_baseline_neutral,none,negative,positive,112,1,True,,negative,negative,none,neutral,none,报道1中提到的咳嗽拖久、复诊次数增加和家庭照护负担上升等具体现象，比报道2中的一般性恢复描述更能解释当前门诊压力增大的背景。,,1.0,1,0,0,1,"{""final_choice"":""report_1"",""credible_choice"":""report_1"",""share_choice"":""none"",""comment_choice"":""neutral"",""like_choice"":""none"",""reason"":""报道1中提到的咳嗽拖久、复诊次数增加和家庭照护负担上升等具体现象，比报道2中的一般性恢复描述更能解释当前门诊压力增大的背景。""}"
main,mycoplasma_pneumonia,independent,main_baseline_neutral,none,positive,negative,113,1,True,,positive,positive,none,neutral,none,报道1提供了更具体的恢复时间和医疗应对措施，而报道2的风险线索相对笼统。,,0.0,0,0,0,0,"{""final_choice"":""report_1"",""credible_choice"":""report_1"",""share_choice"":""none"",""comment_choice"":""neutral"",""like_choice"":""none"",""reason"":""报道1提供了更具体的恢复时间和医疗应对措施，而报道2的风险线索相对笼统。""}"
main,mycoplasma_pneumonia,independent,main_baseline_neutral,none,negative,positive,114,1,True,,negative,negative,none,neutral,none,报道1中关于咳嗽拖得更久、复诊次数增加、家庭照护负担上升的具体描述比报道2的'几天到一两周内逐步恢复'更具体地解释了背景中提到的'公众高度关注'和'讨论明显增多'的现象。,,1.0,1,0,0,1,"{""final_choice"":""report_1"",""credible_choice"":""report_1"",""share_choice"":""none"",""comment_choice"":""neutral"",""like_choice"":""none"",""reason"":""报道1中关于咳嗽拖得更久、复诊次数增加、家庭照护负担上升的具体描述比报道2的'几天到一两周内逐步恢复'更具体地解释了背景中提到的'公众高度关注'和'讨论明显增多'的现象。""}"
main,mycoplasma_pneumonia,independent,main_baseline_neutral,none,positive,negative,115,1,True,,positive,positive,none,neutral,none,报道1提到医院已采取分诊、延时门诊等措施应对压力，且大多数孩子治疗后在几天到一两周内恢复，这些具体应对措施和恢复时间线比报道2更明确。,,0.0,0,0,0,0,"{""final_choice"":""report_1"",""credible_choice"":""report_1"",""share_choice"":""none"",""comment_choice"":""neutral"",""like_choice"":""none"",""reason"":""报道1提到医院已采取分诊、延时门诊等措施应对压力，且大多数孩子治疗后在几天到一两周内恢复，这些具体应对措施和恢复时间线比报道2更明确。""}"
main,mycoplasma_pneumonia,independent,main_baseline_neutral,none,negative,positive,116,1,True,,negative,negative,none,neutral,none,报道1中反复出现的恢复慢、复诊增加和夜间咳嗽反复等具体线索比报道2的'几天到一两周恢复'更符合背景中提到的家庭照护负担上升和门诊拥挤现象。,,1.0,1,0,0,1,"{""final_choice"":""report_1"",""credible_choice"":""report_1"",""share_choice"":""none"",""comment_choice"":""neutral"",""like_choice"":""none"",""reason"":""报道1中反复出现的恢复慢、复诊增加和夜间咳嗽反复等具体线索比报道2的'几天到一两周恢复'更符合背景中提到的家庭照护负担上升和门诊拥挤现象。""}"
main,mycoplasma_pneumonia,independent,main_baseline_neutral,none,positive,negative,117,1,True,,positive,positive,none,neutral,none,报道1中提到的医院应对措施和大多数孩子恢复的具体时间表，比报道2中更笼统的'恢复慢'和'压力累积'更能让我感到情况在可控范围内。,,0.0,0,0,0,0,"{""final_choice"":""report_1"",""credible_choice"":""report_1"",""share_choice"":""none"",""comment_choice"":""neutral"",""like_choice"":""none"",""reason"":""报道1中提到的医院应对措施和大多数孩子恢复的具体时间表，比报道2中更笼统的'恢复慢'和'压力累积'更能让我感到情况在可控范围内。""}"
main,mycoplasma_pneumonia,independent,main_baseline_neutral,none,negative,positive,118,1,True,,negative,negative,none,support_negative,negative,报道1提供了更多关于病程拖长、复诊增加和家庭负担的具体细节，这些具体风险线索在当前材料中更为突出。,,1.0,1,0,1,3,"{""final_choice"":""report_1"",""credible_choice"":""report_1"",""share_choice"":""none"",""comment_choice"":""support_report_1"",""like_choice"":""report_1"",""reason"":""报道1提供了更多关于病程拖长、复诊增加和家庭负担的具体细节，这些具体风险线索在当前材料中更为突出。""}"
main,mycoplasma_pneumonia,independent,main_baseline_neutral,none,positive,negative,119,1,True,,negative,negative,none,neutral,none,报道2中关于咳嗽拖得更久、复诊次数增加和家庭照护负担上升的具体描述比报道1的恢复描述更具体连续。,,1.0,1,0,0,1,"{""final_choice"":""report_2"",""credible_choice"":""report_2"",""share_choice"":""none"",""comment_choice"":""neutral"",""like_choice"":""none"",""reason"":""报道2中关于咳嗽拖得更久、复诊次数增加和家庭照护负担上升的具体描述比报道1的恢复描述更具体连续。""}"
main,mycoplasma_pneumonia,independent,main_baseline_neutral,none,negative,positive,120,1,True,,negative,negative,none,neutral,none,报道1中反复出现的咳嗽拖久、复诊增加和家庭照护负担的具体现象比报道2的普遍恢复描述更符合背景中儿科门诊压力增大的情况。,,1.0,1,0,0,1,"{""final_choice"":""report_1"",""credible_choice"":""report_1"",""share_choice"":""none"",""comment_choice"":""neutral"",""like_choice"":""none"",""reason"":""报道1中反复出现的咳嗽拖久、复诊增加和家庭照护负担的具体现象比报道2的普遍恢复描述更符合背景中儿科门诊压力增大的情况。""}"
main,mycoplasma_pneumonia,independent,main_baseline_neutral,none,positive,negative,121,1,True,,positive,positive,none,neutral,none,报道1提到了具体的医院应对措施和大多数孩子的恢复时间范围，这些细节比报道2中更笼统的'恢复拖长'描述更有说服力。,,0.0,0,0,0,0,"{""final_choice"":""report_1"",""credible_choice"":""report_1"",""share_choice"":""none"",""comment_choice"":""neutral"",""like_choice"":""none"",""reason"":""报道1提到了具体的医院应对措施和大多数孩子的恢复时间范围，这些细节比报道2中更笼统的'恢复拖长'描述更有说服力。""}"
main,mycoplasma_pneumonia,independent,main_baseline_neutral,none,negative,positive,122,1,True,,negative,negative,none,neutral,none,报道1中反复出现的恢复慢、复诊次数增加和夜间咳嗽反复等具体现象更符合背景信息中提到的公众高度关注状态。,,1.0,1,0,0,1,"{""final_choice"":""report_1"",""credible_choice"":""report_1"",""share_choice"":""none"",""comment_choice"":""neutral"",""like_choice"":""none"",""reason"":""报道1中反复出现的恢复慢、复诊次数增加和夜间咳嗽反复等具体现象更符合背景信息中提到的公众高度关注状态。""}"
main,mycoplasma_pneumonia,independent,main_baseline_neutral,none,positive,negative,123,1,True,,positive,positive,none,neutral,none,报道1提供了更具体的医疗应对措施和恢复时间表，而报道2的风险描述较为模糊且缺乏具体数据支持。,,0.0,0,0,0,0,"{""final_choice"":""report_1"",""credible_choice"":""report_1"",""share_choice"":""none"",""comment_choice"":""neutral"",""like_choice"":""none"",""reason"":""报道1提供了更具体的医疗应对措施和恢复时间表，而报道2的风险描述较为模糊且缺乏具体数据支持。""}"
main,mycoplasma_pneumonia,independent,main_baseline_neutral,none,negative,positive,124,1,True,,negative,negative,none,support_negative,none,报道1中关于咳嗽拖得更久、复诊次数增加和家庭照护负担上升的具体描述更贴近背景中提到的公众高度关注点。,,1.0,1,0,1,2,"{""final_choice"":""report_1"",""credible_choice"":""report_1"",""share_choice"":""none"",""comment_choice"":""support_report_1"",""like_choice"":""none"",""reason"":""报道1中关于咳嗽拖得更久、复诊次数增加和家庭照护负担上升的具体描述更贴近背景中提到的公众高度关注点。""}"
main,mycoplasma_pneumonia,independent,main_baseline_neutral,none,positive,negative,125,1,True,,positive,positive,none,neutral,none,报道1提到的医院应对措施和恢复时间范围更具体，且提到了不同孩子恢复节奏的差异，比报道2的模糊描述更有参考价值。,,0.0,0,0,0,0,"{""final_choice"":""report_1"",""credible_choice"":""report_1"",""share_choice"":""none"",""comment_choice"":""neutral"",""like_choice"":""none"",""reason"":""报道1提到的医院应对措施和恢复时间范围更具体，且提到了不同孩子恢复节奏的差异，比报道2的模糊描述更有参考价值。""}"
main,mycoplasma_pneumonia,independent,main_baseline_neutral,none,negative,positive,126,1,True,,negative,negative,none,neutral,none,报道1中反复出现的咳嗽拖长、复诊次数增加和家庭负担上升等具体线索，比报道2中的一般性恢复描述更符合背景信息中提到的公众高度关注和讨论增多的现象。,,1.0,1,0,0,1,"{""final_choice"":""report_1"",""credible_choice"":""report_1"",""share_choice"":""none"",""comment_choice"":""neutral"",""like_choice"":""none"",""reason"":""报道1中反复出现的咳嗽拖长、复诊次数增加和家庭负担上升等具体线索，比报道2中的一般性恢复描述更符合背景信息中提到的公众高度关注和讨论增多的现象。""}"
main,mycoplasma_pneumonia,independent,main_baseline_neutral,none,positive,negative,127,1,True,,positive,positive,none,neutral,none,报道1提到医院已经通过分诊、延时门诊和加开号源来缓解压力，这些具体应对措施比报道2仅强调风险更有说服力。,,0.0,0,0,0,0,"{""final_choice"":""report_1"",""credible_choice"":""report_1"",""share_choice"":""none"",""comment_choice"":""neutral"",""like_choice"":""none"",""reason"":""报道1提到医院已经通过分诊、延时门诊和加开号源来缓解压力，这些具体应对措施比报道2仅强调风险更有说服力。""}"
main,mycoplasma_pneumonia,independent,main_baseline_neutral,none,negative,positive,128,1,True,,negative,negative,none,neutral,none,报道1中提到的'咳嗽拖得更久、复诊次数增加、家庭照护负担上升'等具体风险线索比报道2的'大多数孩子在几天到一两周内恢复'更符合背景中提到的'公众高度关注'和'讨论明显增多'的现实压力状态。,,1.0,1,0,0,1,"{""final_choice"":""report_1"",""credible_choice"":""report_1"",""share_choice"":""none"",""comment_choice"":""neutral"",""like_choice"":""none"",""reason"":""报道1中提到的'咳嗽拖得更久、复诊次数增加、家庭照护负担上升'等具体风险线索比报道2的'大多数孩子在几天到一两周内恢复'更符合背景中提到的'公众高度关注'和'讨论明显增多'的现实压力状态。""}"
main,mycoplasma_pneumonia,independent,main_baseline_neutral,none,positive,negative,129,1,True,,positive,positive,none,neutral,none,报道1提供了更具体的恢复时间框架和医院应对措施，而报道2的风险描述相对笼统。,,0.0,0,0,0,0,"{""final_choice"":""report_1"",""credible_choice"":""report_1"",""share_choice"":""none"",""comment_choice"":""neutral"",""like_choice"":""none"",""reason"":""报道1提供了更具体的恢复时间框架和医院应对措施，而报道2的风险描述相对笼统。""}"
main,mycoplasma_pneumonia,independent,main_baseline_neutral,none,negative,positive,130,1,True,,negative,negative,none,neutral,none,报道1中提到的咳嗽拖久、复诊次数增加和家庭照护负担上升的具体风险线索更符合背景中提到的公众高度关注情况。,,1.0,1,0,0,1,"{""final_choice"":""report_1"",""credible_choice"":""report_1"",""share_choice"":""none"",""comment_choice"":""neutral"",""like_choice"":""none"",""reason"":""报道1中提到的咳嗽拖久、复诊次数增加和家庭照护负担上升的具体风险线索更符合背景中提到的公众高度关注情况。""}"
main,mycoplasma_pneumonia,independent,main_baseline_neutral,none,positive,negative,131,1,True,,positive,positive,none,neutral,none,报道1中提到的规范治疗后几天到一两周内逐步恢复，以及医院通过分诊、延时门诊等缓解压力的具体措施，比报道2中更笼统的'恢复慢'和'门诊拥挤'更有说服力。,,0.0,0,0,0,0,"{""final_choice"":""report_1"",""credible_choice"":""report_1"",""share_choice"":""none"",""comment_choice"":""neutral"",""like_choice"":""none"",""reason"":""报道1中提到的规范治疗后几天到一两周内逐步恢复，以及医院通过分诊、延时门诊等缓解压力的具体措施，比报道2中更笼统的'恢复慢'和'门诊拥挤'更有说服力。""}"
main,mycoplasma_pneumonia,independent,main_baseline_neutral,none,negative,positive,132,1,True,,negative,negative,none,neutral,none,报道1中提到的'复诊次数增加'、'夜间咳嗽反复'和'恢复慢于预期'等具体风险线索比报道2的'大多数孩子在几天到一两周内逐步恢复'更符合背景信息中提到的'家庭照护负担明显上升'和'公众对潜在风险保持高度关注'。,,1.0,1,0,0,1,"{""final_choice"":""report_1"",""credible_choice"":""report_1"",""share_choice"":""none"",""comment_choice"":""neutral"",""like_choice"":""none"",""reason"":""报道1中提到的'复诊次数增加'、'夜间咳嗽反复'和'恢复慢于预期'等具体风险线索比报道2的'大多数孩子在几天到一两周内逐步恢复'更符合背景信息中提到的'家庭照护负担明显上升'和'公众对潜在风险保持高度关注'。""}"
main,mycoplasma_pneumonia,independent,main_baseline_neutral,none,positive,negative,133,1,True,,positive,positive,none,neutral,none,报道1提供了更具体的恢复时间框架和医院应对措施，而报道2的风险描述相对笼统，缺乏具体数据支持。,,0.0,0,0,0,0,"{""final_choice"":""report_1"",""credible_choice"":""report_1"",""share_choice"":""none"",""comment_choice"":""neutral"",""like_choice"":""none"",""reason"":""报道1提供了更具体的恢复时间框架和医院应对措施，而报道2的风险描述相对笼统，缺乏具体数据支持。""}"
main,mycoplasma_pneumonia,independent,main_baseline_neutral,none,negative,positive,134,1,True,,negative,negative,none,neutral,none,报道1中关于咳嗽拖久、复诊次数增加和家庭照护负担的具体描述更符合背景中提到的公众高度关注点。,,1.0,1,0,0,1,"{""final_choice"":""report_1"",""credible_choice"":""report_1"",""share_choice"":""none"",""comment_choice"":""neutral"",""like_choice"":""none"",""reason"":""报道1中关于咳嗽拖久、复诊次数增加和家庭照护负担的具体描述更符合背景中提到的公众高度关注点。""}"
main,mycoplasma_pneumonia,independent,main_baseline_neutral,none,positive,negative,135,1,True,,positive,positive,none,neutral,none,报道1提供了医院应对措施和大多数孩子在可预期范围内恢复的具体线索，这些正式来源和个体案例的结合让我更倾向于相信整体情况相对可控。,,0.0,0,0,0,0,"{""final_choice"":""report_1"",""credible_choice"":""report_1"",""share_choice"":""none"",""comment_choice"":""neutral"",""like_choice"":""none"",""reason"":""报道1提供了医院应对措施和大多数孩子在可预期范围内恢复的具体线索，这些正式来源和个体案例的结合让我更倾向于相信整体情况相对可控。""}"
main,mycoplasma_pneumonia,independent,main_baseline_neutral,none,negative,positive,136,1,True,,negative,negative,none,neutral,none,报道1中提到的咳嗽拖得更久、复诊次数增加、夜间咳嗽反复等具体现象更符合当前多地医院儿科门诊接诊量增加的背景。,,1.0,1,0,0,1,"{""final_choice"":""report_1"",""credible_choice"":""report_1"",""share_choice"":""none"",""comment_choice"":""neutral"",""like_choice"":""none"",""reason"":""报道1中提到的咳嗽拖得更久、复诊次数增加、夜间咳嗽反复等具体现象更符合当前多地医院儿科门诊接诊量增加的背景。""}"
main,mycoplasma_pneumonia,independent,main_baseline_neutral,none,positive,negative,137,1,True,,positive,positive,none,neutral,none,报道1中提到的医院应对措施和大多数孩子在规范治疗后逐步恢复的具体情况，比报道2中更笼统的'持续影响更强'和'恢复慢'更可信。,,0.0,0,0,0,0,"{""final_choice"":""report_1"",""credible_choice"":""report_1"",""share_choice"":""none"",""comment_choice"":""neutral"",""like_choice"":""none"",""reason"":""报道1中提到的医院应对措施和大多数孩子在规范治疗后逐步恢复的具体情况，比报道2中更笼统的'持续影响更强'和'恢复慢'更可信。""}"
main,mycoplasma_pneumonia,independent,main_baseline_neutral,none,negative,positive,138,1,True,,negative,negative,none,neutral,none,报道1提到咳嗽拖得更久、复诊次数增加、家庭照护负担上升这些具体风险线索更充分，而报道2的恢复描述相对笼统。,,1.0,1,0,0,1,"{""final_choice"":""report_1"",""credible_choice"":""report_1"",""share_choice"":""none"",""comment_choice"":""neutral"",""like_choice"":""none"",""reason"":""报道1提到咳嗽拖得更久、复诊次数增加、家庭照护负担上升这些具体风险线索更充分，而报道2的恢复描述相对笼统。""}"
main,mycoplasma_pneumonia,independent,main_baseline_neutral,none,positive,negative,139,1,True,,positive,positive,none,neutral,none,报道1中的具体恢复时间、医院应对措施和大多数病例的可预期改善提供了更具体的缓解线索。,,0.0,0,0,0,0,"{""final_choice"":""report_1"",""credible_choice"":""report_1"",""share_choice"":""none"",""comment_choice"":""neutral"",""like_choice"":""none"",""reason"":""报道1中的具体恢复时间、医院应对措施和大多数病例的可预期改善提供了更具体的缓解线索。""}"
main,mycoplasma_pneumonia,independent,main_baseline_neutral,none,negative,positive,140,1,True,,negative,negative,none,neutral,none,报道1中的咳嗽拖久、复诊次数增加和夜间咳嗽反复等具体风险线索比报道2的恢复描述更符合背景中提到的'家庭照护负担上升'现象。,,1.0,1,0,0,1,"{""final_choice"":""report_1"",""credible_choice"":""report_1"",""share_choice"":""none"",""comment_choice"":""neutral"",""like_choice"":""none"",""reason"":""报道1中的咳嗽拖久、复诊次数增加和夜间咳嗽反复等具体风险线索比报道2的恢复描述更符合背景中提到的'家庭照护负担上升'现象。""}"
main,mycoplasma_pneumonia,independent,main_baseline_neutral,none,positive,negative,141,1,True,,positive,positive,none,neutral,none,报道1中提到的规范治疗后几天到一两周内恢复的具体时间范围，比报道2中更笼统的'恢复慢于预期'更有说服力。,,0.0,0,0,0,0,"{""final_choice"":""report_1"",""credible_choice"":""report_1"",""share_choice"":""none"",""comment_choice"":""neutral"",""like_choice"":""none"",""reason"":""报道1中提到的规范治疗后几天到一两周内恢复的具体时间范围，比报道2中更笼统的'恢复慢于预期'更有说服力。""}"
main,mycoplasma_pneumonia,independent,main_baseline_neutral,none,negative,positive,142,1,True,,negative,negative,none,neutral,none,报道1更具体地描述了恢复慢、复诊增加和夜间咳嗽反复等现实压力，这些细节更能解释背景中提到的家庭照护负担上升现象。,,1.0,1,0,0,1,"{""final_choice"":""report_1"",""credible_choice"":""report_1"",""share_choice"":""none"",""comment_choice"":""neutral"",""like_choice"":""none"",""reason"":""报道1更具体地描述了恢复慢、复诊增加和夜间咳嗽反复等现实压力，这些细节更能解释背景中提到的家庭照护负担上升现象。""}"
main,mycoplasma_pneumonia,independent,main_baseline_neutral,none,positive,negative,143,1,True,,positive,positive,none,neutral,none,报道1提供了具体的医疗应对措施和恢复时间框架，这些更具体的应对线索让我更倾向于相信大多数病例是可控的。,,0.0,0,0,0,0,"{""final_choice"":""report_1"",""credible_choice"":""report_1"",""share_choice"":""none"",""comment_choice"":""neutral"",""like_choice"":""none"",""reason"":""报道1提供了具体的医疗应对措施和恢复时间框架，这些更具体的应对线索让我更倾向于相信大多数病例是可控的。""}"
main,mycoplasma_pneumonia,independent,main_baseline_neutral,none,negative,positive,144,1,True,,negative,negative,none,support_negative,negative,报道1中关于咳嗽拖得更久、复诊次数增加和家庭照护负担上升的具体线索比报道2更详细，且这些现象被反复提及，形成了一种更具体的风险印象。,,1.0,1,0,1,3,"{""final_choice"":""report_1"",""credible_choice"":""report_1"",""share_choice"":""none"",""comment_choice"":""support_report_1"",""like_choice"":""report_1"",""reason"":""报道1中关于咳嗽拖得更久、复诊次数增加和家庭照护负担上升的具体线索比报道2更详细，且这些现象被反复提及，形成了一种更具体的风险印象。""}"
main,mycoplasma_pneumonia,independent,main_baseline_neutral,none,positive,negative,145,1,True,,positive,positive,none,neutral,none,报道1提到了医院的应对措施和大多数孩子在规范治疗后能逐步恢复，这些具体缓解措施和恢复路径让我觉得整体情况更有把握。,,0.0,0,0,0,0,"{""final_choice"":""report_1"",""credible_choice"":""report_1"",""share_choice"":""none"",""comment_choice"":""neutral"",""like_choice"":""none"",""reason"":""报道1提到了医院的应对措施和大多数孩子在规范治疗后能逐步恢复，这些具体缓解措施和恢复路径让我觉得整体情况更有把握。""}"
main,mycoplasma_pneumonia,independent,main_baseline_neutral,none,negative,positive,146,1,True,,negative,negative,none,neutral,none,报道1中反复提到的恢复慢、复诊次数增加和夜间咳嗽反复等具体现象，比报道2中'大多数孩子几天到一两周内恢复'的概括描述更能引起共鸣，这些多点风险线索在材料中更为连续和具体。,,1.0,1,0,0,1,"{""final_choice"":""report_1"",""credible_choice"":""report_1"",""share_choice"":""none"",""comment_choice"":""neutral"",""like_choice"":""none"",""reason"":""报道1中反复提到的恢复慢、复诊次数增加和夜间咳嗽反复等具体现象，比报道2中'大多数孩子几天到一两周内恢复'的概括描述更能引起共鸣，这些多点风险线索在材料中更为连续和具体。""}"
main,mycoplasma_pneumonia,independent,main_baseline_neutral,none,positive,negative,147,1,True,,positive,positive,none,neutral,none,报道1提到医院已采取分诊、延时门诊等措施应对压力，且大多数孩子治疗后在一两周内恢复，这些具体应对措施和恢复时间框架比报道2的模糊风险描述更有说服力。,,0.0,0,0,0,0,"{""final_choice"":""report_1"",""credible_choice"":""report_1"",""share_choice"":""none"",""comment_choice"":""neutral"",""like_choice"":""none"",""reason"":""报道1提到医院已采取分诊、延时门诊等措施应对压力，且大多数孩子治疗后在一两周内恢复，这些具体应对措施和恢复时间框架比报道2的模糊风险描述更有说服力。""}"
main,mycoplasma_pneumonia,independent,main_baseline_neutral,none,negative,positive,148,1,True,,negative,negative,none,support_negative,negative,报道1中关于咳嗽拖得更久、复诊次数增加、夜间咳嗽反复和恢复慢于预期的具体描述比报道2中的'几天到一两周内逐步恢复'更具体地解释了当前儿科门诊压力增加的背景。,,1.0,1,0,1,3,"{""final_choice"":""report_1"",""credible_choice"":""report_1"",""share_choice"":""none"",""comment_choice"":""support_report_1"",""like_choice"":""report_1"",""reason"":""报道1中关于咳嗽拖得更久、复诊次数增加、夜间咳嗽反复和恢复慢于预期的具体描述比报道2中的'几天到一两周内逐步恢复'更具体地解释了当前儿科门诊压力增加的背景。""}"
main,mycoplasma_pneumonia,independent,main_baseline_neutral,none,positive,negative,149,1,True,,positive,positive,none,neutral,none,报道1中的规范治疗、居家休息和可预期改善的具体描述比报道2中的模糊风险提示更有实质性参考价值。,,0.0,0,0,0,0,"{""final_choice"":""report_1"",""credible_choice"":""report_1"",""share_choice"":""none"",""comment_choice"":""neutral"",""like_choice"":""none"",""reason"":""报道1中的规范治疗、居家休息和可预期改善的具体描述比报道2中的模糊风险提示更有实质性参考价值。""}"
main,mycoplasma_pneumonia,independent,main_baseline_neutral,none,negative,positive,150,1,True,,negative,negative,none,neutral,none,报道1中反复出现的恢复慢、复诊次数增加和夜间咳嗽反复等具体风险线索比报道2中的一般性恢复描述更符合背景信息中提到的公众高度关注点。,,1.0,1,0,0,1,"{""final_choice"":""report_1"",""credible_choice"":""report_1"",""share_choice"":""none"",""comment_choice"":""neutral"",""like_choice"":""none"",""reason"":""报道1中反复出现的恢复慢、复诊次数增加和夜间咳嗽反复等具体风险线索比报道2中的一般性恢复描述更符合背景信息中提到的公众高度关注点。""}"
main,mycoplasma_pneumonia,independent,main_baseline_neutral,none,positive,negative,151,1,True,,positive,positive,none,neutral,none,报道1提到大多数孩子几天到一两周内恢复，医院已采取措施缓解压力，这些具体应对措施和恢复时间线比报道2的模糊描述更可信。,,0.0,0,0,0,0,"{""final_choice"":""report_1"",""credible_choice"":""report_1"",""share_choice"":""none"",""comment_choice"":""neutral"",""like_choice"":""none"",""reason"":""报道1提到大多数孩子几天到一两周内恢复，医院已采取措施缓解压力，这些具体应对措施和恢复时间线比报道2的模糊描述更可信。""}"
main,mycoplasma_pneumonia,independent,main_baseline_neutral,none,negative,positive,152,1,True,,negative,negative,none,support_negative,negative,报道1更具体地描述了家庭照护负担上升、恢复慢和复诊次数增加等实际压力，这些具体风险线索比报道2的常规应对更能解释背景中提到的公众高度关注情况。,,1.0,1,0,1,3,"{""final_choice"":""report_1"",""credible_choice"":""report_1"",""share_choice"":""none"",""comment_choice"":""support_report_1"",""like_choice"":""report_1"",""reason"":""报道1更具体地描述了家庭照护负担上升、恢复慢和复诊次数增加等实际压力，这些具体风险线索比报道2的常规应对更能解释背景中提到的公众高度关注情况。""}"
main,mycoplasma_pneumonia,independent,main_baseline_neutral,none,positive,negative,153,1,True,,positive,positive,none,neutral,none,报道1提供了医院具体应对措施和大多数孩子恢复时间范围的明确信息，而报道2虽然提到了一些家长担忧，但缺乏具体的量化数据或官方支持。,,0.0,0,0,0,0,"{""final_choice"":""report_1"",""credible_choice"":""report_1"",""share_choice"":""none"",""comment_choice"":""neutral"",""like_choice"":""none"",""reason"":""报道1提供了医院具体应对措施和大多数孩子恢复时间范围的明确信息，而报道2虽然提到了一些家长担忧，但缺乏具体的量化数据或官方支持。""}"
main,mycoplasma_pneumonia,independent,main_baseline_neutral,none,negative,positive,154,1,True,,negative,negative,none,support_negative,negative,报道1提供了更多具体风险线索，如咳嗽拖得更久、复诊次数增加、家庭照护负担上升等，这些具体性更高的风险提醒让我更倾向于它。,,1.0,1,0,1,3,"{""final_choice"":""report_1"",""credible_choice"":""report_1"",""share_choice"":""none"",""comment_choice"":""support_report_1"",""like_choice"":""report_1"",""reason"":""报道1提供了更多具体风险线索，如咳嗽拖得更久、复诊次数增加、家庭照护负担上升等，这些具体性更高的风险提醒让我更倾向于它。""}"
main,mycoplasma_pneumonia,independent,main_baseline_neutral,none,positive,negative,155,1,True,,positive,positive,none,neutral,none,报道1提到的医院应对措施和大多数孩子在预期范围内恢复的具体线索，比报道2中更模糊的'影响更强'描述更能提供实质信息。,,0.0,0,0,0,0,"{""final_choice"":""report_1"",""credible_choice"":""report_1"",""share_choice"":""none"",""comment_choice"":""neutral"",""like_choice"":""none"",""reason"":""报道1提到的医院应对措施和大多数孩子在预期范围内恢复的具体线索，比报道2中更模糊的'影响更强'描述更能提供实质信息。""}"
main,mycoplasma_pneumonia,independent,main_baseline_neutral,none,negative,positive,156,1,True,,negative,negative,none,neutral,none,报道1中提到的咳嗽拖得更久、复诊次数增加和家庭照护负担上升等具体现象，与背景信息中提到的儿科门诊接诊量增加和公众高度关注更吻合。,,1.0,1,0,0,1,"{""final_choice"":""report_1"",""credible_choice"":""report_1"",""share_choice"":""none"",""comment_choice"":""neutral"",""like_choice"":""none"",""reason"":""报道1中提到的咳嗽拖得更久、复诊次数增加和家庭照护负担上升等具体现象，与背景信息中提到的儿科门诊接诊量增加和公众高度关注更吻合。""}"
main,mycoplasma_pneumonia,independent,main_baseline_neutral,none,positive,negative,157,1,True,,positive,positive,none,neutral,none,报道1中提到的医院应对措施和大多数孩子恢复的具体时间范围，比报道2中笼统的'持续影响更强'更有说服力。,,0.0,0,0,0,0,"{""final_choice"":""report_1"",""credible_choice"":""report_1"",""share_choice"":""none"",""comment_choice"":""neutral"",""like_choice"":""none"",""reason"":""报道1中提到的医院应对措施和大多数孩子恢复的具体时间范围，比报道2中笼统的'持续影响更强'更有说服力。""}"
main,mycoplasma_pneumonia,independent,main_baseline_neutral,none,negative,positive,158,1,True,,negative,negative,none,neutral,none,报道1更具体地描述了咳嗽拖长、复诊增加和家庭照护负担等持续影响，这些具体风险线索比报道2中的'几天到一两周内恢复'更详细地解释了当前门诊压力增大的背景。,,1.0,1,0,0,1,"{""final_choice"":""report_1"",""credible_choice"":""report_1"",""share_choice"":""none"",""comment_choice"":""neutral"",""like_choice"":""none"",""reason"":""报道1更具体地描述了咳嗽拖长、复诊增加和家庭照护负担等持续影响，这些具体风险线索比报道2中的'几天到一两周内恢复'更详细地解释了当前门诊压力增大的背景。""}"
main,mycoplasma_pneumonia,independent,main_baseline_neutral,none,positive,negative,159,1,True,,positive,positive,none,neutral,none,报道1提供了更具体的恢复时间范围和医院应对措施，而报道2的风险描述相对模糊且缺乏具体数据支持。,,0.0,0,0,0,0,"{""final_choice"":""report_1"",""credible_choice"":""report_1"",""share_choice"":""none"",""comment_choice"":""neutral"",""like_choice"":""none"",""reason"":""报道1提供了更具体的恢复时间范围和医院应对措施，而报道2的风险描述相对模糊且缺乏具体数据支持。""}"
main,mycoplasma_pneumonia,independent,main_baseline_neutral,none,negative,positive,160,1,True,,negative,negative,none,support_negative,none,报道1中的具体症状描述和家庭负担更详细，尤其是咳嗽拖久、复诊次数增加等具体风险线索。,,1.0,1,0,1,2,"{""final_choice"":""report_1"",""credible_choice"":""report_1"",""share_choice"":""none"",""comment_choice"":""support_report_1"",""like_choice"":""none"",""reason"":""报道1中的具体症状描述和家庭负担更详细，尤其是咳嗽拖久、复诊次数增加等具体风险线索。""}"
main,mycoplasma_pneumonia,independent,main_baseline_neutral,none,positive,negative,161,1,True,,negative,negative,none,support_negative,negative,报道2更具体地描述了恢复慢、复诊次数增加和夜间咳嗽反复等实际困难，这些具体风险线索比报道1的'大多数孩子恢复较快'更贴近当前多地医院门诊量增加的背景。,,1.0,1,0,1,3,"{""final_choice"":""report_2"",""credible_choice"":""report_2"",""share_choice"":""none"",""comment_choice"":""support_report_2"",""like_choice"":""report_2"",""reason"":""报道2更具体地描述了恢复慢、复诊次数增加和夜间咳嗽反复等实际困难，这些具体风险线索比报道1的'大多数孩子恢复较快'更贴近当前多地医院门诊量增加的背景。""}"
main,mycoplasma_pneumonia,independent,main_baseline_neutral,none,negative,positive,162,1,True,,negative,negative,none,neutral,none,报道1中提到的咳嗽拖得更久、复诊次数增加和家庭照护负担上升的具体线索，比报道2中的一般性恢复描述更能解释背景中的儿科门诊量增加现象。,,1.0,1,0,0,1,"{""final_choice"":""report_1"",""credible_choice"":""report_1"",""share_choice"":""none"",""comment_choice"":""neutral"",""like_choice"":""none"",""reason"":""报道1中提到的咳嗽拖得更久、复诊次数增加和家庭照护负担上升的具体线索，比报道2中的一般性恢复描述更能解释背景中的儿科门诊量增加现象。""}"
main,mycoplasma_pneumonia,independent,main_baseline_neutral,none,positive,negative,163,1,True,,neutral,neutral,none,neutral,none,报道1提到大多数孩子几天到一两周内恢复，医院采取措施缓解压力；报道2强调病程拖长、复诊增加和照护负担上升，两者都有具体但相互制衡的证据。,,0.5,0,0,0,0,"{""final_choice"":""neutral"",""credible_choice"":""neutral"",""share_choice"":""none"",""comment_choice"":""neutral"",""like_choice"":""none"",""reason"":""报道1提到大多数孩子几天到一两周内恢复，医院采取措施缓解压力；报道2强调病程拖长、复诊增加和照护负担上升，两者都有具体但相互制衡的证据。""}"
main,mycoplasma_pneumonia,independent,main_baseline_neutral,none,negative,positive,164,1,True,,negative,negative,none,neutral,none,报道1中提到的咳嗽拖得更久、复诊次数增加、家庭照护负担上升等具体风险线索在材料中描述更详细。,,1.0,1,0,0,1,"{""final_choice"":""report_1"",""credible_choice"":""report_1"",""share_choice"":""none"",""comment_choice"":""neutral"",""like_choice"":""none"",""reason"":""报道1中提到的咳嗽拖得更久、复诊次数增加、家庭照护负担上升等具体风险线索在材料中描述更详细。""}"
main,mycoplasma_pneumonia,independent,main_baseline_neutral,none,positive,negative,165,1,True,,positive,positive,none,neutral,none,报道1提到大多数孩子在规范治疗后几天到一两周内恢复，医院已采取措施缓解压力，这些具体应对措施和恢复时间表比报道2中更笼统的'恢复慢于预期'更有说服力。,,0.0,0,0,0,0,"{""final_choice"":""report_1"",""credible_choice"":""report_1"",""share_choice"":""none"",""comment_choice"":""neutral"",""like_choice"":""none"",""reason"":""报道1提到大多数孩子在规范治疗后几天到一两周内恢复，医院已采取措施缓解压力，这些具体应对措施和恢复时间表比报道2中更笼统的'恢复慢于预期'更有说服力。""}"
main,mycoplasma_pneumonia,independent,main_baseline_neutral,none,negative,positive,166,1,True,,negative,negative,none,neutral,none,报道1中反复提到的咳嗽拖久、复诊次数增加和夜间咳嗽反复等具体症状线索比报道2中的'几天到一两周恢复'更符合背景中提到的'持续影响可能比表面看起来更强'。,,1.0,1,0,0,1,"{""final_choice"":""report_1"",""credible_choice"":""report_1"",""share_choice"":""none"",""comment_choice"":""neutral"",""like_choice"":""none"",""reason"":""报道1中反复提到的咳嗽拖久、复诊次数增加和夜间咳嗽反复等具体症状线索比报道2中的'几天到一两周恢复'更符合背景中提到的'持续影响可能比表面看起来更强'。""}"
main,mycoplasma_pneumonia,independent,main_baseline_neutral,none,positive,negative,167,1,True,,positive,positive,none,neutral,none,报道1提到的医院应对措施和大多数孩子恢复较快的情况，比报道2中反复强调的长期症状和就医压力更能让人安心。,,0.0,0,0,0,0,"{""final_choice"":""report_1"",""credible_choice"":""report_1"",""share_choice"":""none"",""comment_choice"":""neutral"",""like_choice"":""none"",""reason"":""报道1提到的医院应对措施和大多数孩子恢复较快的情况，比报道2中反复强调的长期症状和就医压力更能让人安心。""}"
main,mycoplasma_pneumonia,independent,main_baseline_neutral,none,negative,positive,168,1,True,,negative,negative,none,neutral,none,报道1中提到咳嗽拖得更久、复诊次数增加和家庭照护负担上升的具体现象，这些多点风险线索比报道2中大多数孩子在几天到一两周内恢复的概括性描述更具体且符合背景中提到的公众关注点。,,1.0,1,0,0,1,"{""final_choice"":""report_1"",""credible_choice"":""report_1"",""share_choice"":""none"",""comment_choice"":""neutral"",""like_choice"":""none"",""reason"":""报道1中提到咳嗽拖得更久、复诊次数增加和家庭照护负担上升的具体现象，这些多点风险线索比报道2中大多数孩子在几天到一两周内恢复的概括性描述更具体且符合背景中提到的公众关注点。""}"
main,mycoplasma_pneumonia,independent,main_baseline_neutral,none,positive,negative,169,1,True,,positive,positive,none,neutral,none,报道1提供了更具体的恢复时间范围(几天到一两周)和医院应对措施(分诊、延时门诊)，而报道2的风险描述相对笼统。,,0.0,0,0,0,0,"{""final_choice"":""report_1"",""credible_choice"":""report_1"",""share_choice"":""none"",""comment_choice"":""neutral"",""like_choice"":""none"",""reason"":""报道1提供了更具体的恢复时间范围(几天到一两周)和医院应对措施(分诊、延时门诊)，而报道2的风险描述相对笼统。""}"
main,mycoplasma_pneumonia,independent,main_baseline_neutral,none,negative,positive,170,1,True,,negative,negative,none,neutral,none,报道1中提到的咳嗽拖得更久、复诊次数增加和家庭照护负担上升等具体线索比报道2的'大多数孩子几天到一两周内恢复'更符合背景中'公众高度关注'和'讨论明显增多'的情境。,,1.0,1,0,0,1,"{""final_choice"":""report_1"",""credible_choice"":""report_1"",""share_choice"":""none"",""comment_choice"":""neutral"",""like_choice"":""none"",""reason"":""报道1中提到的咳嗽拖得更久、复诊次数增加和家庭照护负担上升等具体线索比报道2的'大多数孩子几天到一两周内恢复'更符合背景中'公众高度关注'和'讨论明显增多'的情境。""}"
main,mycoplasma_pneumonia,independent,main_baseline_neutral,none,positive,negative,171,1,True,,positive,positive,none,neutral,none,报道1提到大多数孩子几天到一两周内恢复，医院已采取措施缓解压力，这些具体措施和恢复时间框架比报道2的模糊描述更有说服力。,,0.0,0,0,0,0,"{""final_choice"":""report_1"",""credible_choice"":""report_1"",""share_choice"":""none"",""comment_choice"":""neutral"",""like_choice"":""none"",""reason"":""报道1提到大多数孩子几天到一两周内恢复，医院已采取措施缓解压力，这些具体措施和恢复时间框架比报道2的模糊描述更有说服力。""}"
main,mycoplasma_pneumonia,independent,main_baseline_neutral,none,negative,positive,172,1,True,,negative,negative,none,support_negative,negative,报道1提到的咳嗽拖得更久、复诊次数增加和家庭照护负担上升等具体风险线索，比报道2的总体恢复描述更直接回应了背景中的公众关注点。,,1.0,1,0,1,3,"{""final_choice"":""report_1"",""credible_choice"":""report_1"",""share_choice"":""none"",""comment_choice"":""support_report_1"",""like_choice"":""report_1"",""reason"":""报道1提到的咳嗽拖得更久、复诊次数增加和家庭照护负担上升等具体风险线索，比报道2的总体恢复描述更直接回应了背景中的公众关注点。""}"
main,mycoplasma_pneumonia,independent,main_baseline_neutral,none,positive,negative,173,1,True,,positive,positive,none,neutral,none,报道1中提到的医院应对措施和大多数孩子在规范治疗后较快恢复的具体线索，比报道2中更笼统的'恢复慢'和'家庭负担上升'更符合背景信息中提到的医院应对情况。,,0.0,0,0,0,0,"{""final_choice"":""report_1"",""credible_choice"":""report_1"",""share_choice"":""none"",""comment_choice"":""neutral"",""like_choice"":""none"",""reason"":""报道1中提到的医院应对措施和大多数孩子在规范治疗后较快恢复的具体线索，比报道2中更笼统的'恢复慢'和'家庭负担上升'更符合背景信息中提到的医院应对情况。""}"
main,mycoplasma_pneumonia,independent,main_baseline_neutral,none,negative,positive,174,1,True,,negative,negative,none,neutral,none,报道1提供了更具体的症状持续、复诊增加和家庭照护负担等风险线索，这些具体经历在背景信息中也有呼应。,,1.0,1,0,0,1,"{""final_choice"":""report_1"",""credible_choice"":""report_1"",""share_choice"":""none"",""comment_choice"":""neutral"",""like_choice"":""none"",""reason"":""报道1提供了更具体的症状持续、复诊增加和家庭照护负担等风险线索，这些具体经历在背景信息中也有呼应。""}"
main,mycoplasma_pneumonia,independent,main_baseline_neutral,none,positive,negative,175,1,True,,positive,positive,none,neutral,none,报道1提到了医院采取的具体应对措施和大多数孩子在规范治疗后能恢复的具体时间范围，这些官方和医疗系统的应对线索让我觉得情况相对可控。,,0.0,0,0,0,0,"{""final_choice"":""report_1"",""credible_choice"":""report_1"",""share_choice"":""none"",""comment_choice"":""neutral"",""like_choice"":""none"",""reason"":""报道1提到了医院采取的具体应对措施和大多数孩子在规范治疗后能恢复的具体时间范围，这些官方和医疗系统的应对线索让我觉得情况相对可控。""}"
main,mycoplasma_pneumonia,independent,main_baseline_neutral,none,negative,positive,176,1,True,,negative,negative,none,neutral,none,报道1更具体地描述了恢复慢、复诊次数增加和家庭负担上升等持续性风险，这些具体线索在背景中提到的'门诊拥挤'和'讨论增多'情况下更有说服力。,,1.0,1,0,0,1,"{""final_choice"":""report_1"",""credible_choice"":""report_1"",""share_choice"":""none"",""comment_choice"":""neutral"",""like_choice"":""none"",""reason"":""报道1更具体地描述了恢复慢、复诊次数增加和家庭负担上升等持续性风险，这些具体线索在背景中提到的'门诊拥挤'和'讨论增多'情况下更有说服力。""}"
main,mycoplasma_pneumonia,independent,main_baseline_neutral,none,positive,negative,177,1,True,,positive,positive,none,neutral,none,报道1提到的医院应对措施和大多数患儿在预期时间内恢复的线索，比报道2中更笼统的'恢复慢'和'压力累积'更有说服力。,,0.0,0,0,0,0,"{""final_choice"":""report_1"",""credible_choice"":""report_1"",""share_choice"":""none"",""comment_choice"":""neutral"",""like_choice"":""none"",""reason"":""报道1提到的医院应对措施和大多数患儿在预期时间内恢复的线索，比报道2中更笼统的'恢复慢'和'压力累积'更有说服力。""}"
main,mycoplasma_pneumonia,independent,main_baseline_neutral,none,negative,positive,178,1,True,,negative,negative,none,support_negative,negative,报道1提供了更多关于病程延长、复诊增加和夜间咳嗽反复的具体细节，这些具体风险线索在报道2中没有同等强度的对应说明。,,1.0,1,0,1,3,"{""final_choice"":""report_1"",""credible_choice"":""report_1"",""share_choice"":""none"",""comment_choice"":""support_report_1"",""like_choice"":""report_1"",""reason"":""报道1提供了更多关于病程延长、复诊增加和夜间咳嗽反复的具体细节，这些具体风险线索在报道2中没有同等强度的对应说明。""}"
main,mycoplasma_pneumonia,independent,main_baseline_neutral,none,positive,negative,179,1,True,,positive,positive,none,neutral,none,报道1提供了更具体的恢复时间框架和医院应对措施，而报道2的担忧描述相对模糊。,,0.0,0,0,0,0,"{""final_choice"":""report_1"",""credible_choice"":""report_1"",""share_choice"":""none"",""comment_choice"":""neutral"",""like_choice"":""none"",""reason"":""报道1提供了更具体的恢复时间框架和医院应对措施，而报道2的担忧描述相对模糊。""}"
main,mycoplasma_pneumonia,independent,main_baseline_neutral,none,negative,positive,180,1,True,,negative,negative,none,neutral,none,报道1中反复出现的咳嗽拖久、复诊次数增加和家庭照护负担上升等具体风险线索比报道2的普遍恢复描述更贴近背景中提到的广泛讨论和高度关注。,,1.0,1,0,0,1,"{""final_choice"":""report_1"",""credible_choice"":""report_1"",""share_choice"":""none"",""comment_choice"":""neutral"",""like_choice"":""none"",""reason"":""报道1中反复出现的咳嗽拖久、复诊次数增加和家庭照护负担上升等具体风险线索比报道2的普遍恢复描述更贴近背景中提到的广泛讨论和高度关注。""}"
main,mycoplasma_pneumonia,independent,main_baseline_neutral,none,positive,negative,181,1,True,,positive,positive,none,neutral,none,报道1提供了更具体的恢复时间框架和医院应对措施，而报道2虽然提到恢复慢但缺乏具体数据支持。,,0.0,0,0,0,0,"{""final_choice"":""report_1"",""credible_choice"":""report_1"",""share_choice"":""none"",""comment_choice"":""neutral"",""like_choice"":""none"",""reason"":""报道1提供了更具体的恢复时间框架和医院应对措施，而报道2虽然提到恢复慢但缺乏具体数据支持。""}"
main,mycoplasma_pneumonia,independent,main_baseline_neutral,none,negative,positive,182,1,True,,negative,negative,none,neutral,none,报道1中提到的咳嗽拖得更久、复诊次数增加和家庭照护负担上升这些具体现象，比报道2中大多数孩子在几天到一两周内恢复的说法更符合背景中提到的'就医压力与潜在风险保持高度关注'。,,1.0,1,0,0,1,"{""final_choice"":""report_1"",""credible_choice"":""report_1"",""share_choice"":""none"",""comment_choice"":""neutral"",""like_choice"":""none"",""reason"":""报道1中提到的咳嗽拖得更久、复诊次数增加和家庭照护负担上升这些具体现象，比报道2中大多数孩子在几天到一两周内恢复的说法更符合背景中提到的'就医压力与潜在风险保持高度关注'。""}"
main,mycoplasma_pneumonia,independent,main_baseline_neutral,none,positive,negative,183,1,True,,neutral,neutral,none,neutral,none,两篇报道都承认个体差异和地区差异，报道1强调大多数孩子恢复较快且医院已采取措施应对压力，报道2则强调病程延长和照护负担增加，两者证据相当，没有明显相对优势。,,0.5,0,0,0,0,"{""final_choice"":""neutral"",""credible_choice"":""neutral"",""share_choice"":""none"",""comment_choice"":""neutral"",""like_choice"":""none"",""reason"":""两篇报道都承认个体差异和地区差异，报道1强调大多数孩子恢复较快且医院已采取措施应对压力，报道2则强调病程延长和照护负担增加，两者证据相当，没有明显相对优势。""}"
main,mycoplasma_pneumonia,independent,main_baseline_neutral,none,negative,positive,184,1,True,,negative,negative,none,neutral,none,报道1提供了更多具体的风险线索，如咳嗽拖得更久、复诊次数增加、家庭照护负担上升等，这些描述比报道2的'大多数孩子在几天到一两周内恢复'更具体且与背景信息中的公众关注点相符。,,1.0,1,0,0,1,"{""final_choice"":""report_1"",""credible_choice"":""report_1"",""share_choice"":""none"",""comment_choice"":""neutral"",""like_choice"":""none"",""reason"":""报道1提供了更多具体的风险线索，如咳嗽拖得更久、复诊次数增加、家庭照护负担上升等，这些描述比报道2的'大多数孩子在几天到一两周内恢复'更具体且与背景信息中的公众关注点相符。""}"
main,mycoplasma_pneumonia,independent,main_baseline_neutral,none,positive,negative,185,1,True,,positive,positive,none,neutral,none,报道1提到的规范治疗和恢复时间范围更具体，医院应对措施也更明确。,,0.0,0,0,0,0,"{""final_choice"":""report_1"",""credible_choice"":""report_1"",""share_choice"":""none"",""comment_choice"":""neutral"",""like_choice"":""none"",""reason"":""报道1提到的规范治疗和恢复时间范围更具体，医院应对措施也更明确。""}"
main,mycoplasma_pneumonia,independent,main_baseline_neutral,none,negative,positive,186,1,True,,negative,negative,none,neutral,none,报道1中反复提到的咳嗽拖久、复诊增加和家庭照护负担更具体地解释了背景中的就医压力增加现象。,,1.0,1,0,0,1,"{""final_choice"":""report_1"",""credible_choice"":""report_1"",""share_choice"":""none"",""comment_choice"":""neutral"",""like_choice"":""none"",""reason"":""报道1中反复提到的咳嗽拖久、复诊增加和家庭照护负担更具体地解释了背景中的就医压力增加现象。""}"
main,mycoplasma_pneumonia,independent,main_baseline_neutral,none,positive,negative,187,1,True,,positive,positive,none,neutral,none,报道1中提到的医院应对措施和大多数孩子在可预期范围内改善的情况，比报道2中反复强调的恢复慢和压力累积更具体。,,0.0,0,0,0,0,"{""final_choice"":""report_1"",""credible_choice"":""report_1"",""share_choice"":""none"",""comment_choice"":""neutral"",""like_choice"":""none"",""reason"":""报道1中提到的医院应对措施和大多数孩子在可预期范围内改善的情况，比报道2中反复强调的恢复慢和压力累积更具体。""}"
main,mycoplasma_pneumonia,independent,main_baseline_neutral,none,negative,positive,188,1,True,,negative,negative,none,neutral,none,报道1中反复出现的咳嗽拖长、复诊增加和夜间反复等具体风险线索比报道2中的'几天到一两周恢复'更具体且连续出现。,,1.0,1,0,0,1,"{""final_choice"":""report_1"",""credible_choice"":""report_1"",""share_choice"":""none"",""comment_choice"":""neutral"",""like_choice"":""none"",""reason"":""报道1中反复出现的咳嗽拖长、复诊增加和夜间反复等具体风险线索比报道2中的'几天到一两周恢复'更具体且连续出现。""}"
main,mycoplasma_pneumonia,independent,main_baseline_neutral,none,positive,negative,189,1,True,,negative,negative,none,neutral,none,报道2中的咳嗽拖长、复诊次数增加和家庭照护负担等具体风险线索比报道1的常规恢复路径更具体。,,1.0,1,0,0,1,"{""final_choice"":""report_2"",""credible_choice"":""report_2"",""share_choice"":""none"",""comment_choice"":""neutral"",""like_choice"":""none"",""reason"":""报道2中的咳嗽拖长、复诊次数增加和家庭照护负担等具体风险线索比报道1的常规恢复路径更具体。""}"
main,mycoplasma_pneumonia,independent,main_baseline_neutral,none,negative,positive,190,1,True,,negative,negative,none,support_negative,none,报道1中反复出现的咳嗽拖延、复诊次数增加和夜间反复咳嗽等具体风险线索，比报道2的总体恢复描述更具体且更能解释当前就医压力增大的现象。,,1.0,1,0,1,2,"{""final_choice"":""report_1"",""credible_choice"":""report_1"",""share_choice"":""none"",""comment_choice"":""support_report_1"",""like_choice"":""none"",""reason"":""报道1中反复出现的咳嗽拖延、复诊次数增加和夜间反复咳嗽等具体风险线索，比报道2的总体恢复描述更具体且更能解释当前就医压力增大的现象。""}"
main,mycoplasma_pneumonia,independent,main_baseline_neutral,none,positive,negative,191,1,True,,positive,positive,none,neutral,none,报道1中提到大多数孩子在规范治疗后几天到一两周内恢复，并提到了医院采取的具体缓解措施，这些具体恢复路径和应对措施比报道2中的笼统'拖得更久'更有说服力。,,0.0,0,0,0,0,"{""final_choice"":""report_1"",""credible_choice"":""report_1"",""share_choice"":""none"",""comment_choice"":""neutral"",""like_choice"":""none"",""reason"":""报道1中提到大多数孩子在规范治疗后几天到一两周内恢复，并提到了医院采取的具体缓解措施，这些具体恢复路径和应对措施比报道2中的笼统'拖得更久'更有说服力。""}"
main,mycoplasma_pneumonia,independent,main_baseline_neutral,none,negative,positive,192,1,True,,negative,negative,none,neutral,none,报道1提到的反复门诊、夜间咳嗽和恢复慢等具体现象更贴近背景中提到的家庭照护负担增加和公众对潜在风险的担忧。,,1.0,1,0,0,1,"{""final_choice"":""report_1"",""credible_choice"":""report_1"",""share_choice"":""none"",""comment_choice"":""neutral"",""like_choice"":""none"",""reason"":""报道1提到的反复门诊、夜间咳嗽和恢复慢等具体现象更贴近背景中提到的家庭照护负担增加和公众对潜在风险的担忧。""}"
main,mycoplasma_pneumonia,independent,main_baseline_neutral,none,positive,negative,193,1,True,,positive,positive,none,neutral,none,报道1提供了更具体的治疗恢复路径和医院应对措施，而报道2的'拖得更久'和'复诊次数增加'等描述相对模糊。,,0.0,0,0,0,0,"{""final_choice"":""report_1"",""credible_choice"":""report_1"",""share_choice"":""none"",""comment_choice"":""neutral"",""like_choice"":""none"",""reason"":""报道1提供了更具体的治疗恢复路径和医院应对措施，而报道2的'拖得更久'和'复诊次数增加'等描述相对模糊。""}"
main,mycoplasma_pneumonia,independent,main_baseline_neutral,none,negative,positive,194,1,True,,negative,negative,none,support_negative,negative,报道1更具体地描述了咳嗽拖延、复诊增加和家庭照护负担等持续影响，这些具体风险线索比报道2中的一般性恢复描述更贴近背景信息中提到的公众关注点。,,1.0,1,0,1,3,"{""final_choice"":""report_1"",""credible_choice"":""report_1"",""share_choice"":""none"",""comment_choice"":""support_report_1"",""like_choice"":""report_1"",""reason"":""报道1更具体地描述了咳嗽拖延、复诊增加和家庭照护负担等持续影响，这些具体风险线索比报道2中的一般性恢复描述更贴近背景信息中提到的公众关注点。""}"
main,mycoplasma_pneumonia,independent,main_baseline_neutral,none,positive,negative,195,1,True,,neutral,neutral,none,neutral,none,两篇报道都承认了不同个体差异，报道1强调大多数孩子恢复较快，报道2则关注病程拖长和现实压力，两边线索都具体且相互制衡，没有哪一方明显更占优势。,,0.5,0,0,0,0,"{""final_choice"":""neutral"",""credible_choice"":""neutral"",""share_choice"":""none"",""comment_choice"":""neutral"",""like_choice"":""none"",""reason"":""两篇报道都承认了不同个体差异，报道1强调大多数孩子恢复较快，报道2则关注病程拖长和现实压力，两边线索都具体且相互制衡，没有哪一方明显更占优势。""}"
main,mycoplasma_pneumonia,independent,main_baseline_neutral,none,negative,positive,196,1,True,,negative,negative,none,support_negative,negative,报道1中关于咳嗽拖得更久、复诊次数增加和家庭照护负担上升的具体描述，比报道2中'几天到一两周内逐步恢复'的概括更符合背景中提到的门诊拥挤和夜间咳嗽反复现象。,,1.0,1,0,1,3,"{""final_choice"":""report_1"",""credible_choice"":""report_1"",""share_choice"":""none"",""comment_choice"":""support_report_1"",""like_choice"":""report_1"",""reason"":""报道1中关于咳嗽拖得更久、复诊次数增加和家庭照护负担上升的具体描述，比报道2中'几天到一两周内逐步恢复'的概括更符合背景中提到的门诊拥挤和夜间咳嗽反复现象。""}"
main,mycoplasma_pneumonia,independent,main_baseline_neutral,none,positive,negative,197,1,True,,positive,positive,none,neutral,none,报道1提到医院已通过分诊、延时门诊和加开号源缓解压力，且大多数孩子在规范治疗后能在几天到一两周内恢复，这些具体应对措施和恢复时间线比报道2的模糊风险描述更有说服力。,,0.0,0,0,0,0,"{""final_choice"":""report_1"",""credible_choice"":""report_1"",""share_choice"":""none"",""comment_choice"":""neutral"",""like_choice"":""none"",""reason"":""报道1提到医院已通过分诊、延时门诊和加开号源缓解压力，且大多数孩子在规范治疗后能在几天到一两周内恢复，这些具体应对措施和恢复时间线比报道2的模糊风险描述更有说服力。""}"
main,mycoplasma_pneumonia,independent,main_baseline_neutral,none,negative,positive,198,1,True,,negative,negative,none,neutral,none,报道1提供了更具体的恢复慢、复诊次数增加和夜间咳嗽反复等风险线索，这些具体性较高的现象在报道2中仅被简单提及为差异情况，没有同等程度的详细描述。,,1.0,1,0,0,1,"{""final_choice"":""report_1"",""credible_choice"":""report_1"",""share_choice"":""none"",""comment_choice"":""neutral"",""like_choice"":""none"",""reason"":""报道1提供了更具体的恢复慢、复诊次数增加和夜间咳嗽反复等风险线索，这些具体性较高的现象在报道2中仅被简单提及为差异情况，没有同等程度的详细描述。""}"
main,mycoplasma_pneumonia,independent,main_baseline_neutral,none,positive,negative,199,1,True,,positive,positive,none,neutral,none,报道1提供了更具体的恢复时间框架和医疗应对措施，而报道2的风险描述相对笼统。,,0.0,0,0,0,0,"{""final_choice"":""report_1"",""credible_choice"":""report_1"",""share_choice"":""none"",""comment_choice"":""neutral"",""like_choice"":""none"",""reason"":""报道1提供了更具体的恢复时间框架和医疗应对措施，而报道2的风险描述相对笼统。""}"
main,mycoplasma_pneumonia,independent,main_baseline_neutral,none,negative,positive,200,1,True,,negative,negative,none,neutral,none,报道1中反复出现的恢复慢、复诊次数增加和家庭照护负担等具体风险线索更符合背景中提到的公众高度关注和讨论增多的状态。,,1.0,1,0,0,1,"{""final_choice"":""report_1"",""credible_choice"":""report_1"",""share_choice"":""none"",""comment_choice"":""neutral"",""like_choice"":""none"",""reason"":""报道1中反复出现的恢复慢、复诊次数增加和家庭照护负担等具体风险线索更符合背景中提到的公众高度关注和讨论增多的状态。""}"
main,mycoplasma_pneumonia,independent,main_baseline_neutral,none,positive,negative,201,1,True,,positive,positive,none,neutral,none,报道1提供了更具体的恢复时间和医疗应对措施，而报道2的恢复慢、复诊等描述相对笼统。,,0.0,0,0,0,0,"{""final_choice"":""report_1"",""credible_choice"":""report_1"",""share_choice"":""none"",""comment_choice"":""neutral"",""like_choice"":""none"",""reason"":""报道1提供了更具体的恢复时间和医疗应对措施，而报道2的恢复慢、复诊等描述相对笼统。""}"
main,mycoplasma_pneumonia,independent,main_baseline_neutral,none,negative,positive,202,1,True,,negative,negative,none,support_negative,negative,报道1对恢复慢、复诊次数增加和家庭照护负担的具体描述更符合背景中提到的'公众高度关注'和'讨论明显增多'。,,1.0,1,0,1,3,"{""final_choice"":""report_1"",""credible_choice"":""report_1"",""share_choice"":""none"",""comment_choice"":""support_report_1"",""like_choice"":""report_1"",""reason"":""报道1对恢复慢、复诊次数增加和家庭照护负担的具体描述更符合背景中提到的'公众高度关注'和'讨论明显增多'。""}"
main,mycoplasma_pneumonia,independent,main_baseline_neutral,none,positive,negative,203,1,True,,positive,positive,none,neutral,none,报道1提供了更具体的恢复时间和医院应对措施，而报道2的'恢复慢'等描述相对笼统，没有具体时间范围或医疗干预细节。,,0.0,0,0,0,0,"{""final_choice"":""report_1"",""credible_choice"":""report_1"",""share_choice"":""none"",""comment_choice"":""neutral"",""like_choice"":""none"",""reason"":""报道1提供了更具体的恢复时间和医院应对措施，而报道2的'恢复慢'等描述相对笼统，没有具体时间范围或医疗干预细节。""}"
main,mycoplasma_pneumonia,independent,main_baseline_neutral,none,negative,positive,204,1,True,,negative,negative,none,support_negative,negative,报道1中提到的咳嗽拖得更久、复诊次数增加和家庭照护负担上升的具体风险线索比报道2中的缓解证据更具体。,,1.0,1,0,1,3,"{""final_choice"":""report_1"",""credible_choice"":""report_1"",""share_choice"":""none"",""comment_choice"":""support_report_1"",""like_choice"":""report_1"",""reason"":""报道1中提到的咳嗽拖得更久、复诊次数增加和家庭照护负担上升的具体风险线索比报道2中的缓解证据更具体。""}"
main,mycoplasma_pneumonia,independent,main_baseline_neutral,none,positive,negative,205,1,True,,positive,positive,none,neutral,none,报道1提到了具体的医院应对措施和恢复时间框架，比报道2的模糊风险描述更具可验证性。,,0.0,0,0,0,0,"{""final_choice"":""report_1"",""credible_choice"":""report_1"",""share_choice"":""none"",""comment_choice"":""neutral"",""like_choice"":""none"",""reason"":""报道1提到了具体的医院应对措施和恢复时间框架，比报道2的模糊风险描述更具可验证性。""}"
main,mycoplasma_pneumonia,independent,main_baseline_neutral,none,negative,positive,206,1,True,,negative,negative,none,neutral,none,报道1提到咳嗽拖得更久、复诊次数增加、家庭照护负担上升等具体现象，这些细节比报道2中的一般性恢复描述更符合背景中提到的公众关注点。,,1.0,1,0,0,1,"{""final_choice"":""report_1"",""credible_choice"":""report_1"",""share_choice"":""none"",""comment_choice"":""neutral"",""like_choice"":""none"",""reason"":""报道1提到咳嗽拖得更久、复诊次数增加、家庭照护负担上升等具体现象，这些细节比报道2中的一般性恢复描述更符合背景中提到的公众关注点。""}"
main,mycoplasma_pneumonia,independent,main_baseline_neutral,none,positive,negative,207,1,True,,positive,positive,none,neutral,none,报道1提到的医院应对措施和大多数孩子恢复情况的具体描述更符合背景中提到的就诊压力与恢复预期。,,0.0,0,0,0,0,"{""final_choice"":""report_1"",""credible_choice"":""report_1"",""share_choice"":""none"",""comment_choice"":""neutral"",""like_choice"":""none"",""reason"":""报道1提到的医院应对措施和大多数孩子恢复情况的具体描述更符合背景中提到的就诊压力与恢复预期。""}"
main,mycoplasma_pneumonia,independent,main_baseline_neutral,none,negative,positive,208,1,True,,negative,negative,none,neutral,none,报道1中提到的咳嗽拖得更久、复诊次数增加和家庭照护负担上升等具体现象，比报道2中的一般性恢复描述更能解释背景中的就诊压力增加问题。,,1.0,1,0,0,1,"{""final_choice"":""report_1"",""credible_choice"":""report_1"",""share_choice"":""none"",""comment_choice"":""neutral"",""like_choice"":""none"",""reason"":""报道1中提到的咳嗽拖得更久、复诊次数增加和家庭照护负担上升等具体现象，比报道2中的一般性恢复描述更能解释背景中的就诊压力增加问题。""}"
main,mycoplasma_pneumonia,independent,main_baseline_neutral,none,positive,negative,209,1,True,,positive,positive,none,neutral,none,报道1提供了更具体的恢复路径和医疗应对措施，而报道2的风险描述相对笼统且缺乏具体细节。,,0.0,0,0,0,0,"{""final_choice"":""report_1"",""credible_choice"":""report_1"",""share_choice"":""none"",""comment_choice"":""neutral"",""like_choice"":""none"",""reason"":""报道1提供了更具体的恢复路径和医疗应对措施，而报道2的风险描述相对笼统且缺乏具体细节。""}"
main,mycoplasma_pneumonia,independent,main_baseline_neutral,none,negative,positive,210,1,True,,negative,negative,none,neutral,none,报道1中反复出现的恢复慢、复诊次数增加和夜间咳嗽反复等具体线索更符合背景中提到的公众高度关注和现实压力累积。,,1.0,1,0,0,1,"{""final_choice"":""report_1"",""credible_choice"":""report_1"",""share_choice"":""none"",""comment_choice"":""neutral"",""like_choice"":""none"",""reason"":""报道1中反复出现的恢复慢、复诊次数增加和夜间咳嗽反复等具体线索更符合背景中提到的公众高度关注和现实压力累积。""}"
main,mycoplasma_pneumonia,independent,main_baseline_neutral,none,positive,negative,211,1,True,,positive,positive,none,neutral,none,报道1提到大多数孩子在规范治疗后几天到一两周内恢复，二次返诊和持续高热不占多数，医院已采取措施缓解压力，这些具体恢复线索比报道2的模糊风险描述更有说服力。,,0.0,0,0,0,0,"{""final_choice"":""report_1"",""credible_choice"":""report_1"",""share_choice"":""none"",""comment_choice"":""neutral"",""like_choice"":""none"",""reason"":""报道1提到大多数孩子在规范治疗后几天到一两周内恢复，二次返诊和持续高热不占多数，医院已采取措施缓解压力，这些具体恢复线索比报道2的模糊风险描述更有说服力。""}"
main,mycoplasma_pneumonia,independent,main_baseline_neutral,none,negative,positive,212,1,True,,negative,negative,none,neutral,none,报道1更具体地描述了门诊拥挤、挂号困难和夜间咳嗽反复等实际压力，这些细节在背景信息中也有呼应。,,1.0,1,0,0,1,"{""final_choice"":""report_1"",""credible_choice"":""report_1"",""share_choice"":""none"",""comment_choice"":""neutral"",""like_choice"":""none"",""reason"":""报道1更具体地描述了门诊拥挤、挂号困难和夜间咳嗽反复等实际压力，这些细节在背景信息中也有呼应。""}"
main,mycoplasma_pneumonia,independent,main_baseline_neutral,none,positive,negative,213,1,True,,positive,positive,none,neutral,none,报道1提供了医院具体应对措施和大多数孩子恢复时间范围，这些具体线索比报道2中更模糊的'部分患儿'描述更充分。,,0.0,0,0,0,0,"{""final_choice"":""report_1"",""credible_choice"":""report_1"",""share_choice"":""none"",""comment_choice"":""neutral"",""like_choice"":""none"",""reason"":""报道1提供了医院具体应对措施和大多数孩子恢复时间范围，这些具体线索比报道2中更模糊的'部分患儿'描述更充分。""}"
main,mycoplasma_pneumonia,independent,main_baseline_neutral,none,negative,positive,214,1,True,,negative,negative,none,support_negative,negative,报道1中关于咳嗽拖得更久、复诊次数增加和家庭照护负担上升的具体线索比报道2更具体，与背景信息中的门诊拥挤和讨论增多更一致。,,1.0,1,0,1,3,"{""final_choice"":""report_1"",""credible_choice"":""report_1"",""share_choice"":""none"",""comment_choice"":""support_report_1"",""like_choice"":""report_1"",""reason"":""报道1中关于咳嗽拖得更久、复诊次数增加和家庭照护负担上升的具体线索比报道2更具体，与背景信息中的门诊拥挤和讨论增多更一致。""}"
main,mycoplasma_pneumonia,independent,main_baseline_neutral,none,positive,negative,215,1,True,,positive,positive,none,neutral,none,报道1中医院的分诊、延时门诊和加开号源等具体应对措施，以及大多数孩子在几天到一两周内恢复的明确时间线，比报道2中的模糊风险描述更具说服力。,,0.0,0,0,0,0,"{""final_choice"":""report_1"",""credible_choice"":""report_1"",""share_choice"":""none"",""comment_choice"":""neutral"",""like_choice"":""none"",""reason"":""报道1中医院的分诊、延时门诊和加开号源等具体应对措施，以及大多数孩子在几天到一两周内恢复的明确时间线，比报道2中的模糊风险描述更具说服力。""}"
main,mycoplasma_pneumonia,independent,main_baseline_neutral,none,negative,positive,216,1,True,,negative,negative,none,neutral,none,报道1中提到的咳嗽拖得更久、复诊次数增加和家庭照护负担上升的具体现象，比报道2中的一般性恢复描述更符合背景中公众高度关注的情况。,,1.0,1,0,0,1,"{""final_choice"":""report_1"",""credible_choice"":""report_1"",""share_choice"":""none"",""comment_choice"":""neutral"",""like_choice"":""none"",""reason"":""报道1中提到的咳嗽拖得更久、复诊次数增加和家庭照护负担上升的具体现象，比报道2中的一般性恢复描述更符合背景中公众高度关注的情况。""}"
main,mycoplasma_pneumonia,independent,main_baseline_neutral,none,positive,negative,217,1,True,,positive,positive,none,neutral,none,报道1提到的医院应对措施和大多数孩子的可预期恢复路径，比报道2中更笼统的'影响更强'和'压力累积'更具体可信。,,0.0,0,0,0,0,"{""final_choice"":""report_1"",""credible_choice"":""report_1"",""share_choice"":""none"",""comment_choice"":""neutral"",""like_choice"":""none"",""reason"":""报道1提到的医院应对措施和大多数孩子的可预期恢复路径，比报道2中更笼统的'影响更强'和'压力累积'更具体可信。""}"
main,mycoplasma_pneumonia,independent,main_baseline_neutral,none,negative,positive,218,1,True,,negative,negative,none,neutral,none,报道1提供的具体风险线索如咳嗽拖久、复诊增加、家庭负担上升等更具体且连续，而报道2的应对措施虽有但未充分解释这些现象。,,1.0,1,0,0,1,"{""final_choice"":""report_1"",""credible_choice"":""report_1"",""share_choice"":""none"",""comment_choice"":""neutral"",""like_choice"":""none"",""reason"":""报道1提供的具体风险线索如咳嗽拖久、复诊增加、家庭负担上升等更具体且连续，而报道2的应对措施虽有但未充分解释这些现象。""}"
main,mycoplasma_pneumonia,independent,main_baseline_neutral,none,positive,negative,219,1,True,,positive,positive,none,neutral,none,报道1提供了更具体的恢复时间范围和医院应对措施，而报道2的风险描述相对笼统。,,0.0,0,0,0,0,"{""final_choice"":""report_1"",""credible_choice"":""report_1"",""share_choice"":""none"",""comment_choice"":""neutral"",""like_choice"":""none"",""reason"":""报道1提供了更具体的恢复时间范围和医院应对措施，而报道2的风险描述相对笼统。""}"
main,mycoplasma_pneumonia,independent,main_baseline_neutral,none,negative,positive,220,1,True,,negative,negative,none,neutral,none,报道1中反复出现的咳嗽拖长、复诊增多和家庭负担累积等具体风险线索更贴近当前多地儿科门诊压力增大的背景。,,1.0,1,0,0,1,"{""final_choice"":""report_1"",""credible_choice"":""report_1"",""share_choice"":""none"",""comment_choice"":""neutral"",""like_choice"":""none"",""reason"":""报道1中反复出现的咳嗽拖长、复诊增多和家庭负担累积等具体风险线索更贴近当前多地儿科门诊压力增大的背景。""}"
main,mycoplasma_pneumonia,independent,main_baseline_neutral,none,positive,negative,221,1,True,,positive,positive,none,neutral,none,报道1提到大多数孩子在规范治疗后几天到一两周内恢复，且医院已采取措施缓解压力，这些具体线索比报道2中笼统的'恢复慢'和'压力上升'更具说服力。,,0.0,0,0,0,0,"{""final_choice"":""report_1"",""credible_choice"":""report_1"",""share_choice"":""none"",""comment_choice"":""neutral"",""like_choice"":""none"",""reason"":""报道1提到大多数孩子在规范治疗后几天到一两周内恢复，且医院已采取措施缓解压力，这些具体线索比报道2中笼统的'恢复慢'和'压力上升'更具说服力。""}"
main,mycoplasma_pneumonia,independent,main_baseline_neutral,none,negative,positive,222,1,True,,negative,negative,none,neutral,none,报道1更具体地描述了复诊次数增加、家庭负担上升和恢复慢于预期等现实压力，这些具体线索比报道2中的一般性恢复描述更能解释当前医疗资源紧张的情况。,,1.0,1,0,0,1,"{""final_choice"":""report_1"",""credible_choice"":""report_1"",""share_choice"":""none"",""comment_choice"":""neutral"",""like_choice"":""none"",""reason"":""报道1更具体地描述了复诊次数增加、家庭负担上升和恢复慢于预期等现实压力，这些具体线索比报道2中的一般性恢复描述更能解释当前医疗资源紧张的情况。""}"
main,mycoplasma_pneumonia,independent,main_baseline_neutral,none,positive,negative,223,1,True,,positive,positive,none,neutral,none,报道1提供了具体的医院应对措施和恢复时间范围，这些线索更具体且一致。,,0.0,0,0,0,0,"{""final_choice"":""report_1"",""credible_choice"":""report_1"",""share_choice"":""none"",""comment_choice"":""neutral"",""like_choice"":""none"",""reason"":""报道1提供了具体的医院应对措施和恢复时间范围，这些线索更具体且一致。""}"
main,mycoplasma_pneumonia,independent,main_baseline_neutral,none,negative,positive,224,1,True,,negative,negative,none,neutral,none,报道1中关于咳嗽拖得更久、复诊次数增加和家庭照护负担上升的具体描述更详细，这些风险线索在材料中表现得更具体。,,1.0,1,0,0,1,"{""final_choice"":""report_1"",""credible_choice"":""report_1"",""share_choice"":""none"",""comment_choice"":""neutral"",""like_choice"":""none"",""reason"":""报道1中关于咳嗽拖得更久、复诊次数增加和家庭照护负担上升的具体描述更详细，这些风险线索在材料中表现得更具体。""}"
main,mycoplasma_pneumonia,independent,main_baseline_neutral,none,positive,negative,225,1,True,,neutral,neutral,none,neutral,none,两篇报道都承认了个体差异，且都提到了恢复节奏不一和地区差异，没有哪一方提供了更具体、更一致的证据。,,0.5,0,0,0,0,"{""final_choice"":""neutral"",""credible_choice"":""neutral"",""share_choice"":""none"",""comment_choice"":""neutral"",""like_choice"":""none"",""reason"":""两篇报道都承认了个体差异，且都提到了恢复节奏不一和地区差异，没有哪一方提供了更具体、更一致的证据。""}"
main,mycoplasma_pneumonia,independent,main_baseline_neutral,none,negative,positive,226,1,True,,negative,negative,none,support_negative,negative,报道1中关于病程拖长、复诊次数增加和家庭照护负担上升的具体描述，比报道2中'几天到一两周内逐步恢复'的笼统说法更能解释背景中提到的'广泛讨论'和'高度关注'。,,1.0,1,0,1,3,"{""final_choice"":""report_1"",""credible_choice"":""report_1"",""share_choice"":""none"",""comment_choice"":""support_report_1"",""like_choice"":""report_1"",""reason"":""报道1中关于病程拖长、复诊次数增加和家庭照护负担上升的具体描述，比报道2中'几天到一两周内逐步恢复'的笼统说法更能解释背景中提到的'广泛讨论'和'高度关注'。""}"
main,mycoplasma_pneumonia,independent,main_baseline_neutral,none,positive,negative,227,1,True,,positive,positive,none,neutral,none,报道1提供了医院具体的应对措施(分诊、延时门诊、加开号源)和大多数孩子在预期内恢复的证据，比报道2的笼统风险描述更有说服力。,,0.0,0,0,0,0,"{""final_choice"":""report_1"",""credible_choice"":""report_1"",""share_choice"":""none"",""comment_choice"":""neutral"",""like_choice"":""none"",""reason"":""报道1提供了医院具体的应对措施(分诊、延时门诊、加开号源)和大多数孩子在预期内恢复的证据，比报道2的笼统风险描述更有说服力。""}"
main,mycoplasma_pneumonia,independent,main_baseline_neutral,none,negative,positive,228,1,True,,negative,negative,none,neutral,none,报道1中提到的咳嗽拖得更久、复诊次数增加和家庭照护负担上升等具体现象，与背景信息中儿科门诊接诊量增加和公众高度关注的情况更为契合。,,1.0,1,0,0,1,"{""final_choice"":""report_1"",""credible_choice"":""report_1"",""share_choice"":""none"",""comment_choice"":""neutral"",""like_choice"":""none"",""reason"":""报道1中提到的咳嗽拖得更久、复诊次数增加和家庭照护负担上升等具体现象，与背景信息中儿科门诊接诊量增加和公众高度关注的情况更为契合。""}"
main,mycoplasma_pneumonia,independent,main_baseline_neutral,none,positive,negative,229,1,True,,positive,positive,none,neutral,none,报道1提供了更具体的治疗恢复时间和医院应对措施，而报道2的风险描述相对模糊且重复。,,0.0,0,0,0,0,"{""final_choice"":""report_1"",""credible_choice"":""report_1"",""share_choice"":""none"",""comment_choice"":""neutral"",""like_choice"":""none"",""reason"":""报道1提供了更具体的治疗恢复时间和医院应对措施，而报道2的风险描述相对模糊且重复。""}"
main,mycoplasma_pneumonia,independent,main_baseline_neutral,none,negative,positive,230,1,True,,negative,negative,none,support_negative,none,报道1中反复出现的咳嗽拖久、复诊增加和夜间咳嗽反复等具体风险线索更直接呼应了背景信息中提到的家庭照护负担上升问题。,,1.0,1,0,1,2,"{""final_choice"":""report_1"",""credible_choice"":""report_1"",""share_choice"":""none"",""comment_choice"":""support_report_1"",""like_choice"":""none"",""reason"":""报道1中反复出现的咳嗽拖久、复诊增加和夜间咳嗽反复等具体风险线索更直接呼应了背景信息中提到的家庭照护负担上升问题。""}"
main,mycoplasma_pneumonia,independent,main_baseline_neutral,none,positive,negative,231,1,True,,positive,positive,none,neutral,none,报道1提到大多数孩子在规范治疗和居家休息后几天到一两周内恢复，医院已经采取措施缓解压力，这些具体应对措施和恢复时间线比报道2的模糊描述更有说服力。,,0.0,0,0,0,0,"{""final_choice"":""report_1"",""credible_choice"":""report_1"",""share_choice"":""none"",""comment_choice"":""neutral"",""like_choice"":""none"",""reason"":""报道1提到大多数孩子在规范治疗和居家休息后几天到一两周内恢复，医院已经采取措施缓解压力，这些具体应对措施和恢复时间线比报道2的模糊描述更有说服力。""}"
main,mycoplasma_pneumonia,independent,main_baseline_neutral,none,negative,positive,232,1,True,,negative,negative,none,neutral,none,报道1更具体地描述了家庭照护负担和病程拖长的现实压力，这些具体风险线索在背景信息中也有呼应。,,1.0,1,0,0,1,"{""final_choice"":""report_1"",""credible_choice"":""report_1"",""share_choice"":""none"",""comment_choice"":""neutral"",""like_choice"":""none"",""reason"":""报道1更具体地描述了家庭照护负担和病程拖长的现实压力，这些具体风险线索在背景信息中也有呼应。""}"
main,mycoplasma_pneumonia,independent,main_baseline_neutral,none,positive,negative,233,1,True,,positive,positive,none,neutral,none,报道1提到了医院通过分诊、延时门诊等措施缓解压力，以及大多数孩子在规范治疗后几天到一两周内恢复的具体时间线索，这些具体应对和恢复路径比报道2中的描述更充分。,,0.0,0,0,0,0,"{""final_choice"":""report_1"",""credible_choice"":""report_1"",""share_choice"":""none"",""comment_choice"":""neutral"",""like_choice"":""none"",""reason"":""报道1提到了医院通过分诊、延时门诊等措施缓解压力，以及大多数孩子在规范治疗后几天到一两周内恢复的具体时间线索，这些具体应对和恢复路径比报道2中的描述更充分。""}"
main,mycoplasma_pneumonia,independent,main_baseline_neutral,none,negative,positive,234,1,True,,negative,negative,none,support_negative,negative,报道1中反复提到的咳嗽拖久、复诊增加和家庭负担上升等具体风险线索比报道2的常规恢复描述更具体且连续。,,1.0,1,0,1,3,"{""final_choice"":""report_1"",""credible_choice"":""report_1"",""share_choice"":""none"",""comment_choice"":""support_report_1"",""like_choice"":""report_1"",""reason"":""报道1中反复提到的咳嗽拖久、复诊增加和家庭负担上升等具体风险线索比报道2的常规恢复描述更具体且连续。""}"
main,mycoplasma_pneumonia,independent,main_baseline_neutral,none,positive,negative,235,1,True,,positive,positive,none,neutral,none,报道1提到医院已经采取分诊、延时门诊等措施应对压力，且大多数孩子在规范治疗后能在一两周内恢复，这些具体应对措施和恢复时间线让我觉得情况相对可控。,,0.0,0,0,0,0,"{""final_choice"":""report_1"",""credible_choice"":""report_1"",""share_choice"":""none"",""comment_choice"":""neutral"",""like_choice"":""none"",""reason"":""报道1提到医院已经采取分诊、延时门诊等措施应对压力，且大多数孩子在规范治疗后能在一两周内恢复，这些具体应对措施和恢复时间线让我觉得情况相对可控。""}"
main,mycoplasma_pneumonia,independent,main_baseline_neutral,none,negative,positive,236,1,True,,negative,negative,none,neutral,none,报道1中关于咳嗽拖得更久、复诊次数增加和家庭照护负担上升的具体描述，在有限信息下显得更值得关注。,,1.0,1,0,0,1,"{""final_choice"":""report_1"",""credible_choice"":""report_1"",""share_choice"":""none"",""comment_choice"":""neutral"",""like_choice"":""none"",""reason"":""报道1中关于咳嗽拖得更久、复诊次数增加和家庭照护负担上升的具体描述，在有限信息下显得更值得关注。""}"
main,mycoplasma_pneumonia,independent,main_baseline_neutral,none,positive,negative,237,1,True,,positive,positive,none,neutral,none,报道1提到的医院应对措施和大多数孩子在可预期范围内改善的情况更具体，而报道2的担忧更多基于部分个体经验。,,0.0,0,0,0,0,"{""final_choice"":""report_1"",""credible_choice"":""report_1"",""share_choice"":""none"",""comment_choice"":""neutral"",""like_choice"":""none"",""reason"":""报道1提到的医院应对措施和大多数孩子在可预期范围内改善的情况更具体，而报道2的担忧更多基于部分个体经验。""}"
main,mycoplasma_pneumonia,independent,main_baseline_neutral,none,negative,positive,238,1,True,,negative,negative,none,neutral,none,报道1中提到的具体症状拖长、复诊次数增加和夜间咳嗽反复等风险线索更为具体且连续，比报道2中的一般性恢复描述更能解释当前背景下的公众关注点。,,1.0,1,0,0,1,"{""final_choice"":""report_1"",""credible_choice"":""report_1"",""share_choice"":""none"",""comment_choice"":""neutral"",""like_choice"":""none"",""reason"":""报道1中提到的具体症状拖长、复诊次数增加和夜间咳嗽反复等风险线索更为具体且连续，比报道2中的一般性恢复描述更能解释当前背景下的公众关注点。""}"
main,mycoplasma_pneumonia,independent,main_baseline_neutral,none,positive,negative,239,1,True,,positive,positive,none,neutral,none,报道1提供了更具体的恢复时间框架和医院应对措施，这些具体线索比报道2中较笼统的'恢复慢'和'压力累积'更有说服力。,,0.0,0,0,0,0,"{""final_choice"":""report_1"",""credible_choice"":""report_1"",""share_choice"":""none"",""comment_choice"":""neutral"",""like_choice"":""none"",""reason"":""报道1提供了更具体的恢复时间框架和医院应对措施，这些具体线索比报道2中较笼统的'恢复慢'和'压力累积'更有说服力。""}"
main,mycoplasma_pneumonia,independent,main_baseline_neutral,none,negative,positive,240,1,True,,negative,negative,none,support_negative,negative,报道1中提到的'咳嗽拖得更久、复诊次数增加、家庭照护负担上升'等具体风险线索更贴近背景中提到的'公众对传播情况、就医压力与潜在风险保持高度关注'。,,1.0,1,0,1,3,"{""final_choice"":""report_1"",""credible_choice"":""report_1"",""share_choice"":""none"",""comment_choice"":""support_report_1"",""like_choice"":""report_1"",""reason"":""报道1中提到的'咳嗽拖得更久、复诊次数增加、家庭照护负担上升'等具体风险线索更贴近背景中提到的'公众对传播情况、就医压力与潜在风险保持高度关注'。""}"
main,mycoplasma_pneumonia,independent,main_baseline_neutral,none,positive,negative,241,1,True,,positive,positive,none,neutral,none,报道1提到大多数孩子在规范治疗后几天到一两周内恢复，且有医院通过分诊、延时门诊等措施缓解压力，这些具体应对措施和恢复时间表让我更倾向于相信整体情况可控。,,0.0,0,0,0,0,"{""final_choice"":""report_1"",""credible_choice"":""report_1"",""share_choice"":""none"",""comment_choice"":""neutral"",""like_choice"":""none"",""reason"":""报道1提到大多数孩子在规范治疗后几天到一两周内恢复，且有医院通过分诊、延时门诊等措施缓解压力，这些具体应对措施和恢复时间表让我更倾向于相信整体情况可控。""}"
main,mycoplasma_pneumonia,independent,main_baseline_neutral,none,negative,positive,242,1,True,,negative,negative,none,neutral,none,报道1提到的门诊拥挤、夜间咳嗽反复和恢复慢等具体现象更符合背景中提到的就医压力增加和家庭照护负担上升的情况。,,1.0,1,0,0,1,"{""final_choice"":""report_1"",""credible_choice"":""report_1"",""share_choice"":""none"",""comment_choice"":""neutral"",""like_choice"":""none"",""reason"":""报道1提到的门诊拥挤、夜间咳嗽反复和恢复慢等具体现象更符合背景中提到的就医压力增加和家庭照护负担上升的情况。""}"
main,mycoplasma_pneumonia,independent,main_baseline_neutral,none,positive,negative,243,1,True,,positive,positive,none,neutral,none,报道1中提到的医院应对措施和大多数孩子按医嘱治疗后在预期范围内改善的具体线索比报道2的模糊风险描述更有参考价值。,,0.0,0,0,0,0,"{""final_choice"":""report_1"",""credible_choice"":""report_1"",""share_choice"":""none"",""comment_choice"":""neutral"",""like_choice"":""none"",""reason"":""报道1中提到的医院应对措施和大多数孩子按医嘱治疗后在预期范围内改善的具体线索比报道2的模糊风险描述更有参考价值。""}"
main,mycoplasma_pneumonia,independent,main_baseline_neutral,none,negative,positive,244,1,True,,negative,negative,none,neutral,none,报道1中反复提到的咳嗽拖久、复诊增加、夜间反复等具体症状描述比报道2的'几天到一两周恢复'更具体且连续。,,1.0,1,0,0,1,"{""final_choice"":""report_1"",""credible_choice"":""report_1"",""share_choice"":""none"",""comment_choice"":""neutral"",""like_choice"":""none"",""reason"":""报道1中反复提到的咳嗽拖久、复诊增加、夜间反复等具体症状描述比报道2的'几天到一两周恢复'更具体且连续。""}"
main,mycoplasma_pneumonia,independent,main_baseline_neutral,none,positive,negative,245,1,True,,positive,positive,none,neutral,none,报道1提到的医院应对措施和大多数孩子在规范治疗后恢复较快，比报道2中的持续影响和恢复慢提供了更具体的正式应对路径。,,0.0,0,0,0,0,"{""final_choice"":""report_1"",""credible_choice"":""report_1"",""share_choice"":""none"",""comment_choice"":""neutral"",""like_choice"":""none"",""reason"":""报道1提到的医院应对措施和大多数孩子在规范治疗后恢复较快，比报道2中的持续影响和恢复慢提供了更具体的正式应对路径。""}"
main,mycoplasma_pneumonia,independent,main_baseline_neutral,none,negative,positive,246,1,True,,negative,negative,none,neutral,none,报道1中提到的'咳嗽拖得更久、复诊次数增加、家庭照护负担上升'这些具体恢复慢的线索比报道2中'几天到一两周内恢复'的笼统描述更有说服力。,,1.0,1,0,0,1,"{""final_choice"":""report_1"",""credible_choice"":""report_1"",""share_choice"":""none"",""comment_choice"":""neutral"",""like_choice"":""none"",""reason"":""报道1中提到的'咳嗽拖得更久、复诊次数增加、家庭照护负担上升'这些具体恢复慢的线索比报道2中'几天到一两周内恢复'的笼统描述更有说服力。""}"
main,mycoplasma_pneumonia,independent,main_baseline_neutral,none,positive,negative,247,1,True,,positive,positive,none,neutral,none,报道1提到医院已通过分诊、延时门诊和加开号源来缓解压力，这些具体应对措施让我感到更可控。,,0.0,0,0,0,0,"{""final_choice"":""report_1"",""credible_choice"":""report_1"",""share_choice"":""none"",""comment_choice"":""neutral"",""like_choice"":""none"",""reason"":""报道1提到医院已通过分诊、延时门诊和加开号源来缓解压力，这些具体应对措施让我感到更可控。""}"
main,mycoplasma_pneumonia,independent,main_baseline_neutral,none,negative,positive,248,1,True,,negative,negative,none,neutral,none,报道1中关于咳嗽拖得更久、复诊次数增加和家庭照护负担上升的具体描述更贴近背景中提到的'讨论明显增多'和'公众高度关注'。,,1.0,1,0,0,1,"{""final_choice"":""report_1"",""credible_choice"":""report_1"",""share_choice"":""none"",""comment_choice"":""neutral"",""like_choice"":""none"",""reason"":""报道1中关于咳嗽拖得更久、复诊次数增加和家庭照护负担上升的具体描述更贴近背景中提到的'讨论明显增多'和'公众高度关注'。""}"
main,mycoplasma_pneumonia,independent,main_baseline_neutral,none,positive,negative,249,1,True,,positive,positive,none,neutral,none,报道1提供了更具体的恢复时间范围(几天到一两周)和医院应对措施(分诊、延时门诊、加开号源)，而报道2的风险描述较为笼统。,,0.0,0,0,0,0,"{""final_choice"":""report_1"",""credible_choice"":""report_1"",""share_choice"":""none"",""comment_choice"":""neutral"",""like_choice"":""none"",""reason"":""报道1提供了更具体的恢复时间范围(几天到一两周)和医院应对措施(分诊、延时门诊、加开号源)，而报道2的风险描述较为笼统。""}"
main,mycoplasma_pneumonia,independent,main_baseline_neutral,none,negative,positive,250,1,True,,negative,negative,none,neutral,none,报道1中提到的'咳嗽拖得更久、复诊次数增加、家庭照护负担明显上升'等具体风险线索，比报道2中'大多数孩子会在几天到一两周内逐步恢复'的一般性描述更能解释当前门诊量增加的背景情况。,,1.0,1,0,0,1,"{""final_choice"":""report_1"",""credible_choice"":""report_1"",""share_choice"":""none"",""comment_choice"":""neutral"",""like_choice"":""none"",""reason"":""报道1中提到的'咳嗽拖得更久、复诊次数增加、家庭照护负担明显上升'等具体风险线索，比报道2中'大多数孩子会在几天到一两周内逐步恢复'的一般性描述更能解释当前门诊量增加的背景情况。""}"
main,mycoplasma_pneumonia,independent,main_baseline_neutral,none,positive,negative,251,1,True,,positive,positive,none,neutral,none,报道1提到大多数孩子在几天到一两周内恢复，医院已采取分诊、延时门诊等应对措施，这些具体应对措施和恢复时间线更有说服力。,,0.0,0,0,0,0,"{""final_choice"":""report_1"",""credible_choice"":""report_1"",""share_choice"":""none"",""comment_choice"":""neutral"",""like_choice"":""none"",""reason"":""报道1提到大多数孩子在几天到一两周内恢复，医院已采取分诊、延时门诊等应对措施，这些具体应对措施和恢复时间线更有说服力。""}"
main,mycoplasma_pneumonia,independent,main_baseline_neutral,none,negative,positive,252,1,True,,negative,negative,none,neutral,none,报道1中提到的咳嗽拖得更久、复诊次数增加和家庭照护负担上升等具体风险线索，比报道2中大多数孩子几天到一两周内恢复的描述更符合背景中提到的'公众高度关注'和'讨论明显增多'的现实压力。,,1.0,1,0,0,1,"{""final_choice"":""report_1"",""credible_choice"":""report_1"",""share_choice"":""none"",""comment_choice"":""neutral"",""like_choice"":""none"",""reason"":""报道1中提到的咳嗽拖得更久、复诊次数增加和家庭照护负担上升等具体风险线索，比报道2中大多数孩子几天到一两周内恢复的描述更符合背景中提到的'公众高度关注'和'讨论明显增多'的现实压力。""}"
main,mycoplasma_pneumonia,independent,main_baseline_neutral,none,positive,negative,253,1,True,,positive,positive,none,neutral,none,报道1提到大多数孩子完成规范治疗后能在几天到一两周内恢复，医院已采取措施缓解压力，而报道2虽然提到恢复慢但缺乏具体比例和应对措施的详细说明。,,0.0,0,0,0,0,"{""final_choice"":""report_1"",""credible_choice"":""report_1"",""share_choice"":""none"",""comment_choice"":""neutral"",""like_choice"":""none"",""reason"":""报道1提到大多数孩子完成规范治疗后能在几天到一两周内恢复，医院已采取措施缓解压力，而报道2虽然提到恢复慢但缺乏具体比例和应对措施的详细说明。""}"
main,mycoplasma_pneumonia,independent,main_baseline_neutral,none,negative,positive,254,1,True,,negative,negative,none,neutral,none,报道1中描述的咳嗽拖得更久、复诊次数增加和家庭照护负担上升等具体风险线索在材料中更为详细。,,1.0,1,0,0,1,"{""final_choice"":""report_1"",""credible_choice"":""report_1"",""share_choice"":""none"",""comment_choice"":""neutral"",""like_choice"":""none"",""reason"":""报道1中描述的咳嗽拖得更久、复诊次数增加和家庭照护负担上升等具体风险线索在材料中更为详细。""}"
main,mycoplasma_pneumonia,independent,main_baseline_neutral,none,positive,negative,255,1,True,,positive,positive,none,neutral,none,报道1提到医院已采取分诊、延时门诊和加开号源等具体应对措施，且大多数孩子治疗后在一两周内恢复，这些正式应对和恢复线索比报道2中的个体经验更具体。,,0.0,0,0,0,0,"{""final_choice"":""report_1"",""credible_choice"":""report_1"",""share_choice"":""none"",""comment_choice"":""neutral"",""like_choice"":""none"",""reason"":""报道1提到医院已采取分诊、延时门诊和加开号源等具体应对措施，且大多数孩子治疗后在一两周内恢复，这些正式应对和恢复线索比报道2中的个体经验更具体。""}"
main,mycoplasma_pneumonia,independent,main_baseline_neutral,none,negative,positive,256,1,True,,negative,negative,none,neutral,none,报道1中反复提到的咳嗽拖长、复诊次数增加和家庭照护负担上升等具体线索，更符合背景中提到的'公众对传播情况、就医压力与潜在风险保持高度关注'的描述。,,1.0,1,0,0,1,"{""final_choice"":""report_1"",""credible_choice"":""report_1"",""share_choice"":""none"",""comment_choice"":""neutral"",""like_choice"":""none"",""reason"":""报道1中反复提到的咳嗽拖长、复诊次数增加和家庭照护负担上升等具体线索，更符合背景中提到的'公众对传播情况、就医压力与潜在风险保持高度关注'的描述。""}"
main,mycoplasma_pneumonia,independent,main_baseline_neutral,none,positive,negative,257,1,True,,positive,positive,none,neutral,none,报道1中医院通过分诊、延时门诊和加开号源等具体应对措施，以及大多数孩子在几天到一两周内恢复的明确时间线，比报道2中笼统的'持续影响更强'和'恢复慢'更有说服力。,,0.0,0,0,0,0,"{""final_choice"":""report_1"",""credible_choice"":""report_1"",""share_choice"":""none"",""comment_choice"":""neutral"",""like_choice"":""none"",""reason"":""报道1中医院通过分诊、延时门诊和加开号源等具体应对措施，以及大多数孩子在几天到一两周内恢复的明确时间线，比报道2中笼统的'持续影响更强'和'恢复慢'更有说服力。""}"
main,mycoplasma_pneumonia,independent,main_baseline_neutral,none,negative,positive,258,1,True,,negative,negative,none,support_negative,negative,报道1中提到的咳嗽拖得更久、复诊次数增加、家庭照护负担上升等具体风险线索比报道2的常规恢复描述更符合背景中提到的公众高度关注状态。,,1.0,1,0,1,3,"{""final_choice"":""report_1"",""credible_choice"":""report_1"",""share_choice"":""none"",""comment_choice"":""support_report_1"",""like_choice"":""report_1"",""reason"":""报道1中提到的咳嗽拖得更久、复诊次数增加、家庭照护负担上升等具体风险线索比报道2的常规恢复描述更符合背景中提到的公众高度关注状态。""}"
main,mycoplasma_pneumonia,independent,main_baseline_neutral,none,positive,negative,259,1,True,,positive,positive,none,neutral,none,报道1提供了具体的恢复时间范围和医院应对措施，而报道2的风险描述相对模糊。,,0.0,0,0,0,0,"{""final_choice"":""report_1"",""credible_choice"":""report_1"",""share_choice"":""none"",""comment_choice"":""neutral"",""like_choice"":""none"",""reason"":""报道1提供了具体的恢复时间范围和医院应对措施，而报道2的风险描述相对模糊。""}"
main,mycoplasma_pneumonia,independent,main_baseline_neutral,none,negative,positive,260,1,True,,negative,negative,none,neutral,none,报道1提到的'咳嗽拖得更久、复诊次数增加、家庭照护负担上升'等具体风险线索更符合背景中'公众高度关注'的氛围。,,1.0,1,0,0,1,"{""final_choice"":""report_1"",""credible_choice"":""report_1"",""share_choice"":""none"",""comment_choice"":""neutral"",""like_choice"":""none"",""reason"":""报道1提到的'咳嗽拖得更久、复诊次数增加、家庭照护负担上升'等具体风险线索更符合背景中'公众高度关注'的氛围。""}"
main,mycoplasma_pneumonia,independent,main_baseline_neutral,none,positive,negative,261,1,True,,positive,positive,none,neutral,none,报道1提到大多数孩子在规范治疗后几天到一两周内恢复，并有医院应对措施，这些具体恢复线索比报道2的'恢复拖长'描述更直接对应背景中的门诊增加现象。,,0.0,0,0,0,0,"{""final_choice"":""report_1"",""credible_choice"":""report_1"",""share_choice"":""none"",""comment_choice"":""neutral"",""like_choice"":""none"",""reason"":""报道1提到大多数孩子在规范治疗后几天到一两周内恢复，并有医院应对措施，这些具体恢复线索比报道2的'恢复拖长'描述更直接对应背景中的门诊增加现象。""}"
main,mycoplasma_pneumonia,independent,main_baseline_neutral,none,negative,positive,262,1,True,,negative,negative,none,support_negative,none,报道1中提到的咳嗽拖久、复诊次数增加和家庭照护负担上升等具体现象，与背景信息中提到的'就医压力与潜在风险'高度吻合。,,1.0,1,0,1,2,"{""final_choice"":""report_1"",""credible_choice"":""report_1"",""share_choice"":""none"",""comment_choice"":""support_report_1"",""like_choice"":""none"",""reason"":""报道1中提到的咳嗽拖久、复诊次数增加和家庭照护负担上升等具体现象，与背景信息中提到的'就医压力与潜在风险'高度吻合。""}"
main,mycoplasma_pneumonia,independent,main_baseline_neutral,none,positive,negative,263,1,True,,positive,positive,none,neutral,none,报道1中提到了医院通过分诊、延时门诊和加开号源等具体应对措施，以及大多数孩子在规范治疗后几天到一两周内恢复的具体时间范围，这些具体线索比报道2中更笼统的'拖得更久'、'恢复慢于预期'更具体可验证。,,0.0,0,0,0,0,"{""final_choice"":""report_1"",""credible_choice"":""report_1"",""share_choice"":""none"",""comment_choice"":""neutral"",""like_choice"":""none"",""reason"":""报道1中提到了医院通过分诊、延时门诊和加开号源等具体应对措施，以及大多数孩子在规范治疗后几天到一两周内恢复的具体时间范围，这些具体线索比报道2中更笼统的'拖得更久'、'恢复慢于预期'更具体可验证。""}"
main,mycoplasma_pneumonia,independent,main_baseline_neutral,none,negative,positive,264,1,True,,negative,negative,none,neutral,none,报道1中提到的咳嗽拖得更久、复诊次数增加、家庭照护负担上升等具体风险线索在材料中更为连续和具体。,,1.0,1,0,0,1,"{""final_choice"":""report_1"",""credible_choice"":""report_1"",""share_choice"":""none"",""comment_choice"":""neutral"",""like_choice"":""none"",""reason"":""报道1中提到的咳嗽拖得更久、复诊次数增加、家庭照护负担上升等具体风险线索在材料中更为连续和具体。""}"
main,mycoplasma_pneumonia,independent,main_baseline_neutral,none,positive,negative,265,1,True,,positive,positive,none,neutral,none,报道1中提到的医院应对措施和大多数孩子恢复的具体时间范围比报道2的模糊描述更有说服力。,,0.0,0,0,0,0,"{""final_choice"":""report_1"",""credible_choice"":""report_1"",""share_choice"":""none"",""comment_choice"":""neutral"",""like_choice"":""none"",""reason"":""报道1中提到的医院应对措施和大多数孩子恢复的具体时间范围比报道2的模糊描述更有说服力。""}"
main,mycoplasma_pneumonia,independent,main_baseline_neutral,none,negative,positive,266,1,True,,negative,negative,none,neutral,none,报道1对恢复慢、复诊次数增加和家庭照护负担的具体描述比报道2的'几天到一两周'恢复更符合背景中提到的持续影响。,,1.0,1,0,0,1,"{""final_choice"":""report_1"",""credible_choice"":""report_1"",""share_choice"":""none"",""comment_choice"":""neutral"",""like_choice"":""none"",""reason"":""报道1对恢复慢、复诊次数增加和家庭照护负担的具体描述比报道2的'几天到一两周'恢复更符合背景中提到的持续影响。""}"
main,mycoplasma_pneumonia,independent,main_baseline_neutral,none,positive,negative,267,1,True,,positive,positive,none,neutral,none,报道1提到的医院应对措施和大多数孩子按预期恢复的具体情况，比报道2中反复提及的恢复慢、夜间咳嗽等模糊现象更有说服力。,,0.0,0,0,0,0,"{""final_choice"":""report_1"",""credible_choice"":""report_1"",""share_choice"":""none"",""comment_choice"":""neutral"",""like_choice"":""none"",""reason"":""报道1提到的医院应对措施和大多数孩子按预期恢复的具体情况，比报道2中反复提及的恢复慢、夜间咳嗽等模糊现象更有说服力。""}"
main,mycoplasma_pneumonia,independent,main_baseline_neutral,none,negative,positive,268,1,True,,negative,negative,none,neutral,none,报道1中关于咳嗽拖久、复诊增加和家庭负担上升的具体描述在背景信息中有所呼应，且提到这些现象并非仅限于少数个案。,,1.0,1,0,0,1,"{""final_choice"":""report_1"",""credible_choice"":""report_1"",""share_choice"":""none"",""comment_choice"":""neutral"",""like_choice"":""none"",""reason"":""报道1中关于咳嗽拖久、复诊增加和家庭负担上升的具体描述在背景信息中有所呼应，且提到这些现象并非仅限于少数个案。""}"
main,mycoplasma_pneumonia,independent,main_baseline_neutral,none,positive,negative,269,1,True,,positive,positive,none,neutral,none,报道1提供了更具体的恢复时间和医院应对措施，如分诊、延时门诊等实际缓解手段，比报道2中更笼统的风险描述更有参考价值。,,0.0,0,0,0,0,"{""final_choice"":""report_1"",""credible_choice"":""report_1"",""share_choice"":""none"",""comment_choice"":""neutral"",""like_choice"":""none"",""reason"":""报道1提供了更具体的恢复时间和医院应对措施，如分诊、延时门诊等实际缓解手段，比报道2中更笼统的风险描述更有参考价值。""}"
main,mycoplasma_pneumonia,independent,main_baseline_neutral,none,negative,positive,270,1,True,,negative,negative,none,support_negative,negative,报道1中关于病程拖长、复诊次数增加和家庭负担上升的具体描述，比报道2中'大多数孩子几天到一两周恢复'的概括性表述更能解释背景中提到的公众高度关注和讨论。,,1.0,1,0,1,3,"{""final_choice"":""report_1"",""credible_choice"":""report_1"",""share_choice"":""none"",""comment_choice"":""support_report_1"",""like_choice"":""report_1"",""reason"":""报道1中关于病程拖长、复诊次数增加和家庭负担上升的具体描述，比报道2中'大多数孩子几天到一两周恢复'的概括性表述更能解释背景中提到的公众高度关注和讨论。""}"
main,mycoplasma_pneumonia,independent,main_baseline_neutral,none,positive,negative,271,1,True,,positive,positive,none,neutral,none,报道1提到大多数孩子在规范治疗后几天到一两周内恢复，有医院通过分诊、延时门诊等具体措施缓解压力，这些具体应对措施和恢复时间表比报道2的模糊描述更有说服力。,,0.0,0,0,0,0,"{""final_choice"":""report_1"",""credible_choice"":""report_1"",""share_choice"":""none"",""comment_choice"":""neutral"",""like_choice"":""none"",""reason"":""报道1提到大多数孩子在规范治疗后几天到一两周内恢复，有医院通过分诊、延时门诊等具体措施缓解压力，这些具体应对措施和恢复时间表比报道2的模糊描述更有说服力。""}"
main,mycoplasma_pneumonia,independent,main_baseline_neutral,none,negative,positive,272,1,True,,negative,negative,none,neutral,none,报道1提到的门诊拥挤、挂号困难和夜间咳嗽反复等具体就医压力线索更贴近背景信息中公众对就医压力的关注。,,1.0,1,0,0,1,"{""final_choice"":""report_1"",""credible_choice"":""report_1"",""share_choice"":""none"",""comment_choice"":""neutral"",""like_choice"":""none"",""reason"":""报道1提到的门诊拥挤、挂号困难和夜间咳嗽反复等具体就医压力线索更贴近背景信息中公众对就医压力的关注。""}"
main,mycoplasma_pneumonia,independent,main_baseline_neutral,none,positive,negative,273,1,True,,positive,positive,none,neutral,none,报道1提到的规范治疗和可预期范围内的改善，以及医院采取的缓解压力措施，提供了更具体的可控线索。,,0.0,0,0,0,0,"{""final_choice"":""report_1"",""credible_choice"":""report_1"",""share_choice"":""none"",""comment_choice"":""neutral"",""like_choice"":""none"",""reason"":""报道1提到的规范治疗和可预期范围内的改善，以及医院采取的缓解压力措施，提供了更具体的可控线索。""}"
main,mycoplasma_pneumonia,independent,main_baseline_neutral,none,negative,positive,274,1,True,,negative,negative,none,neutral,none,报道1中提到咳嗽拖得更久、复诊次数增加、家庭照护负担上升等具体风险线索，这些更贴近背景信息中儿科门诊接诊量增加和公众高度关注的情境。,,1.0,1,0,0,1,"{""final_choice"":""report_1"",""credible_choice"":""report_1"",""share_choice"":""none"",""comment_choice"":""neutral"",""like_choice"":""none"",""reason"":""报道1中提到咳嗽拖得更久、复诊次数增加、家庭照护负担上升等具体风险线索，这些更贴近背景信息中儿科门诊接诊量增加和公众高度关注的情境。""}"
main,mycoplasma_pneumonia,independent,main_baseline_neutral,none,positive,negative,275,1,True,,positive,positive,none,neutral,none,报道1提供了更具体的治疗恢复时间框架和医院应对措施，这些正式来源的信息让我觉得整体情况相对可控。,,0.0,0,0,0,0,"{""final_choice"":""report_1"",""credible_choice"":""report_1"",""share_choice"":""none"",""comment_choice"":""neutral"",""like_choice"":""none"",""reason"":""报道1提供了更具体的治疗恢复时间框架和医院应对措施，这些正式来源的信息让我觉得整体情况相对可控。""}"
main,mycoplasma_pneumonia,independent,main_baseline_neutral,none,negative,positive,276,1,True,,negative,negative,none,neutral,none,报道1中提到的咳嗽拖得更久、复诊次数增加和家庭照护负担上升这些具体现象，比报道2中简单的'几天到一两周内逐步恢复'更符合背景信息中提到的公众高度关注和讨论。,,1.0,1,0,0,1,"{""final_choice"":""report_1"",""credible_choice"":""report_1"",""share_choice"":""none"",""comment_choice"":""neutral"",""like_choice"":""none"",""reason"":""报道1中提到的咳嗽拖得更久、复诊次数增加和家庭照护负担上升这些具体现象，比报道2中简单的'几天到一两周内逐步恢复'更符合背景信息中提到的公众高度关注和讨论。""}"
main,mycoplasma_pneumonia,independent,main_baseline_neutral,none,positive,negative,277,1,True,,positive,positive,none,neutral,none,报道1提到医院已通过分诊、延时门诊和加开号源来缓解压力，且大多数孩子在规范治疗后几天到一两周内恢复，这些具体应对措施和恢复时间线更有说服力。,,0.0,0,0,0,0,"{""final_choice"":""report_1"",""credible_choice"":""report_1"",""share_choice"":""none"",""comment_choice"":""neutral"",""like_choice"":""none"",""reason"":""报道1提到医院已通过分诊、延时门诊和加开号源来缓解压力，且大多数孩子在规范治疗后几天到一两周内恢复，这些具体应对措施和恢复时间线更有说服力。""}"
main,mycoplasma_pneumonia,independent,main_baseline_neutral,none,negative,positive,278,1,True,,negative,negative,none,neutral,none,报道1更具体地描述了咳嗽拖延、复诊增加和家庭负担上升等连续风险线索，这些具体问题在背景信息中也有呼应。,,1.0,1,0,0,1,"{""final_choice"":""report_1"",""credible_choice"":""report_1"",""share_choice"":""none"",""comment_choice"":""neutral"",""like_choice"":""none"",""reason"":""报道1更具体地描述了咳嗽拖延、复诊增加和家庭负担上升等连续风险线索，这些具体问题在背景信息中也有呼应。""}"
main,mycoplasma_pneumonia,independent,main_baseline_neutral,none,positive,negative,279,1,True,,positive,positive,none,neutral,none,报道1提供的恢复时间框架和医院应对措施更为具体，虽然提到恢复节奏差异，但给出了明确的预期改善范围。,,0.0,0,0,0,0,"{""final_choice"":""report_1"",""credible_choice"":""report_1"",""share_choice"":""none"",""comment_choice"":""neutral"",""like_choice"":""none"",""reason"":""报道1提供的恢复时间框架和医院应对措施更为具体，虽然提到恢复节奏差异，但给出了明确的预期改善范围。""}"
main,mycoplasma_pneumonia,independent,main_baseline_neutral,none,negative,positive,280,1,True,,negative,negative,none,neutral,none,报道1中反复提到的咳嗽拖久、复诊次数增加和家庭照护负担等具体风险线索，比报道2中的一般性恢复描述更能引起对实际压力的关注。,,1.0,1,0,0,1,"{""final_choice"":""report_1"",""credible_choice"":""report_1"",""share_choice"":""none"",""comment_choice"":""neutral"",""like_choice"":""none"",""reason"":""报道1中反复提到的咳嗽拖久、复诊次数增加和家庭照护负担等具体风险线索，比报道2中的一般性恢复描述更能引起对实际压力的关注。""}"
main,mycoplasma_pneumonia,independent,main_baseline_neutral,none,positive,negative,281,1,True,,positive,positive,none,neutral,none,报道1提到大多数孩子在规范治疗和休息后几天到一两周内恢复，医院已采取措施缓解压力，这些具体应对措施和恢复时间表比报道2的模糊描述更有说服力。,,0.0,0,0,0,0,"{""final_choice"":""report_1"",""credible_choice"":""report_1"",""share_choice"":""none"",""comment_choice"":""neutral"",""like_choice"":""none"",""reason"":""报道1提到大多数孩子在规范治疗和休息后几天到一两周内恢复，医院已采取措施缓解压力，这些具体应对措施和恢复时间表比报道2的模糊描述更有说服力。""}"
main,mycoplasma_pneumonia,independent,main_baseline_neutral,none,negative,positive,282,1,True,,negative,negative,none,neutral,none,报道1中提到的咳嗽拖得更久、复诊次数增加和夜间咳嗽反复等具体风险线索更符合背景信息中公众高度关注的实际情况。,,1.0,1,0,0,1,"{""final_choice"":""report_1"",""credible_choice"":""report_1"",""share_choice"":""none"",""comment_choice"":""neutral"",""like_choice"":""none"",""reason"":""报道1中提到的咳嗽拖得更久、复诊次数增加和夜间咳嗽反复等具体风险线索更符合背景信息中公众高度关注的实际情况。""}"
main,mycoplasma_pneumonia,independent,main_baseline_neutral,none,positive,negative,283,1,True,,positive,positive,none,neutral,none,报道1中提到的医院应对措施和大多数孩子可预期恢复的线索更为具体和一致。,,0.0,0,0,0,0,"{""final_choice"":""report_1"",""credible_choice"":""report_1"",""share_choice"":""none"",""comment_choice"":""neutral"",""like_choice"":""none"",""reason"":""报道1中提到的医院应对措施和大多数孩子可预期恢复的线索更为具体和一致。""}"
main,mycoplasma_pneumonia,independent,main_baseline_neutral,none,negative,positive,284,1,True,,negative,negative,none,support_negative,negative,报道1更具体地描述了咳嗽拖久、复诊增加和家庭负担上升等持续风险，而报道2的缓解信息相对笼统。,,1.0,1,0,1,3,"{""final_choice"":""report_1"",""credible_choice"":""report_1"",""share_choice"":""none"",""comment_choice"":""support_report_1"",""like_choice"":""report_1"",""reason"":""报道1更具体地描述了咳嗽拖久、复诊增加和家庭负担上升等持续风险，而报道2的缓解信息相对笼统。""}"
main,mycoplasma_pneumonia,independent,main_baseline_neutral,none,positive,negative,285,1,True,,positive,positive,none,neutral,none,报道1提到的医院应对措施和大多数孩子可预期恢复的案例更具体，与背景中的官方应对措施相符。,,0.0,0,0,0,0,"{""final_choice"":""report_1"",""credible_choice"":""report_1"",""share_choice"":""none"",""comment_choice"":""neutral"",""like_choice"":""none"",""reason"":""报道1提到的医院应对措施和大多数孩子可预期恢复的案例更具体，与背景中的官方应对措施相符。""}"
main,mycoplasma_pneumonia,independent,main_baseline_neutral,none,negative,positive,286,1,True,,negative,negative,none,neutral,none,报道1中提到的咳嗽拖久、复诊次数增加和家庭照护负担上升等具体现象更符合背景信息中提到的公众高度关注和讨论氛围。,,1.0,1,0,0,1,"{""final_choice"":""report_1"",""credible_choice"":""report_1"",""share_choice"":""none"",""comment_choice"":""neutral"",""like_choice"":""none"",""reason"":""报道1中提到的咳嗽拖久、复诊次数增加和家庭照护负担上升等具体现象更符合背景信息中提到的公众高度关注和讨论氛围。""}"
main,mycoplasma_pneumonia,independent,main_baseline_neutral,none,positive,negative,287,1,True,,positive,positive,none,neutral,none,报道1提到医院已采取分诊、延时门诊等措施应对压力，且大多数孩子在治疗后能在预期范围内恢复，这些具体应对措施和恢复线索更有说服力。,,0.0,0,0,0,0,"{""final_choice"":""report_1"",""credible_choice"":""report_1"",""share_choice"":""none"",""comment_choice"":""neutral"",""like_choice"":""none"",""reason"":""报道1提到医院已采取分诊、延时门诊等措施应对压力，且大多数孩子在治疗后能在预期范围内恢复，这些具体应对措施和恢复线索更有说服力。""}"
main,mycoplasma_pneumonia,independent,main_baseline_neutral,none,negative,positive,288,1,True,,negative,negative,none,neutral,none,报道1中提到的咳嗽拖得更久、复诊次数增加和家庭照护负担上升等具体线索更为连续且具体。,,1.0,1,0,0,1,"{""final_choice"":""report_1"",""credible_choice"":""report_1"",""share_choice"":""none"",""comment_choice"":""neutral"",""like_choice"":""none"",""reason"":""报道1中提到的咳嗽拖得更久、复诊次数增加和家庭照护负担上升等具体线索更为连续且具体。""}"
main,mycoplasma_pneumonia,independent,main_baseline_neutral,none,positive,negative,289,1,True,,positive,positive,none,neutral,none,报道1提供了更具体的治疗恢复时间表和医院应对措施，而报道2的风险描述相对笼统。,,0.0,0,0,0,0,"{""final_choice"":""report_1"",""credible_choice"":""report_1"",""share_choice"":""none"",""comment_choice"":""neutral"",""like_choice"":""none"",""reason"":""报道1提供了更具体的治疗恢复时间表和医院应对措施，而报道2的风险描述相对笼统。""}"
main,mycoplasma_pneumonia,independent,main_baseline_neutral,none,negative,positive,290,1,True,,negative,negative,none,neutral,none,报道1中提到的咳嗽拖得更久、复诊次数增加和家庭照护负担上升的具体风险线索更符合背景信息中公众高度关注的点。,,1.0,1,0,0,1,"{""final_choice"":""report_1"",""credible_choice"":""report_1"",""share_choice"":""none"",""comment_choice"":""neutral"",""like_choice"":""none"",""reason"":""报道1中提到的咳嗽拖得更久、复诊次数增加和家庭照护负担上升的具体风险线索更符合背景信息中公众高度关注的点。""}"
main,mycoplasma_pneumonia,independent,main_baseline_neutral,none,positive,negative,291,1,True,,neutral,neutral,none,neutral,none,两篇报道都承认恢复节奏存在差异，没有一方提供明显更具体或一致的证据。,,0.5,0,0,0,0,"{""final_choice"":""neutral"",""credible_choice"":""neutral"",""share_choice"":""none"",""comment_choice"":""neutral"",""like_choice"":""none"",""reason"":""两篇报道都承认恢复节奏存在差异，没有一方提供明显更具体或一致的证据。""}"
main,mycoplasma_pneumonia,independent,main_baseline_neutral,none,negative,positive,292,1,True,,negative,negative,none,neutral,none,报道1提到的门诊拥挤、夜间咳嗽反复和恢复慢等具体现象与背景中提到的就医压力和公众关注更直接相关。,,1.0,1,0,0,1,"{""final_choice"":""report_1"",""credible_choice"":""report_1"",""share_choice"":""none"",""comment_choice"":""neutral"",""like_choice"":""none"",""reason"":""报道1提到的门诊拥挤、夜间咳嗽反复和恢复慢等具体现象与背景中提到的就医压力和公众关注更直接相关。""}"
main,mycoplasma_pneumonia,independent,main_baseline_neutral,none,positive,negative,293,1,True,,positive,positive,none,neutral,none,报道1提供了具体的恢复时间范围(几天到一两周)和医院应对措施(分诊、延时门诊等)，这些具体线索比报道2中更模糊的'拖得更久'、'压力累积'更有说服力。,,0.0,0,0,0,0,"{""final_choice"":""report_1"",""credible_choice"":""report_1"",""share_choice"":""none"",""comment_choice"":""neutral"",""like_choice"":""none"",""reason"":""报道1提供了具体的恢复时间范围(几天到一两周)和医院应对措施(分诊、延时门诊等)，这些具体线索比报道2中更模糊的'拖得更久'、'压力累积'更有说服力。""}"
main,mycoplasma_pneumonia,independent,main_baseline_neutral,none,negative,positive,294,1,True,,negative,negative,none,neutral,none,报道1提到了咳嗽拖得更久、复诊次数增加和家庭照护负担上升等更具体的风险线索，比报道2的几天到一两周恢复更符合背景中提到的'病程拖长和现实压力累积'。,,1.0,1,0,0,1,"{""final_choice"":""report_1"",""credible_choice"":""report_1"",""share_choice"":""none"",""comment_choice"":""neutral"",""like_choice"":""none"",""reason"":""报道1提到了咳嗽拖得更久、复诊次数增加和家庭照护负担上升等更具体的风险线索，比报道2的几天到一两周恢复更符合背景中提到的'病程拖长和现实压力累积'。""}"
main,mycoplasma_pneumonia,independent,main_baseline_neutral,none,positive,negative,295,1,True,,positive,positive,none,neutral,none,报道1中提到的具体应对措施和大多数病例在预期范围内恢复的线索更具体，比报道2中更笼统的风险描述更有说服力。,,0.0,0,0,0,0,"{""final_choice"":""report_1"",""credible_choice"":""report_1"",""share_choice"":""none"",""comment_choice"":""neutral"",""like_choice"":""none"",""reason"":""报道1中提到的具体应对措施和大多数病例在预期范围内恢复的线索更具体，比报道2中更笼统的风险描述更有说服力。""}"
main,mycoplasma_pneumonia,independent,main_baseline_neutral,none,negative,positive,296,1,True,,negative,negative,none,neutral,none,报道1中反复提到的咳嗽拖长、复诊次数增加和家庭负担上升这些具体风险线索更符合背景中提到的公众高度关注和讨论增多的状态。,,1.0,1,0,0,1,"{""final_choice"":""report_1"",""credible_choice"":""report_1"",""share_choice"":""none"",""comment_choice"":""neutral"",""like_choice"":""none"",""reason"":""报道1中反复提到的咳嗽拖长、复诊次数增加和家庭负担上升这些具体风险线索更符合背景中提到的公众高度关注和讨论增多的状态。""}"
main,mycoplasma_pneumonia,independent,main_baseline_neutral,none,positive,negative,297,1,True,,positive,positive,none,neutral,none,报道1提到医院已采取分诊、延时门诊等措施应对压力，并且大多数孩子治疗后恢复情况可预期，这些具体应对措施和恢复线索让我更倾向于相信情况相对可控。,,0.0,0,0,0,0,"{""final_choice"":""report_1"",""credible_choice"":""report_1"",""share_choice"":""none"",""comment_choice"":""neutral"",""like_choice"":""none"",""reason"":""报道1提到医院已采取分诊、延时门诊等措施应对压力，并且大多数孩子治疗后恢复情况可预期，这些具体应对措施和恢复线索让我更倾向于相信情况相对可控。""}"
main,mycoplasma_pneumonia,independent,main_baseline_neutral,none,negative,positive,298,1,True,,negative,negative,none,neutral,none,报道1提供了更多关于咳嗽持续时间长、复诊次数增加和家庭照护负担的具体细节，这些更直接回应了背景中提到的公众关注点。,,1.0,1,0,0,1,"{""final_choice"":""report_1"",""credible_choice"":""report_1"",""share_choice"":""none"",""comment_choice"":""neutral"",""like_choice"":""none"",""reason"":""报道1提供了更多关于咳嗽持续时间长、复诊次数增加和家庭照护负担的具体细节，这些更直接回应了背景中提到的公众关注点。""}"
main,mycoplasma_pneumonia,independent,main_baseline_neutral,none,positive,negative,299,1,True,,positive,positive,none,neutral,none,报道1提供了更具体的治疗流程和恢复时间框架，而报道2的风险描述相对笼统。,,0.0,0,0,0,0,"{""final_choice"":""report_1"",""credible_choice"":""report_1"",""share_choice"":""none"",""comment_choice"":""neutral"",""like_choice"":""none"",""reason"":""报道1提供了更具体的治疗流程和恢复时间框架，而报道2的风险描述相对笼统。""}"
main,mycoplasma_pneumonia,independent,main_baseline_neutral,none,negative,positive,300,1,True,,negative,negative,none,neutral,none,报道1中反复提到的咳嗽拖久、复诊次数增加和家庭照护负担上升等具体风险线索，比报道2中的一般性恢复描述更具体且直接呼应了背景中的公众关注点。,,1.0,1,0,0,1,"{""final_choice"":""report_1"",""credible_choice"":""report_1"",""share_choice"":""none"",""comment_choice"":""neutral"",""like_choice"":""none"",""reason"":""报道1中反复提到的咳嗽拖久、复诊次数增加和家庭照护负担上升等具体风险线索，比报道2中的一般性恢复描述更具体且直接呼应了背景中的公众关注点。""}"
main,mycoplasma_pneumonia,low_feedback,main_baseline_neutral,none,positive,negative,1,1,True,,positive,positive,positive,support_positive,positive,报道1和评论中提到的规范治疗后几天到一两周内恢复的具体时间线，以及医院已采取的分诊、延时门诊等应对措施，让我更倾向于相信大多数病例是可控的。,,0.0,0,0,0,0,"{""final_choice"":""report_1"",""credible_choice"":""report_1"",""share_choice"":""report_1"",""comment_choice"":""support_report_1"",""like_choice"":""report_1"",""reason"":""报道1和评论中提到的规范治疗后几天到一两周内恢复的具体时间线，以及医院已采取的分诊、延时门诊等应对措施，让我更倾向于相信大多数病例是可控的。""}"
main,mycoplasma_pneumonia,low_feedback,main_baseline_neutral,none,negative,positive,2,1,True,,negative,negative,negative,support_negative,negative,报道1和评论中反复提到的恢复慢、复诊增多和夜间咳嗽反复等具体风险线索，比报道2中的常规恢复描述更符合我此刻看到的具体经验。,,1.0,1,1,1,4,"{""final_choice"":""report_1"",""credible_choice"":""report_1"",""share_choice"":""report_1"",""comment_choice"":""support_report_1"",""like_choice"":""report_1"",""reason"":""报道1和评论中反复提到的恢复慢、复诊增多和夜间咳嗽反复等具体风险线索，比报道2中的常规恢复描述更符合我此刻看到的具体经验。""}"
main,mycoplasma_pneumonia,low_feedback,main_baseline_neutral,none,positive,negative,3,1,True,,positive,positive,positive,support_positive,positive,报道1和评论中关于规范治疗后逐步恢复的具体线索更充分，医院应对措施也更明确。,,0.0,0,0,0,0,"{""final_choice"":""report_1"",""credible_choice"":""report_1"",""share_choice"":""report_1"",""comment_choice"":""support_report_1"",""like_choice"":""report_1"",""reason"":""报道1和评论中关于规范治疗后逐步恢复的具体线索更充分，医院应对措施也更明确。""}"
main,mycoplasma_pneumonia,low_feedback,main_baseline_neutral,none,negative,positive,4,1,True,,negative,negative,negative,support_negative,negative,报道1中关于病程拖长、复诊增加和家庭负担上升的描述更具体，与评论中提到咳嗽缓解节奏差异和需要继续观察的线索形成呼应。,,1.0,1,1,1,4,"{""final_choice"":""report_1"",""credible_choice"":""report_1"",""share_choice"":""report_1"",""comment_choice"":""support_report_1"",""like_choice"":""report_1"",""reason"":""报道1中关于病程拖长、复诊增加和家庭负担上升的描述更具体，与评论中提到咳嗽缓解节奏差异和需要继续观察的线索形成呼应。""}"
main,mycoplasma_pneumonia,low_feedback,main_baseline_neutral,none,positive,negative,5,1,True,,positive,positive,positive,support_positive,positive,报道1和评论中关于规范治疗后逐步恢复的具体线索，以及医院应对措施的一致性，让我更倾向于相信整体可控。,,0.0,0,0,0,0,"{""final_choice"":""report_1"",""credible_choice"":""report_1"",""share_choice"":""report_1"",""comment_choice"":""support_report_1"",""like_choice"":""report_1"",""reason"":""报道1和评论中关于规范治疗后逐步恢复的具体线索，以及医院应对措施的一致性，让我更倾向于相信整体可控。""}"
main,mycoplasma_pneumonia,low_feedback,main_baseline_neutral,none,negative,positive,6,1,True,,negative,negative,negative,support_negative,negative,报道1中反复出现的咳嗽拖延、复诊次数增加和家庭负担上升等具体线索更符合当前社交平台讨论中反映的实际情况。,,1.0,1,1,1,4,"{""final_choice"":""report_1"",""credible_choice"":""report_1"",""share_choice"":""report_1"",""comment_choice"":""support_report_1"",""like_choice"":""report_1"",""reason"":""报道1中反复出现的咳嗽拖延、复诊次数增加和家庭负担上升等具体线索更符合当前社交平台讨论中反映的实际情况。""}"
main,mycoplasma_pneumonia,low_feedback,main_baseline_neutral,none,positive,negative,7,1,True,,positive,positive,positive,support_positive,positive,报道1里提到的医院应对措施和多数病例可按常规处理的线索，与评论中提到的分诊、延时门诊等应对措施相互印证，让我更倾向于相信整体可控。,,0.0,0,0,0,0,"{""final_choice"":""report_1"",""credible_choice"":""report_1"",""share_choice"":""report_1"",""comment_choice"":""support_report_1"",""like_choice"":""report_1"",""reason"":""报道1里提到的医院应对措施和多数病例可按常规处理的线索，与评论中提到的分诊、延时门诊等应对措施相互印证，让我更倾向于相信整体可控。""}"
main,mycoplasma_pneumonia,low_feedback,main_baseline_neutral,none,negative,positive,8,1,True,,negative,negative,negative,support_negative,negative,报道1中反复出现的恢复慢、复诊次数增加和夜间咳嗽反复等具体线索更连贯，而评论2和3虽然提到个别恢复慢的情况，但并未像报道1那样形成系统性的风险累积描述。,,1.0,1,1,1,4,"{""final_choice"":""report_1"",""credible_choice"":""report_1"",""share_choice"":""report_1"",""comment_choice"":""support_report_1"",""like_choice"":""report_1"",""reason"":""报道1中反复出现的恢复慢、复诊次数增加和夜间咳嗽反复等具体线索更连贯，而评论2和3虽然提到个别恢复慢的情况，但并未像报道1那样形成系统性的风险累积描述。""}"
main,mycoplasma_pneumonia,low_feedback,main_baseline_neutral,none,positive,negative,9,1,True,,positive,positive,positive,support_positive,positive,报道1和可见评论中关于规范治疗后逐步恢复的线索更具体，且医院已采取实际缓解措施，这些细节让我更倾向于相信整体可控。,,0.0,0,0,0,0,"{""final_choice"":""report_1"",""credible_choice"":""report_1"",""share_choice"":""report_1"",""comment_choice"":""support_report_1"",""like_choice"":""report_1"",""reason"":""报道1和可见评论中关于规范治疗后逐步恢复的线索更具体，且医院已采取实际缓解措施，这些细节让我更倾向于相信整体可控。""}"
main,mycoplasma_pneumonia,low_feedback,main_baseline_neutral,none,negative,positive,10,1,True,,negative,negative,negative,support_negative,negative,报道1中更具体、更连贯的恢复慢、复诊增加和夜间咳嗽反复等线索，与评论2和评论4中提到的观察需求差异相呼应。,,1.0,1,1,1,4,"{""final_choice"":""report_1"",""credible_choice"":""report_1"",""share_choice"":""report_1"",""comment_choice"":""support_report_1"",""like_choice"":""report_1"",""reason"":""报道1中更具体、更连贯的恢复慢、复诊增加和夜间咳嗽反复等线索，与评论2和评论4中提到的观察需求差异相呼应。""}"
main,mycoplasma_pneumonia,low_feedback,main_baseline_neutral,none,positive,negative,11,1,True,,positive,positive,positive,support_positive,positive,报道1和评论中的恢复较快线索更具体且相互印证，多数孩子按医嘱治疗后几天到一两周内恢复，医院已采取应对措施。,,0.0,0,0,0,0,"{""final_choice"":""report_1"",""credible_choice"":""report_1"",""share_choice"":""report_1"",""comment_choice"":""support_report_1"",""like_choice"":""report_1"",""reason"":""报道1和评论中的恢复较快线索更具体且相互印证，多数孩子按医嘱治疗后几天到一两周内恢复，医院已采取应对措施。""}"
main,mycoplasma_pneumonia,low_feedback,main_baseline_neutral,none,negative,positive,12,1,True,,negative,negative,negative,support_negative,negative,报道1和评论中反复出现的恢复慢、复诊增加和夜间咳嗽反复等具体线索，比报道2的常规恢复描述更能引起我的共鸣。,,1.0,1,1,1,4,"{""final_choice"":""report_1"",""credible_choice"":""report_1"",""share_choice"":""report_1"",""comment_choice"":""support_report_1"",""like_choice"":""report_1"",""reason"":""报道1和评论中反复出现的恢复慢、复诊增加和夜间咳嗽反复等具体线索，比报道2的常规恢复描述更能引起我的共鸣。""}"
main,mycoplasma_pneumonia,low_feedback,main_baseline_neutral,none,positive,negative,13,1,True,,positive,positive,positive,support_positive,positive,报道1和评论中提到的分诊、延时门诊等具体应对措施，以及大多数孩子在规范治疗后几天到一两周内逐步恢复的明确线索，让我更倾向于这一边。,,0.0,0,0,0,0,"{""final_choice"":""report_1"",""credible_choice"":""report_1"",""share_choice"":""report_1"",""comment_choice"":""support_report_1"",""like_choice"":""report_1"",""reason"":""报道1和评论中提到的分诊、延时门诊等具体应对措施，以及大多数孩子在规范治疗后几天到一两周内逐步恢复的明确线索，让我更倾向于这一边。""}"
main,mycoplasma_pneumonia,low_feedback,main_baseline_neutral,none,negative,positive,14,1,True,,negative,negative,negative,support_negative,negative,报道1中关于病程拖长、复诊增加和家庭负担的具体描述与评论中提到的恢复节奏差异和需要继续观察的线索更为吻合。,,1.0,1,1,1,4,"{""final_choice"":""report_1"",""credible_choice"":""report_1"",""share_choice"":""report_1"",""comment_choice"":""support_report_1"",""like_choice"":""report_1"",""reason"":""报道1中关于病程拖长、复诊增加和家庭负担的具体描述与评论中提到的恢复节奏差异和需要继续观察的线索更为吻合。""}"
main,mycoplasma_pneumonia,low_feedback,main_baseline_neutral,none,positive,negative,15,1,True,,positive,positive,positive,support_positive,positive,报道1和评论中更具体的恢复路径和医院应对措施让我感到更可信，而报道2的风险描述相对模糊且缺乏具体数据支持。,,0.0,0,0,0,0,"{""final_choice"":""report_1"",""credible_choice"":""report_1"",""share_choice"":""report_1"",""comment_choice"":""support_report_1"",""like_choice"":""report_1"",""reason"":""报道1和评论中更具体的恢复路径和医院应对措施让我感到更可信，而报道2的风险描述相对模糊且缺乏具体数据支持。""}"
main,mycoplasma_pneumonia,low_feedback,main_baseline_neutral,none,negative,positive,16,1,True,,positive,positive,positive,support_positive,positive,报道2和评论中提供的恢复时间、医院应对措施和具体观察线索更具体一致。,,0.0,0,0,0,0,"{""final_choice"":""report_2"",""credible_choice"":""report_2"",""share_choice"":""report_2"",""comment_choice"":""support_report_2"",""like_choice"":""report_2"",""reason"":""报道2和评论中提供的恢复时间、医院应对措施和具体观察线索更具体一致。""}"
main,mycoplasma_pneumonia,low_feedback,main_baseline_neutral,none,positive,negative,17,1,True,,positive,positive,positive,support_positive,positive,报道1和评论中提到的医院应对措施和恢复时间表更具体，让我更相信整体情况是可控的。,,0.0,0,0,0,0,"{""final_choice"":""report_1"",""credible_choice"":""report_1"",""share_choice"":""report_1"",""comment_choice"":""support_report_1"",""like_choice"":""report_1"",""reason"":""报道1和评论中提到的医院应对措施和恢复时间表更具体，让我更相信整体情况是可控的。""}"
main,mycoplasma_pneumonia,low_feedback,main_baseline_neutral,none,negative,positive,18,1,True,,negative,negative,negative,support_negative,negative,报道1中反复出现的恢复慢、复诊次数增加、夜间咳嗽反复等具体线索，与评论1和评论3中提到的需要继续观察、个别恢复慢的情况更为一致。,,1.0,1,1,1,4,"{""final_choice"":""report_1"",""credible_choice"":""report_1"",""share_choice"":""report_1"",""comment_choice"":""support_report_1"",""like_choice"":""report_1"",""reason"":""报道1中反复出现的恢复慢、复诊次数增加、夜间咳嗽反复等具体线索，与评论1和评论3中提到的需要继续观察、个别恢复慢的情况更为一致。""}"
main,mycoplasma_pneumonia,low_feedback,main_baseline_neutral,none,positive,negative,19,1,True,,positive,positive,positive,support_positive,positive,报道1和评论中更具体地描述了规范治疗后的恢复过程和医院的应对措施，而报道2的风险描述相对笼统。,,0.0,0,0,0,0,"{""final_choice"":""report_1"",""credible_choice"":""report_1"",""share_choice"":""report_1"",""comment_choice"":""support_report_1"",""like_choice"":""report_1"",""reason"":""报道1和评论中更具体地描述了规范治疗后的恢复过程和医院的应对措施，而报道2的风险描述相对笼统。""}"
main,mycoplasma_pneumonia,low_feedback,main_baseline_neutral,none,negative,positive,20,1,True,,negative,negative,negative,support_negative,negative,报道1中更具体、更连贯的风险线索和评论里提到的恢复慢、复诊增加等现象让我更倾向于相信这一边。,,1.0,1,1,1,4,"{""final_choice"":""report_1"",""credible_choice"":""report_1"",""share_choice"":""report_1"",""comment_choice"":""support_report_1"",""like_choice"":""report_1"",""reason"":""报道1中更具体、更连贯的风险线索和评论里提到的恢复慢、复诊增加等现象让我更倾向于相信这一边。""}"
main,mycoplasma_pneumonia,low_feedback,main_baseline_neutral,none,positive,negative,21,1,True,,positive,positive,positive,support_positive,positive,报道1和评论中提到的分诊、延时门诊等应对措施，以及大多数孩子在规范治疗后几天到一两周内恢复的具体时间线，让我更倾向于相信整体情况可控。,,0.0,0,0,0,0,"{""final_choice"":""report_1"",""credible_choice"":""report_1"",""share_choice"":""report_1"",""comment_choice"":""support_report_1"",""like_choice"":""report_1"",""reason"":""报道1和评论中提到的分诊、延时门诊等应对措施，以及大多数孩子在规范治疗后几天到一两周内恢复的具体时间线，让我更倾向于相信整体情况可控。""}"
main,mycoplasma_pneumonia,low_feedback,main_baseline_neutral,none,negative,positive,22,1,True,,negative,negative,negative,support_negative,negative,报道1中提到的反复恢复慢、复诊次数增加和夜间咳嗽反复等具体症状线索，与评论4中家长需要继续观察复查的提醒相互印证，让我更关注这些持续风险。,,1.0,1,1,1,4,"{""final_choice"":""report_1"",""credible_choice"":""report_1"",""share_choice"":""report_1"",""comment_choice"":""support_report_1"",""like_choice"":""report_1"",""reason"":""报道1中提到的反复恢复慢、复诊次数增加和夜间咳嗽反复等具体症状线索，与评论4中家长需要继续观察复查的提醒相互印证，让我更关注这些持续风险。""}"
main,mycoplasma_pneumonia,low_feedback,main_baseline_neutral,none,positive,negative,23,1,True,,positive,positive,positive,support_positive,positive,报道1和评论中提到的规范治疗后大多数孩子几天到一两周内恢复的具体时间框架，以及医院已采取的应对措施，让我更倾向于认为整体情况在可控范围内。,,0.0,0,0,0,0,"{""final_choice"":""report_1"",""credible_choice"":""report_1"",""share_choice"":""report_1"",""comment_choice"":""support_report_1"",""like_choice"":""report_1"",""reason"":""报道1和评论中提到的规范治疗后大多数孩子几天到一两周内恢复的具体时间框架，以及医院已采取的应对措施，让我更倾向于认为整体情况在可控范围内。""}"
main,mycoplasma_pneumonia,low_feedback,main_baseline_neutral,none,negative,positive,24,1,True,,negative,negative,negative,support_negative,negative,报道1中关于病程拖长、复诊次数增加和家庭照护负担上升的具体线索，与评论4中需要继续观察和复查的提醒更一致。,,1.0,1,1,1,4,"{""final_choice"":""report_1"",""credible_choice"":""report_1"",""share_choice"":""report_1"",""comment_choice"":""support_report_1"",""like_choice"":""report_1"",""reason"":""报道1中关于病程拖长、复诊次数增加和家庭照护负担上升的具体线索，与评论4中需要继续观察和复查的提醒更一致。""}"
main,mycoplasma_pneumonia,low_feedback,main_baseline_neutral,none,positive,negative,25,1,True,,positive,positive,positive,support_positive,positive,报道1和评论都提到多数孩子按医嘱治疗后能逐步恢复，医院已采取措施缓解压力，这些具体应对措施和恢复线索让我更倾向于相信整体情况可控。,,0.0,0,0,0,0,"{""final_choice"":""report_1"",""credible_choice"":""report_1"",""share_choice"":""report_1"",""comment_choice"":""support_report_1"",""like_choice"":""report_1"",""reason"":""报道1和评论都提到多数孩子按医嘱治疗后能逐步恢复，医院已采取措施缓解压力，这些具体应对措施和恢复线索让我更倾向于相信整体情况可控。""}"
main,mycoplasma_pneumonia,low_feedback,main_baseline_neutral,none,negative,positive,26,1,True,,negative,negative,negative,support_negative,negative,报道1中更具体描述了恢复慢、复诊次数增加和家庭照护负担上升的连续线索，这些与评论中提到的'恢复过程需要继续观察'和'不同孩子咳嗽缓解和体力恢复的节奏差异不小'相互印证。,,1.0,1,1,1,4,"{""final_choice"":""report_1"",""credible_choice"":""report_1"",""share_choice"":""report_1"",""comment_choice"":""support_report_1"",""like_choice"":""report_1"",""reason"":""报道1中更具体描述了恢复慢、复诊次数增加和家庭照护负担上升的连续线索，这些与评论中提到的'恢复过程需要继续观察'和'不同孩子咳嗽缓解和体力恢复的节奏差异不小'相互印证。""}"
main,mycoplasma_pneumonia,low_feedback,main_baseline_neutral,none,positive,negative,27,1,True,,positive,positive,positive,support_positive,positive,报道1提到的医院应对措施和多数孩子可预期恢复的线索与评论内容相互印证，让我更倾向于相信整体情况相对可控。,,0.0,0,0,0,0,"{""final_choice"":""report_1"",""credible_choice"":""report_1"",""share_choice"":""report_1"",""comment_choice"":""support_report_1"",""like_choice"":""report_1"",""reason"":""报道1提到的医院应对措施和多数孩子可预期恢复的线索与评论内容相互印证，让我更倾向于相信整体情况相对可控。""}"
main,mycoplasma_pneumonia,low_feedback,main_baseline_neutral,none,negative,positive,28,1,True,,negative,negative,negative,support_negative,negative,报道1中更具体描述了病程拖长、复诊次数增加和家庭照护负担上升等持续风险，这些线索与评论中家长需要继续观察恢复情况的提醒相互印证，形成了更连贯的风险链条。,,1.0,1,1,1,4,"{""final_choice"":""report_1"",""credible_choice"":""report_1"",""share_choice"":""report_1"",""comment_choice"":""support_report_1"",""like_choice"":""report_1"",""reason"":""报道1中更具体描述了病程拖长、复诊次数增加和家庭照护负担上升等持续风险，这些线索与评论中家长需要继续观察恢复情况的提醒相互印证，形成了更连贯的风险链条。""}"
main,mycoplasma_pneumonia,low_feedback,main_baseline_neutral,none,positive,negative,29,1,True,,positive,positive,positive,support_positive,positive,报道1提供了更具体的恢复时间范围(几天到一两周)和医院应对措施(分诊、延时门诊、加开号源)，而评论1和评论3也提到了这些具体应对措施，使整体线索更连贯。,,0.0,0,0,0,0,"{""final_choice"":""report_1"",""credible_choice"":""report_1"",""share_choice"":""report_1"",""comment_choice"":""support_report_1"",""like_choice"":""report_1"",""reason"":""报道1提供了更具体的恢复时间范围(几天到一两周)和医院应对措施(分诊、延时门诊、加开号源)，而评论1和评论3也提到了这些具体应对措施，使整体线索更连贯。""}"
main,mycoplasma_pneumonia,low_feedback,main_baseline_neutral,none,negative,positive,30,1,True,,negative,negative,negative,support_negative,negative,报道1中关于病程拖长、复诊增加和夜间咳嗽反复的具体描述，与评论4提到的需要继续观察复查的线索相互印证，形成了更连贯的风险提示。,,1.0,1,1,1,4,"{""final_choice"":""report_1"",""credible_choice"":""report_1"",""share_choice"":""report_1"",""comment_choice"":""support_report_1"",""like_choice"":""report_1"",""reason"":""报道1中关于病程拖长、复诊增加和夜间咳嗽反复的具体描述，与评论4提到的需要继续观察复查的线索相互印证，形成了更连贯的风险提示。""}"
main,mycoplasma_pneumonia,low_feedback,main_baseline_neutral,none,positive,negative,31,1,True,,positive,positive,positive,support_positive,positive,报道1和评论中提到的规范治疗后逐步恢复的线索更具体，且医院已采取措施缓解压力，让我更倾向于相信大多数病例是可控的。,,0.0,0,0,0,0,"{""final_choice"":""report_1"",""credible_choice"":""report_1"",""share_choice"":""report_1"",""comment_choice"":""support_report_1"",""like_choice"":""report_1"",""reason"":""报道1和评论中提到的规范治疗后逐步恢复的线索更具体，且医院已采取措施缓解压力，让我更倾向于相信大多数病例是可控的。""}"
main,mycoplasma_pneumonia,low_feedback,main_baseline_neutral,none,negative,positive,32,1,True,,negative,negative,negative,support_negative,negative,报道1中关于病程拖长、复诊增加和家庭负担上升的具体描述与评论中反复提到的恢复慢、需要持续观察等线索更吻合。,,1.0,1,1,1,4,"{""final_choice"":""report_1"",""credible_choice"":""report_1"",""share_choice"":""report_1"",""comment_choice"":""support_report_1"",""like_choice"":""report_1"",""reason"":""报道1中关于病程拖长、复诊增加和家庭负担上升的具体描述与评论中反复提到的恢复慢、需要持续观察等线索更吻合。""}"
main,mycoplasma_pneumonia,low_feedback,main_baseline_neutral,none,positive,negative,33,1,True,,positive,positive,positive,support_positive,positive,报道1和评论中提到的规范治疗、恢复时间范围以及医院应对措施更具体连贯，让我更倾向于相信大多数病例是可控的。,,0.0,0,0,0,0,"{""final_choice"":""report_1"",""credible_choice"":""report_1"",""share_choice"":""report_1"",""comment_choice"":""support_report_1"",""like_choice"":""report_1"",""reason"":""报道1和评论中提到的规范治疗、恢复时间范围以及医院应对措施更具体连贯，让我更倾向于相信大多数病例是可控的。""}"
main,mycoplasma_pneumonia,low_feedback,main_baseline_neutral,none,negative,positive,34,1,True,,negative,negative,negative,support_negative,negative,报道1中提到的咳嗽拖得更久、复诊次数增加和家庭照护负担上升等具体风险线索，在评论1和评论4中也得到了呼应，让我更倾向于相信这一边。,,1.0,1,1,1,4,"{""final_choice"":""report_1"",""credible_choice"":""report_1"",""share_choice"":""report_1"",""comment_choice"":""support_report_1"",""like_choice"":""report_1"",""reason"":""报道1中提到的咳嗽拖得更久、复诊次数增加和家庭照护负担上升等具体风险线索，在评论1和评论4中也得到了呼应，让我更倾向于相信这一边。""}"
main,mycoplasma_pneumonia,low_feedback,main_baseline_neutral,none,positive,negative,35,1,True,,positive,positive,positive,support_positive,positive,报道1和可见评论更具体地提到了分诊、延时门诊等应对措施，以及大多数孩子按医嘱治疗后几天到一两周内恢复的明确时间框架，这些具体线索让我更倾向于相信整体情况是可控的。,,0.0,0,0,0,0,"{""final_choice"":""report_1"",""credible_choice"":""report_1"",""share_choice"":""report_1"",""comment_choice"":""support_report_1"",""like_choice"":""report_1"",""reason"":""报道1和可见评论更具体地提到了分诊、延时门诊等应对措施，以及大多数孩子按医嘱治疗后几天到一两周内恢复的明确时间框架，这些具体线索让我更倾向于相信整体情况是可控的。""}"
main,mycoplasma_pneumonia,low_feedback,main_baseline_neutral,none,negative,positive,36,1,True,,positive,positive,positive,support_positive,positive,报道2和评论中提到的逐步恢复、按医嘱治疗和医院应对措施让我更倾向于认为大多数孩子的恢复是可控的。,,0.0,0,0,0,0,"{""final_choice"":""report_2"",""credible_choice"":""report_2"",""share_choice"":""report_2"",""comment_choice"":""support_report_2"",""like_choice"":""report_2"",""reason"":""报道2和评论中提到的逐步恢复、按医嘱治疗和医院应对措施让我更倾向于认为大多数孩子的恢复是可控的。""}"
main,mycoplasma_pneumonia,low_feedback,main_baseline_neutral,none,positive,negative,37,1,True,,positive,positive,positive,support_positive,positive,报道1和评论都提到了医院通过分诊、延时门诊等具体应对措施，以及大多数孩子在规范治疗后几天到一两周内恢复，这些更具体的可控线索让我更倾向于相信整体情况是可管理的。,,0.0,0,0,0,0,"{""final_choice"":""report_1"",""credible_choice"":""report_1"",""share_choice"":""report_1"",""comment_choice"":""support_report_1"",""like_choice"":""report_1"",""reason"":""报道1和评论都提到了医院通过分诊、延时门诊等具体应对措施，以及大多数孩子在规范治疗后几天到一两周内恢复，这些更具体的可控线索让我更倾向于相信整体情况是可管理的。""}"
main,mycoplasma_pneumonia,low_feedback,main_baseline_neutral,none,negative,positive,38,1,True,,negative,negative,negative,support_negative,negative,报道1和评论中提到的恢复慢、复诊次数增加、家庭照护负担上升等具体线索更连贯，让我更倾向于认为风险确实比表面看起来更强。,,1.0,1,1,1,4,"{""final_choice"":""report_1"",""credible_choice"":""report_1"",""share_choice"":""report_1"",""comment_choice"":""support_report_1"",""like_choice"":""report_1"",""reason"":""报道1和评论中提到的恢复慢、复诊次数增加、家庭照护负担上升等具体线索更连贯，让我更倾向于认为风险确实比表面看起来更强。""}"
main,mycoplasma_pneumonia,low_feedback,main_baseline_neutral,none,positive,negative,39,1,True,,positive,positive,positive,support_positive,positive,报道1和评论中提到的规范治疗、逐步恢复以及医院应对措施更具体，让我倾向于认为大多数情况是可控的。,,0.0,0,0,0,0,"{""final_choice"":""report_1"",""credible_choice"":""report_1"",""share_choice"":""report_1"",""comment_choice"":""support_report_1"",""like_choice"":""report_1"",""reason"":""报道1和评论中提到的规范治疗、逐步恢复以及医院应对措施更具体，让我倾向于认为大多数情况是可控的。""}"
main,mycoplasma_pneumonia,low_feedback,main_baseline_neutral,none,negative,positive,40,1,True,,negative,negative,negative,support_negative,negative,报道1中关于病程拖长、复诊增加和家庭负担的具体描述，与评论4中提到的门诊忙碌和家庭关注点更一致。,,1.0,1,1,1,4,"{""final_choice"":""report_1"",""credible_choice"":""report_1"",""share_choice"":""report_1"",""comment_choice"":""support_report_1"",""like_choice"":""report_1"",""reason"":""报道1中关于病程拖长、复诊增加和家庭负担的具体描述，与评论4中提到的门诊忙碌和家庭关注点更一致。""}"
main,mycoplasma_pneumonia,low_feedback,main_baseline_neutral,none,positive,negative,41,1,True,,positive,positive,positive,support_positive,positive,报道1和评论中更具体的恢复线索，如'几天到一两周内逐步恢复'和'按医嘱治疗后咳嗽和发热大多在可预期范围内缓慢改善'，让我更倾向于相信大多数情况是可控的。,,0.0,0,0,0,0,"{""final_choice"":""report_1"",""credible_choice"":""report_1"",""share_choice"":""report_1"",""comment_choice"":""support_report_1"",""like_choice"":""report_1"",""reason"":""报道1和评论中更具体的恢复线索，如'几天到一两周内逐步恢复'和'按医嘱治疗后咳嗽和发热大多在可预期范围内缓慢改善'，让我更倾向于相信大多数情况是可控的。""}"
main,mycoplasma_pneumonia,low_feedback,main_baseline_neutral,none,negative,positive,42,1,True,,negative,negative,negative,support_negative,negative,报道1更具体地描述了门诊拥挤、夜间咳嗽反复和恢复慢的连续线索，这些具体风险体验让我更倾向于这一边。,,1.0,1,1,1,4,"{""final_choice"":""report_1"",""credible_choice"":""report_1"",""share_choice"":""report_1"",""comment_choice"":""support_report_1"",""like_choice"":""report_1"",""reason"":""报道1更具体地描述了门诊拥挤、夜间咳嗽反复和恢复慢的连续线索，这些具体风险体验让我更倾向于这一边。""}"
main,mycoplasma_pneumonia,low_feedback,main_baseline_neutral,none,positive,negative,43,1,True,,positive,positive,positive,support_positive,positive,报道1和评论中关于大多数孩子在规范治疗后几天到一两周内恢复的具体线索，以及医院通过分诊、延时门诊等实际应对措施，让我更倾向于相信整体可控性。,,0.0,0,0,0,0,"{""final_choice"":""report_1"",""credible_choice"":""report_1"",""share_choice"":""report_1"",""comment_choice"":""support_report_1"",""like_choice"":""report_1"",""reason"":""报道1和评论中关于大多数孩子在规范治疗后几天到一两周内恢复的具体线索，以及医院通过分诊、延时门诊等实际应对措施，让我更倾向于相信整体可控性。""}"
main,mycoplasma_pneumonia,low_feedback,main_baseline_neutral,none,negative,positive,44,1,True,,negative,negative,negative,support_negative,negative,报道1中关于咳嗽拖久、复诊增加和家庭负担上升的具体描述在当前可见评论中得到了更多印证，尤其是评论2和评论3都提到了恢复需要继续观察和个体差异，这与报道1的线索更为一致。,,1.0,1,1,1,4,"{""final_choice"":""report_1"",""credible_choice"":""report_1"",""share_choice"":""report_1"",""comment_choice"":""support_report_1"",""like_choice"":""report_1"",""reason"":""报道1中关于咳嗽拖久、复诊增加和家庭负担上升的具体描述在当前可见评论中得到了更多印证，尤其是评论2和评论3都提到了恢复需要继续观察和个体差异，这与报道1的线索更为一致。""}"
main,mycoplasma_pneumonia,low_feedback,main_baseline_neutral,none,positive,negative,45,1,True,,positive,positive,positive,support_positive,positive,报道1和评论中提到的医院应对措施和大多数病例的常规恢复路径让我更倾向于这一边。,,0.0,0,0,0,0,"{""final_choice"":""report_1"",""credible_choice"":""report_1"",""share_choice"":""report_1"",""comment_choice"":""support_report_1"",""like_choice"":""report_1"",""reason"":""报道1和评论中提到的医院应对措施和大多数病例的常规恢复路径让我更倾向于这一边。""}"
main,mycoplasma_pneumonia,low_feedback,main_baseline_neutral,none,negative,positive,46,1,True,,negative,negative,negative,support_negative,negative,报道1中关于病程拖长、复诊次数增加和夜间咳嗽反复的具体描述与评论1和评论4提到的恢复节奏差异形成了更具体的呼应。,,1.0,1,1,1,4,"{""final_choice"":""report_1"",""credible_choice"":""report_1"",""share_choice"":""report_1"",""comment_choice"":""support_report_1"",""like_choice"":""report_1"",""reason"":""报道1中关于病程拖长、复诊次数增加和夜间咳嗽反复的具体描述与评论1和评论4提到的恢复节奏差异形成了更具体的呼应。""}"
main,mycoplasma_pneumonia,low_feedback,main_baseline_neutral,none,positive,negative,47,1,True,,positive,positive,positive,support_positive,positive,报道1和评论中提到的医院应对措施和多数病例可常规处理的具体线索，让我更相信当前情况整体可控。,,0.0,0,0,0,0,"{""final_choice"":""report_1"",""credible_choice"":""report_1"",""share_choice"":""report_1"",""comment_choice"":""support_report_1"",""like_choice"":""report_1"",""reason"":""报道1和评论中提到的医院应对措施和多数病例可常规处理的具体线索，让我更相信当前情况整体可控。""}"
main,mycoplasma_pneumonia,low_feedback,main_baseline_neutral,none,negative,positive,48,1,True,,negative,negative,negative,support_negative,negative,报道1中更具体地描述了病程拖长、复诊次数增加和家庭照护负担上升的连续性线索，这些与评论中恢复慢、需要密切观察的提示相互印证，形成了更连贯的风险信号。,,1.0,1,1,1,4,"{""final_choice"":""report_1"",""credible_choice"":""report_1"",""share_choice"":""report_1"",""comment_choice"":""support_report_1"",""like_choice"":""report_1"",""reason"":""报道1中更具体地描述了病程拖长、复诊次数增加和家庭照护负担上升的连续性线索，这些与评论中恢复慢、需要密切观察的提示相互印证，形成了更连贯的风险信号。""}"
main,mycoplasma_pneumonia,low_feedback,main_baseline_neutral,none,positive,negative,49,1,True,,positive,positive,positive,support_positive,positive,报道1和评论中关于规范治疗后逐步恢复的描述更具体连贯，医院应对措施和多数病例的可预期改善形成了更清晰的一致性线索。,,0.0,0,0,0,0,"{""final_choice"":""report_1"",""credible_choice"":""report_1"",""share_choice"":""report_1"",""comment_choice"":""support_report_1"",""like_choice"":""report_1"",""reason"":""报道1和评论中关于规范治疗后逐步恢复的描述更具体连贯，医院应对措施和多数病例的可预期改善形成了更清晰的一致性线索。""}"
main,mycoplasma_pneumonia,low_feedback,main_baseline_neutral,none,negative,positive,50,1,True,,negative,negative,negative,support_negative,negative,报道1中更具体描述了咳嗽拖延、复诊增多和家庭负担上升等风险线索，与评论4提到的需要继续观察的情况更为吻合。,,1.0,1,1,1,4,"{""final_choice"":""report_1"",""credible_choice"":""report_1"",""share_choice"":""report_1"",""comment_choice"":""support_report_1"",""like_choice"":""report_1"",""reason"":""报道1中更具体描述了咳嗽拖延、复诊增多和家庭负担上升等风险线索，与评论4提到的需要继续观察的情况更为吻合。""}"
main,mycoplasma_pneumonia,low_feedback,main_baseline_neutral,none,positive,negative,51,1,True,,positive,positive,positive,support_positive,positive,报道1和评论中提到的大多数孩子能在几天到一两周内恢复，医院也通过分诊和加开号源缓解压力，这些具体应对措施让我更相信整体情况是可控的。,,0.0,0,0,0,0,"{""final_choice"":""report_1"",""credible_choice"":""report_1"",""share_choice"":""report_1"",""comment_choice"":""support_report_1"",""like_choice"":""report_1"",""reason"":""报道1和评论中提到的大多数孩子能在几天到一两周内恢复，医院也通过分诊和加开号源缓解压力，这些具体应对措施让我更相信整体情况是可控的。""}"
main,mycoplasma_pneumonia,low_feedback,main_baseline_neutral,none,negative,positive,52,1,True,,negative,negative,negative,support_negative,negative,报道1中关于病程拖长、复诊次数增加和家庭照护负担上升的更具体、更连续的风险线索，与评论4中家长需要继续观察恢复情况的提醒相互印证，让我更关注这些实际压力。,,1.0,1,1,1,4,"{""final_choice"":""report_1"",""credible_choice"":""report_1"",""share_choice"":""report_1"",""comment_choice"":""support_report_1"",""like_choice"":""report_1"",""reason"":""报道1中关于病程拖长、复诊次数增加和家庭照护负担上升的更具体、更连续的风险线索，与评论4中家长需要继续观察恢复情况的提醒相互印证，让我更关注这些实际压力。""}"
main,mycoplasma_pneumonia,low_feedback,main_baseline_neutral,none,positive,negative,53,1,True,,positive,positive,positive,support_positive,positive,报道1和可见评论中更具体地描述了恢复过程和医疗应对措施，这些具体线索让我更倾向于相信大多数病例是可以按预期恢复的。,,0.0,0,0,0,0,"{""final_choice"":""report_1"",""credible_choice"":""report_1"",""share_choice"":""report_1"",""comment_choice"":""support_report_1"",""like_choice"":""report_1"",""reason"":""报道1和可见评论中更具体地描述了恢复过程和医疗应对措施，这些具体线索让我更倾向于相信大多数病例是可以按预期恢复的。""}"
main,mycoplasma_pneumonia,low_feedback,main_baseline_neutral,none,negative,positive,54,1,True,,negative,negative,negative,support_negative,negative,报道1中关于病程拖长、复诊增加和家庭负担的具体描述与评论1、4中提到的恢复观察需求、门诊拥挤等线索相互印证，形成了更具体的风险提醒链条。,,1.0,1,1,1,4,"{""final_choice"":""report_1"",""credible_choice"":""report_1"",""share_choice"":""report_1"",""comment_choice"":""support_report_1"",""like_choice"":""report_1"",""reason"":""报道1中关于病程拖长、复诊增加和家庭负担的具体描述与评论1、4中提到的恢复观察需求、门诊拥挤等线索相互印证，形成了更具体的风险提醒链条。""}"
main,mycoplasma_pneumonia,low_feedback,main_baseline_neutral,none,positive,negative,55,1,True,,positive,positive,positive,support_positive,positive,报道1和评论中提到的规范治疗后的恢复路径，以及医院应对措施，比报道2中的风险线索更具具体性和连续性。,,0.0,0,0,0,0,"{""final_choice"":""report_1"",""credible_choice"":""report_1"",""share_choice"":""report_1"",""comment_choice"":""support_report_1"",""like_choice"":""report_1"",""reason"":""报道1和评论中提到的规范治疗后的恢复路径，以及医院应对措施，比报道2中的风险线索更具具体性和连续性。""}"
main,mycoplasma_pneumonia,low_feedback,main_baseline_neutral,none,negative,positive,56,1,True,,positive,positive,positive,support_positive,positive,报道2和评论中提到的'按医嘱治疗后逐步恢复'和'多数病例可按常规处理'让我更倾向于相信这一边。,,0.0,0,0,0,0,"{""final_choice"":""report_2"",""credible_choice"":""report_2"",""share_choice"":""report_2"",""comment_choice"":""support_report_2"",""like_choice"":""report_2"",""reason"":""报道2和评论中提到的'按医嘱治疗后逐步恢复'和'多数病例可按常规处理'让我更倾向于相信这一边。""}"
main,mycoplasma_pneumonia,low_feedback,main_baseline_neutral,none,positive,negative,57,1,True,,positive,positive,positive,support_positive,positive,报道1和评论中提到的医院应对措施和多数病例按常规治疗恢复的具体线索，让我更倾向于相信这一边。,,0.0,0,0,0,0,"{""final_choice"":""report_1"",""credible_choice"":""report_1"",""share_choice"":""report_1"",""comment_choice"":""support_report_1"",""like_choice"":""report_1"",""reason"":""报道1和评论中提到的医院应对措施和多数病例按常规治疗恢复的具体线索，让我更倾向于相信这一边。""}"
main,mycoplasma_pneumonia,low_feedback,main_baseline_neutral,none,negative,positive,58,1,True,,negative,negative,negative,support_negative,negative,报道1更具体地描述了病程拖长、复诊增多和家庭负担上升等连续风险线索，而评论中虽有恢复差异提醒但未完全抵消这些具体观察。,,1.0,1,1,1,4,"{""final_choice"":""report_1"",""credible_choice"":""report_1"",""share_choice"":""report_1"",""comment_choice"":""support_report_1"",""like_choice"":""report_1"",""reason"":""报道1更具体地描述了病程拖长、复诊增多和家庭负担上升等连续风险线索，而评论中虽有恢复差异提醒但未完全抵消这些具体观察。""}"
main,mycoplasma_pneumonia,low_feedback,main_baseline_neutral,none,positive,negative,59,1,True,,positive,positive,positive,support_positive,positive,报道1和评论中更具体地描述了医院采取的分诊、延时门诊等应对措施，以及大多数孩子在规范治疗后几天到一两周内恢复的情况，这些具体线索让我更倾向于相信这一边。,,0.0,0,0,0,0,"{""final_choice"":""report_1"",""credible_choice"":""report_1"",""share_choice"":""report_1"",""comment_choice"":""support_report_1"",""like_choice"":""report_1"",""reason"":""报道1和评论中更具体地描述了医院采取的分诊、延时门诊等应对措施，以及大多数孩子在规范治疗后几天到一两周内恢复的情况，这些具体线索让我更倾向于相信这一边。""}"
main,mycoplasma_pneumonia,low_feedback,main_baseline_neutral,none,negative,positive,60,1,True,,positive,positive,positive,support_positive,positive,报道2中提到的规范治疗后恢复时间和医院应对措施，加上评论里多次确认的逐步恢复情况，让我更倾向于相信整体情况是可控的。,,0.0,0,0,0,0,"{""final_choice"":""report_2"",""credible_choice"":""report_2"",""share_choice"":""report_2"",""comment_choice"":""support_report_2"",""like_choice"":""report_2"",""reason"":""报道2中提到的规范治疗后恢复时间和医院应对措施，加上评论里多次确认的逐步恢复情况，让我更倾向于相信整体情况是可控的。""}"
main,mycoplasma_pneumonia,low_feedback,main_baseline_neutral,none,positive,negative,61,1,True,,positive,positive,positive,support_positive,positive,报道1和评论中关于规范治疗后多数孩子几天到一两周内恢复的具体描述，以及医院采取的分诊、延时门诊等应对措施，让我更倾向于相信大多数病例在可控范围内。,,0.0,0,0,0,0,"{""final_choice"":""report_1"",""credible_choice"":""report_1"",""share_choice"":""report_1"",""comment_choice"":""support_report_1"",""like_choice"":""report_1"",""reason"":""报道1和评论中关于规范治疗后多数孩子几天到一两周内恢复的具体描述，以及医院采取的分诊、延时门诊等应对措施，让我更倾向于相信大多数病例在可控范围内。""}"
main,mycoplasma_pneumonia,low_feedback,main_baseline_neutral,none,negative,positive,62,1,True,,negative,negative,negative,support_negative,negative,报道1和评论中提到的恢复慢、复诊次数增加、夜间咳嗽反复等具体线索更符合我此刻对现实压力的判断。,,1.0,1,1,1,4,"{""final_choice"":""report_1"",""credible_choice"":""report_1"",""share_choice"":""report_1"",""comment_choice"":""support_report_1"",""like_choice"":""report_1"",""reason"":""报道1和评论中提到的恢复慢、复诊次数增加、夜间咳嗽反复等具体线索更符合我此刻对现实压力的判断。""}"
main,mycoplasma_pneumonia,low_feedback,main_baseline_neutral,none,positive,negative,63,1,True,,positive,positive,positive,support_positive,positive,报道1和评论中提到的规范治疗、恢复路径以及医院应对措施更具体，让我感觉更接近当前实际情况。,,0.0,0,0,0,0,"{""final_choice"":""report_1"",""credible_choice"":""report_1"",""share_choice"":""report_1"",""comment_choice"":""support_report_1"",""like_choice"":""report_1"",""reason"":""报道1和评论中提到的规范治疗、恢复路径以及医院应对措施更具体，让我感觉更接近当前实际情况。""}"
main,mycoplasma_pneumonia,low_feedback,main_baseline_neutral,none,negative,positive,64,1,True,,negative,negative,negative,support_negative,negative,报道1中关于咳嗽拖得更久、复诊次数增加和家庭负担上升的描述更具体、更连贯，与评论中提到的恢复需要继续观察和不同孩子恢复节奏差异的线索相互印证。,,1.0,1,1,1,4,"{""final_choice"":""report_1"",""credible_choice"":""report_1"",""share_choice"":""report_1"",""comment_choice"":""support_report_1"",""like_choice"":""report_1"",""reason"":""报道1中关于咳嗽拖得更久、复诊次数增加和家庭负担上升的描述更具体、更连贯，与评论中提到的恢复需要继续观察和不同孩子恢复节奏差异的线索相互印证。""}"
main,mycoplasma_pneumonia,low_feedback,main_baseline_neutral,none,positive,negative,65,1,True,,positive,positive,positive,support_positive,positive,报道1中提到的规范治疗后的恢复过程和医院的应对措施，与评论中多数人的经历相互印证，让我更倾向于相信大多数病例是可控的。,,0.0,0,0,0,0,"{""final_choice"":""report_1"",""credible_choice"":""report_1"",""share_choice"":""report_1"",""comment_choice"":""support_report_1"",""like_choice"":""report_1"",""reason"":""报道1中提到的规范治疗后的恢复过程和医院的应对措施，与评论中多数人的经历相互印证，让我更倾向于相信大多数病例是可控的。""}"
main,mycoplasma_pneumonia,low_feedback,main_baseline_neutral,none,negative,positive,66,1,True,,negative,negative,negative,support_negative,negative,报道1中提到的恢复慢、复诊次数增加和家庭照护负担上升的具体线索，与评论中家长对恢复节奏差异的描述相互印证，让我更倾向于相信这一边。,,1.0,1,1,1,4,"{""final_choice"":""report_1"",""credible_choice"":""report_1"",""share_choice"":""report_1"",""comment_choice"":""support_report_1"",""like_choice"":""report_1"",""reason"":""报道1中提到的恢复慢、复诊次数增加和家庭照护负担上升的具体线索，与评论中家长对恢复节奏差异的描述相互印证，让我更倾向于相信这一边。""}"
main,mycoplasma_pneumonia,low_feedback,main_baseline_neutral,none,positive,negative,67,1,True,,positive,positive,positive,support_positive,positive,报道1和评论中更具体地提到了医院的应对措施和大多数孩子的恢复情况，这些线索更连贯地支持整体可控的观点。,,0.0,0,0,0,0,"{""final_choice"":""report_1"",""credible_choice"":""report_1"",""share_choice"":""report_1"",""comment_choice"":""support_report_1"",""like_choice"":""report_1"",""reason"":""报道1和评论中更具体地提到了医院的应对措施和大多数孩子的恢复情况，这些线索更连贯地支持整体可控的观点。""}"
main,mycoplasma_pneumonia,low_feedback,main_baseline_neutral,none,negative,positive,68,1,True,,positive,positive,positive,support_positive,positive,报道2与当前可见评论中关于多数孩子恢复和医院应对措施的线索更具体、一致，而报道1的风险描述缺乏足够具体支撑。,,0.0,0,0,0,0,"{""final_choice"":""report_2"",""credible_choice"":""report_2"",""share_choice"":""report_2"",""comment_choice"":""support_report_2"",""like_choice"":""report_2"",""reason"":""报道2与当前可见评论中关于多数孩子恢复和医院应对措施的线索更具体、一致，而报道1的风险描述缺乏足够具体支撑。""}"
main,mycoplasma_pneumonia,low_feedback,main_baseline_neutral,none,positive,negative,69,1,True,,negative,negative,negative,support_negative,negative,报道2和可见评论更具体地描述了病程拖长、复诊增加和家庭负担等风险线索，这些更具体、更连续的提醒让我更倾向于相信这一边。,,1.0,1,1,1,4,"{""final_choice"":""report_2"",""credible_choice"":""report_2"",""share_choice"":""report_2"",""comment_choice"":""support_report_2"",""like_choice"":""report_2"",""reason"":""报道2和可见评论更具体地描述了病程拖长、复诊增加和家庭负担等风险线索，这些更具体、更连续的提醒让我更倾向于相信这一边。""}"
main,mycoplasma_pneumonia,low_feedback,main_baseline_neutral,none,negative,positive,70,1,True,,negative,negative,negative,support_negative,negative,报道1中更具体的恢复慢、复诊次数增加和家庭负担上升的线索，与评论里反复提到的'需要继续观察'和'个别恢复慢的情况'相互印证。,,1.0,1,1,1,4,"{""final_choice"":""report_1"",""credible_choice"":""report_1"",""share_choice"":""report_1"",""comment_choice"":""support_report_1"",""like_choice"":""report_1"",""reason"":""报道1中更具体的恢复慢、复诊次数增加和家庭负担上升的线索，与评论里反复提到的'需要继续观察'和'个别恢复慢的情况'相互印证。""}"
main,mycoplasma_pneumonia,low_feedback,main_baseline_neutral,none,positive,negative,71,1,True,,positive,positive,positive,support_positive,positive,报道1和评论中提到的规范治疗后几天到一两周内恢复，以及医院通过分诊、延时门诊等应对措施，比报道2中更笼统的'恢复拖长'和'家庭负担上升'更有具体性和可操作性。,,0.0,0,0,0,0,"{""final_choice"":""report_1"",""credible_choice"":""report_1"",""share_choice"":""report_1"",""comment_choice"":""support_report_1"",""like_choice"":""report_1"",""reason"":""报道1和评论中提到的规范治疗后几天到一两周内恢复，以及医院通过分诊、延时门诊等应对措施，比报道2中更笼统的'恢复拖长'和'家庭负担上升'更有具体性和可操作性。""}"
main,mycoplasma_pneumonia,low_feedback,main_baseline_neutral,none,negative,positive,72,1,True,,negative,negative,negative,support_negative,negative,报道1里提到的门诊拥挤、挂号困难、夜间咳嗽反复以及恢复慢于预期等具体风险线索，与评论中提到的'不同孩子咳嗽缓解和体力恢复节奏差异不小'相互印证，让我更关注现实就医压力和恢复过程的不确定性。,,1.0,1,1,1,4,"{""final_choice"":""report_1"",""credible_choice"":""report_1"",""share_choice"":""report_1"",""comment_choice"":""support_report_1"",""like_choice"":""report_1"",""reason"":""报道1里提到的门诊拥挤、挂号困难、夜间咳嗽反复以及恢复慢于预期等具体风险线索，与评论中提到的'不同孩子咳嗽缓解和体力恢复节奏差异不小'相互印证，让我更关注现实就医压力和恢复过程的不确定性。""}"
main,mycoplasma_pneumonia,low_feedback,main_baseline_neutral,none,positive,negative,73,1,True,,positive,positive,positive,support_positive,positive,报道1中提到的规范治疗和可预期恢复过程，以及评论中多数人提到的逐步恢复和医院应对措施，让我更倾向于相信大多数病例是可控的。,,0.0,0,0,0,0,"{""final_choice"":""report_1"",""credible_choice"":""report_1"",""share_choice"":""report_1"",""comment_choice"":""support_report_1"",""like_choice"":""report_1"",""reason"":""报道1中提到的规范治疗和可预期恢复过程，以及评论中多数人提到的逐步恢复和医院应对措施，让我更倾向于相信大多数病例是可控的。""}"
main,mycoplasma_pneumonia,low_feedback,main_baseline_neutral,none,negative,positive,74,1,True,,negative,negative,negative,support_negative,negative,报道1中关于咳嗽拖久、复诊增加和家庭负担的具体描述更具体连贯，与评论4提到的需要继续观察和复查更契合。,,1.0,1,1,1,4,"{""final_choice"":""report_1"",""credible_choice"":""report_1"",""share_choice"":""report_1"",""comment_choice"":""support_report_1"",""like_choice"":""report_1"",""reason"":""报道1中关于咳嗽拖久、复诊增加和家庭负担的具体描述更具体连贯，与评论4提到的需要继续观察和复查更契合。""}"
main,mycoplasma_pneumonia,low_feedback,main_baseline_neutral,none,positive,negative,75,1,True,,positive,positive,positive,support_positive,positive,报道1和评论中更具体地提到了医院应对措施和恢复路径，这些正式来源的线索让我更倾向于相信大多数病例可按常规处理。,,0.0,0,0,0,0,"{""final_choice"":""report_1"",""credible_choice"":""report_1"",""share_choice"":""report_1"",""comment_choice"":""support_report_1"",""like_choice"":""report_1"",""reason"":""报道1和评论中更具体地提到了医院应对措施和恢复路径，这些正式来源的线索让我更倾向于相信大多数病例可按常规处理。""}"
main,mycoplasma_pneumonia,low_feedback,main_baseline_neutral,none,negative,positive,76,1,True,,positive,positive,positive,support_positive,positive,报道2和可见评论中提到的恢复路径和医院应对措施更具体，让我更相信大多数病例是可控的。,,0.0,0,0,0,0,"{""final_choice"":""report_2"",""credible_choice"":""report_2"",""share_choice"":""report_2"",""comment_choice"":""support_report_2"",""like_choice"":""report_2"",""reason"":""报道2和可见评论中提到的恢复路径和医院应对措施更具体，让我更相信大多数病例是可控的。""}"
main,mycoplasma_pneumonia,low_feedback,main_baseline_neutral,none,positive,negative,77,1,True,,positive,positive,positive,support_positive,positive,报道1和评论中提到的医院应对措施如分诊、延时门诊和加开号源，以及大多数孩子按医嘱治疗后几天到一两周内恢复的具体时间线，比报道2中更模糊的'持续影响'和'恢复慢于预期'更有说服力。,,0.0,0,0,0,0,"{""final_choice"":""report_1"",""credible_choice"":""report_1"",""share_choice"":""report_1"",""comment_choice"":""support_report_1"",""like_choice"":""report_1"",""reason"":""报道1和评论中提到的医院应对措施如分诊、延时门诊和加开号源，以及大多数孩子按医嘱治疗后几天到一两周内恢复的具体时间线，比报道2中更模糊的'持续影响'和'恢复慢于预期'更有说服力。""}"
main,mycoplasma_pneumonia,low_feedback,main_baseline_neutral,none,negative,positive,78,1,True,,negative,negative,negative,support_negative,negative,报道1和评论中反复提到的恢复慢、复诊增加和夜间咳嗽反复等具体风险线索，在材料中呈现得更连贯、更具体，这些细节让我更倾向于相信这一边的描述。,,1.0,1,1,1,4,"{""final_choice"":""report_1"",""credible_choice"":""report_1"",""share_choice"":""report_1"",""comment_choice"":""support_report_1"",""like_choice"":""report_1"",""reason"":""报道1和评论中反复提到的恢复慢、复诊增加和夜间咳嗽反复等具体风险线索，在材料中呈现得更连贯、更具体，这些细节让我更倾向于相信这一边的描述。""}"
main,mycoplasma_pneumonia,low_feedback,main_baseline_neutral,none,positive,negative,79,1,True,,positive,positive,positive,support_positive,positive,报道1和评论中提到的规范治疗、分诊措施以及多数病例的恢复轨迹更具体，让我觉得当前情况虽有压力但基本可控。,,0.0,0,0,0,0,"{""final_choice"":""report_1"",""credible_choice"":""report_1"",""share_choice"":""report_1"",""comment_choice"":""support_report_1"",""like_choice"":""report_1"",""reason"":""报道1和评论中提到的规范治疗、分诊措施以及多数病例的恢复轨迹更具体，让我觉得当前情况虽有压力但基本可控。""}"
main,mycoplasma_pneumonia,low_feedback,main_baseline_neutral,none,negative,positive,80,1,True,,negative,negative,negative,support_negative,negative,报道1中提到的病程拖长、复诊次数增加和家庭照护负担上升的具体描述，与评论中提到的'恢复过程需要继续观察'和'个别恢复慢的情况需要关注'相互印证，让我更倾向于这一边。,,1.0,1,1,1,4,"{""final_choice"":""report_1"",""credible_choice"":""report_1"",""share_choice"":""report_1"",""comment_choice"":""support_report_1"",""like_choice"":""report_1"",""reason"":""报道1中提到的病程拖长、复诊次数增加和家庭照护负担上升的具体描述，与评论中提到的'恢复过程需要继续观察'和'个别恢复慢的情况需要关注'相互印证，让我更倾向于这一边。""}"
main,mycoplasma_pneumonia,low_feedback,main_baseline_neutral,none,positive,negative,81,1,True,,positive,positive,positive,support_positive,positive,报道1和评论中提到的多数孩子恢复较快，且医院已采取分诊、延时门诊等具体应对措施，让我更倾向于相信大多数病例可控。,,0.0,0,0,0,0,"{""final_choice"":""report_1"",""credible_choice"":""report_1"",""share_choice"":""report_1"",""comment_choice"":""support_report_1"",""like_choice"":""report_1"",""reason"":""报道1和评论中提到的多数孩子恢复较快，且医院已采取分诊、延时门诊等具体应对措施，让我更倾向于相信大多数病例可控。""}"
main,mycoplasma_pneumonia,low_feedback,main_baseline_neutral,none,negative,positive,82,1,True,,negative,negative,negative,support_negative,negative,报道1中反复出现的咳嗽拖延、复诊增加和家庭照护负担的具体线索，与评论3和4中提到的恢复节奏差异形成呼应，这些更具体的风险线索让我更倾向于这一边。,,1.0,1,1,1,4,"{""final_choice"":""report_1"",""credible_choice"":""report_1"",""share_choice"":""report_1"",""comment_choice"":""support_report_1"",""like_choice"":""report_1"",""reason"":""报道1中反复出现的咳嗽拖延、复诊增加和家庭照护负担的具体线索，与评论3和4中提到的恢复节奏差异形成呼应，这些更具体的风险线索让我更倾向于这一边。""}"
main,mycoplasma_pneumonia,low_feedback,main_baseline_neutral,none,positive,negative,83,1,True,,positive,positive,positive,support_positive,positive,报道1和评论中提到的分诊、延时门诊等具体应对措施，以及大多数孩子按医嘱治疗后逐步恢复的明确线索，让我更倾向于相信这一边。,,0.0,0,0,0,0,"{""final_choice"":""report_1"",""credible_choice"":""report_1"",""share_choice"":""report_1"",""comment_choice"":""support_report_1"",""like_choice"":""report_1"",""reason"":""报道1和评论中提到的分诊、延时门诊等具体应对措施，以及大多数孩子按医嘱治疗后逐步恢复的明确线索，让我更倾向于相信这一边。""}"
main,mycoplasma_pneumonia,low_feedback,main_baseline_neutral,none,negative,positive,84,1,True,,negative,negative,negative,support_negative,negative,报道1中反复出现的咳嗽拖延、复诊增加和家庭负担上升等具体风险线索，比报道2中的常规恢复描述更让我感到担忧。,,1.0,1,1,1,4,"{""final_choice"":""report_1"",""credible_choice"":""report_1"",""share_choice"":""report_1"",""comment_choice"":""support_report_1"",""like_choice"":""report_1"",""reason"":""报道1中反复出现的咳嗽拖延、复诊增加和家庭负担上升等具体风险线索，比报道2中的常规恢复描述更让我感到担忧。""}"
main,mycoplasma_pneumonia,low_feedback,main_baseline_neutral,none,positive,negative,85,1,True,,positive,positive,positive,support_positive,positive,报道1中的医院应对措施和大多数孩子的可预期恢复路径，加上评论中医生对常规处理的肯定，让我更倾向于这一边。,,0.0,0,0,0,0,"{""final_choice"":""report_1"",""credible_choice"":""report_1"",""share_choice"":""report_1"",""comment_choice"":""support_report_1"",""like_choice"":""report_1"",""reason"":""报道1中的医院应对措施和大多数孩子的可预期恢复路径，加上评论中医生对常规处理的肯定，让我更倾向于这一边。""}"
main,mycoplasma_pneumonia,low_feedback,main_baseline_neutral,none,negative,positive,86,1,True,,negative,negative,negative,support_negative,negative,报道1和评论中提到的咳嗽拖长、复诊次数增加和夜间反复咳嗽等具体线索更符合当前讨论中家长反映的实际压力。,,1.0,1,1,1,4,"{""final_choice"":""report_1"",""credible_choice"":""report_1"",""share_choice"":""report_1"",""comment_choice"":""support_report_1"",""like_choice"":""report_1"",""reason"":""报道1和评论中提到的咳嗽拖长、复诊次数增加和夜间反复咳嗽等具体线索更符合当前讨论中家长反映的实际压力。""}"
main,mycoplasma_pneumonia,low_feedback,main_baseline_neutral,none,positive,negative,87,1,True,,positive,positive,positive,support_positive,positive,报道1和评论中提到的医院应对措施和大多数病例的常规恢复路径更具体连贯，让我更倾向于相信整体可控。,,0.0,0,0,0,0,"{""final_choice"":""report_1"",""credible_choice"":""report_1"",""share_choice"":""report_1"",""comment_choice"":""support_report_1"",""like_choice"":""report_1"",""reason"":""报道1和评论中提到的医院应对措施和大多数病例的常规恢复路径更具体连贯，让我更倾向于相信整体可控。""}"
main,mycoplasma_pneumonia,low_feedback,main_baseline_neutral,none,negative,positive,88,1,True,,negative,negative,negative,support_negative,negative,报道1中关于病程拖长、复诊次数增加和夜间咳嗽反复的具体线索更为连贯，与评论中提到的恢复观察需求相互印证。,,1.0,1,1,1,4,"{""final_choice"":""report_1"",""credible_choice"":""report_1"",""share_choice"":""report_1"",""comment_choice"":""support_report_1"",""like_choice"":""report_1"",""reason"":""报道1中关于病程拖长、复诊次数增加和夜间咳嗽反复的具体线索更为连贯，与评论中提到的恢复观察需求相互印证。""}"
main,mycoplasma_pneumonia,low_feedback,main_baseline_neutral,none,positive,negative,89,1,True,,positive,positive,positive,support_positive,positive,报道1和评论中关于大多数孩子逐步恢复、医院应对措施更具体，而恢复差异的提醒也显得客观。,,0.0,0,0,0,0,"{""final_choice"":""report_1"",""credible_choice"":""report_1"",""share_choice"":""report_1"",""comment_choice"":""support_report_1"",""like_choice"":""report_1"",""reason"":""报道1和评论中关于大多数孩子逐步恢复、医院应对措施更具体，而恢复差异的提醒也显得客观。""}"
main,mycoplasma_pneumonia,low_feedback,main_baseline_neutral,none,negative,positive,90,1,True,,negative,negative,negative,support_negative,negative,报道1中描述的病程拖长、复诊增加和家庭负担上升的线索更具体且连续，评论4提到需要继续观察复查，也印证了恢复可能比预期更复杂。,,1.0,1,1,1,4,"{""final_choice"":""report_1"",""credible_choice"":""report_1"",""share_choice"":""report_1"",""comment_choice"":""support_report_1"",""like_choice"":""report_1"",""reason"":""报道1中描述的病程拖长、复诊增加和家庭负担上升的线索更具体且连续，评论4提到需要继续观察复查，也印证了恢复可能比预期更复杂。""}"
main,mycoplasma_pneumonia,low_feedback,main_baseline_neutral,none,positive,negative,91,1,True,,positive,positive,positive,support_positive,positive,报道1中关于大多数孩子在规范治疗后几天到一两周内恢复的具体描述，以及医院采取的应对措施，与评论中提到的分诊、延时门诊等应对措施相互印证，让我更倾向于相信整体情况是可控的。,,0.0,0,0,0,0,"{""final_choice"":""report_1"",""credible_choice"":""report_1"",""share_choice"":""report_1"",""comment_choice"":""support_report_1"",""like_choice"":""report_1"",""reason"":""报道1中关于大多数孩子在规范治疗后几天到一两周内恢复的具体描述，以及医院采取的应对措施，与评论中提到的分诊、延时门诊等应对措施相互印证，让我更倾向于相信整体情况是可控的。""}"
main,mycoplasma_pneumonia,low_feedback,main_baseline_neutral,none,negative,positive,92,1,True,,negative,negative,negative,support_negative,negative,报道1中反复出现的恢复慢、复诊次数增加和家庭照护负担上升等具体线索，与评论2提到的需要继续观察和复查的担忧相呼应，这些多点风险线索比报道2中相对乐观的恢复描述更能解释当前情况。,,1.0,1,1,1,4,"{""final_choice"":""report_1"",""credible_choice"":""report_1"",""share_choice"":""report_1"",""comment_choice"":""support_report_1"",""like_choice"":""report_1"",""reason"":""报道1中反复出现的恢复慢、复诊次数增加和家庭照护负担上升等具体线索，与评论2提到的需要继续观察和复查的担忧相呼应，这些多点风险线索比报道2中相对乐观的恢复描述更能解释当前情况。""}"
main,mycoplasma_pneumonia,low_feedback,main_baseline_neutral,none,positive,negative,93,1,True,,positive,positive,positive,support_positive,positive,报道1提供了更具体的恢复时间框架和医院应对措施，评论也印证了多数病例按常规处理的情况。,,0.0,0,0,0,0,"{""final_choice"":""report_1"",""credible_choice"":""report_1"",""share_choice"":""report_1"",""comment_choice"":""support_report_1"",""like_choice"":""report_1"",""reason"":""报道1提供了更具体的恢复时间框架和医院应对措施，评论也印证了多数病例按常规处理的情况。""}"
main,mycoplasma_pneumonia,low_feedback,main_baseline_neutral,none,negative,positive,94,1,True,,negative,negative,negative,support_negative,negative,报道1中关于咳嗽拖久、复诊次数增加和家庭照护负担上升的具体描述，与评论4提到的门诊忙碌和家庭更关注恢复情况相互印证，形成了更连贯的风险线索。,,1.0,1,1,1,4,"{""final_choice"":""report_1"",""credible_choice"":""report_1"",""share_choice"":""report_1"",""comment_choice"":""support_report_1"",""like_choice"":""report_1"",""reason"":""报道1中关于咳嗽拖久、复诊次数增加和家庭照护负担上升的具体描述，与评论4提到的门诊忙碌和家庭更关注恢复情况相互印证，形成了更连贯的风险线索。""}"
main,mycoplasma_pneumonia,low_feedback,main_baseline_neutral,none,positive,negative,95,1,True,,positive,positive,positive,support_positive,positive,报道1和评论中提到医院已采取分诊、延时门诊等应对措施，且大多数孩子在规范治疗后几天到一两周内恢复，这些具体应对和恢复线索让我更倾向于相信整体情况相对可控。,,0.0,0,0,0,0,"{""final_choice"":""report_1"",""credible_choice"":""report_1"",""share_choice"":""report_1"",""comment_choice"":""support_report_1"",""like_choice"":""report_1"",""reason"":""报道1和评论中提到医院已采取分诊、延时门诊等应对措施，且大多数孩子在规范治疗后几天到一两周内恢复，这些具体应对和恢复线索让我更倾向于相信整体情况相对可控。""}"
main,mycoplasma_pneumonia,low_feedback,main_baseline_neutral,none,negative,positive,96,1,True,,negative,negative,negative,support_negative,negative,报道1中提到的病程拖长、复诊次数增加和家庭照护负担上升的具体现象，在评论里也有呼应，这些更具体的风险线索让我更倾向于相信这一边。,,1.0,1,1,1,4,"{""final_choice"":""report_1"",""credible_choice"":""report_1"",""share_choice"":""report_1"",""comment_choice"":""support_report_1"",""like_choice"":""report_1"",""reason"":""报道1中提到的病程拖长、复诊次数增加和家庭照护负担上升的具体现象，在评论里也有呼应，这些更具体的风险线索让我更倾向于相信这一边。""}"
main,mycoplasma_pneumonia,low_feedback,main_baseline_neutral,none,positive,negative,97,1,True,,positive,positive,positive,support_positive,positive,报道1和评论中提到的分诊、延时门诊等应对措施，以及多数孩子在规范治疗后几天到一两周内恢复的具体线索，让我更倾向于相信当前情况在可控范围内。,,0.0,0,0,0,0,"{""final_choice"":""report_1"",""credible_choice"":""report_1"",""share_choice"":""report_1"",""comment_choice"":""support_report_1"",""like_choice"":""report_1"",""reason"":""报道1和评论中提到的分诊、延时门诊等应对措施，以及多数孩子在规范治疗后几天到一两周内恢复的具体线索，让我更倾向于相信当前情况在可控范围内。""}"
main,mycoplasma_pneumonia,low_feedback,main_baseline_neutral,none,negative,positive,98,1,True,,negative,negative,negative,support_negative,negative,报道1中提到的恢复慢、复诊次数增加和夜间咳嗽反复等具体风险线索更连贯，与评论中提到的需要继续观察、精神状态变化等担忧相互印证。,,1.0,1,1,1,4,"{""final_choice"":""report_1"",""credible_choice"":""report_1"",""share_choice"":""report_1"",""comment_choice"":""support_report_1"",""like_choice"":""report_1"",""reason"":""报道1中提到的恢复慢、复诊次数增加和夜间咳嗽反复等具体风险线索更连贯，与评论中提到的需要继续观察、精神状态变化等担忧相互印证。""}"
main,mycoplasma_pneumonia,low_feedback,main_baseline_neutral,none,positive,negative,99,1,True,,positive,positive,positive,support_positive,positive,报道1和评论中提到的分诊、延时门诊等具体应对措施，以及大多数孩子在几天到一两周内逐步恢复的明确时间线，让我更倾向于相信整体情况是可控的。,,0.0,0,0,0,0,"{""final_choice"":""report_1"",""credible_choice"":""report_1"",""share_choice"":""report_1"",""comment_choice"":""support_report_1"",""like_choice"":""report_1"",""reason"":""报道1和评论中提到的分诊、延时门诊等具体应对措施，以及大多数孩子在几天到一两周内逐步恢复的明确时间线，让我更倾向于相信整体情况是可控的。""}"
main,mycoplasma_pneumonia,low_feedback,main_baseline_neutral,none,negative,positive,100,1,True,,positive,positive,positive,support_positive,positive,报道2和可见评论中更具体的恢复路径和医院应对措施让我更倾向于相信大多数病例可按常规处理。,,0.0,0,0,0,0,"{""final_choice"":""report_2"",""credible_choice"":""report_2"",""share_choice"":""report_2"",""comment_choice"":""support_report_2"",""like_choice"":""report_2"",""reason"":""报道2和可见评论中更具体的恢复路径和医院应对措施让我更倾向于相信大多数病例可按常规处理。""}"
main,mycoplasma_pneumonia,low_feedback,main_baseline_neutral,none,positive,negative,101,1,True,,positive,positive,positive,support_positive,positive,报道1和评论都提到多数孩子在规范治疗后几天到一两周内恢复，医院已采取措施缓解压力，这些具体线索更让我相信情况总体可控。,,0.0,0,0,0,0,"{""final_choice"":""report_1"",""credible_choice"":""report_1"",""share_choice"":""report_1"",""comment_choice"":""support_report_1"",""like_choice"":""report_1"",""reason"":""报道1和评论都提到多数孩子在规范治疗后几天到一两周内恢复，医院已采取措施缓解压力，这些具体线索更让我相信情况总体可控。""}"
main,mycoplasma_pneumonia,low_feedback,main_baseline_neutral,none,negative,positive,102,1,True,,negative,negative,negative,support_negative,negative,报道1中关于病程拖长、复诊增加和夜间咳嗽反复的具体描述，与评论中提到的'恢复过程需要继续观察'和'咳嗽缓解节奏差异'形成更连贯的线索。,,1.0,1,1,1,4,"{""final_choice"":""report_1"",""credible_choice"":""report_1"",""share_choice"":""report_1"",""comment_choice"":""support_report_1"",""like_choice"":""report_1"",""reason"":""报道1中关于病程拖长、复诊增加和夜间咳嗽反复的具体描述，与评论中提到的'恢复过程需要继续观察'和'咳嗽缓解节奏差异'形成更连贯的线索。""}"
main,mycoplasma_pneumonia,low_feedback,main_baseline_neutral,none,positive,negative,103,1,True,,positive,positive,positive,support_positive,positive,报道1和评论中更具体地描述了规范治疗后大多数孩子在一两周内恢复，医院通过分诊和延时门诊应对压力，这些具体应对措施和恢复线索更充分。,,0.0,0,0,0,0,"{""final_choice"":""report_1"",""credible_choice"":""report_1"",""share_choice"":""report_1"",""comment_choice"":""support_report_1"",""like_choice"":""report_1"",""reason"":""报道1和评论中更具体地描述了规范治疗后大多数孩子在一两周内恢复，医院通过分诊和延时门诊应对压力，这些具体应对措施和恢复线索更充分。""}"
main,mycoplasma_pneumonia,low_feedback,main_baseline_neutral,none,negative,positive,104,1,True,,negative,negative,negative,support_negative,negative,报道1中关于咳嗽拖得更久、复诊次数增加和家庭照护负担上升的具体描述，与评论4提到的门诊忙碌、家庭关注恢复情况相互印证。,,1.0,1,1,1,4,"{""final_choice"":""report_1"",""credible_choice"":""report_1"",""share_choice"":""report_1"",""comment_choice"":""support_report_1"",""like_choice"":""report_1"",""reason"":""报道1中关于咳嗽拖得更久、复诊次数增加和家庭照护负担上升的具体描述，与评论4提到的门诊忙碌、家庭关注恢复情况相互印证。""}"
main,mycoplasma_pneumonia,low_feedback,main_baseline_neutral,none,positive,negative,105,1,True,,positive,positive,positive,support_positive,positive,报道1和评论中更具体的恢复路径与医院应对措施让我更倾向于相信整体情况可控。,,0.0,0,0,0,0,"{""final_choice"":""report_1"",""credible_choice"":""report_1"",""share_choice"":""report_1"",""comment_choice"":""support_report_1"",""like_choice"":""report_1"",""reason"":""报道1和评论中更具体的恢复路径与医院应对措施让我更倾向于相信整体情况可控。""}"
main,mycoplasma_pneumonia,low_feedback,main_baseline_neutral,none,negative,positive,106,1,True,,negative,negative,negative,support_negative,negative,报道1中提到的恢复慢、复诊增加和夜间咳嗽反复等具体线索更符合我当前对问题的担忧。,,1.0,1,1,1,4,"{""final_choice"":""report_1"",""credible_choice"":""report_1"",""share_choice"":""report_1"",""comment_choice"":""support_report_1"",""like_choice"":""report_1"",""reason"":""报道1中提到的恢复慢、复诊增加和夜间咳嗽反复等具体线索更符合我当前对问题的担忧。""}"
main,mycoplasma_pneumonia,low_feedback,main_baseline_neutral,none,positive,negative,107,1,True,,positive,positive,positive,support_positive,positive,报道1中提到的医院应对措施和多数孩子按预期恢复的线索，与评论中提到的分诊、延时门诊等应对措施相互印证，让我更倾向于相信整体情况是可控的。,,0.0,0,0,0,0,"{""final_choice"":""report_1"",""credible_choice"":""report_1"",""share_choice"":""report_1"",""comment_choice"":""support_report_1"",""like_choice"":""report_1"",""reason"":""报道1中提到的医院应对措施和多数孩子按预期恢复的线索，与评论中提到的分诊、延时门诊等应对措施相互印证，让我更倾向于相信整体情况是可控的。""}"
main,mycoplasma_pneumonia,low_feedback,main_baseline_neutral,none,negative,positive,108,1,True,,positive,positive,positive,support_positive,positive,报道2和评论中提到的具体应对措施和恢复节奏差异更具体，且与多数评论呼应。,,0.0,0,0,0,0,"{""final_choice"":""report_2"",""credible_choice"":""report_2"",""share_choice"":""report_2"",""comment_choice"":""support_report_2"",""like_choice"":""report_2"",""reason"":""报道2和评论中提到的具体应对措施和恢复节奏差异更具体，且与多数评论呼应。""}"
main,mycoplasma_pneumonia,low_feedback,main_baseline_neutral,none,positive,negative,109,1,True,,positive,positive,positive,support_positive,positive,报道1中提到的具体应对措施(分诊、延时门诊)和恢复时间框架(几天到一两周)比报道2中的描述更具体。,,0.0,0,0,0,0,"{""final_choice"":""report_1"",""credible_choice"":""report_1"",""share_choice"":""report_1"",""comment_choice"":""support_report_1"",""like_choice"":""report_1"",""reason"":""报道1中提到的具体应对措施(分诊、延时门诊)和恢复时间框架(几天到一两周)比报道2中的描述更具体。""}"
main,mycoplasma_pneumonia,low_feedback,main_baseline_neutral,none,negative,positive,110,1,True,,negative,negative,negative,support_negative,negative,报道1中更具体描述了咳嗽拖久、复诊次数增加和家庭负担上升等连续线索，这些细节与当前可见评论中家长需要继续观察和复查的提醒相互印证，让我更关注这些实际体验。,,1.0,1,1,1,4,"{""final_choice"":""report_1"",""credible_choice"":""report_1"",""share_choice"":""report_1"",""comment_choice"":""support_report_1"",""like_choice"":""report_1"",""reason"":""报道1中更具体描述了咳嗽拖久、复诊次数增加和家庭负担上升等连续线索，这些细节与当前可见评论中家长需要继续观察和复查的提醒相互印证，让我更关注这些实际体验。""}"
main,mycoplasma_pneumonia,low_feedback,main_baseline_neutral,none,positive,negative,111,1,True,,positive,positive,positive,support_positive,positive,报道1和评论中提到的恢复时间范围更具体，且有多条评论支持大多数病例按医嘱治疗后逐步恢复的观点。,,0.0,0,0,0,0,"{""final_choice"":""report_1"",""credible_choice"":""report_1"",""share_choice"":""report_1"",""comment_choice"":""support_report_1"",""like_choice"":""report_1"",""reason"":""报道1和评论中提到的恢复时间范围更具体，且有多条评论支持大多数病例按医嘱治疗后逐步恢复的观点。""}"
main,mycoplasma_pneumonia,low_feedback,main_baseline_neutral,none,negative,positive,112,1,True,,negative,negative,negative,support_negative,negative,报道1中更具体的恢复慢、复诊次数增加和家庭照护负担上升的线索，加上评论4中提到的需要继续观察和复查，让我更关注实际压力累积。,,1.0,1,1,1,4,"{""final_choice"":""report_1"",""credible_choice"":""report_1"",""share_choice"":""report_1"",""comment_choice"":""support_report_1"",""like_choice"":""report_1"",""reason"":""报道1中更具体的恢复慢、复诊次数增加和家庭照护负担上升的线索，加上评论4中提到的需要继续观察和复查，让我更关注实际压力累积。""}"
main,mycoplasma_pneumonia,low_feedback,main_baseline_neutral,none,positive,negative,113,1,True,,positive,positive,positive,support_positive,positive,报道1和评论中提到的规范治疗和可预期恢复流程更具体，医院应对措施也更明确，这些线索让我更相信整体情况是可控的。,,0.0,0,0,0,0,"{""final_choice"":""report_1"",""credible_choice"":""report_1"",""share_choice"":""report_1"",""comment_choice"":""support_report_1"",""like_choice"":""report_1"",""reason"":""报道1和评论中提到的规范治疗和可预期恢复流程更具体，医院应对措施也更明确，这些线索让我更相信整体情况是可控的。""}"
main,mycoplasma_pneumonia,low_feedback,main_baseline_neutral,none,negative,positive,114,1,True,,negative,negative,negative,support_negative,negative,报道1中更具体、更连贯地描述了咳嗽拖久、复诊增加和家庭照护负担上升等具体风险线索，这些细节让我更倾向于相信这一边。,,1.0,1,1,1,4,"{""final_choice"":""report_1"",""credible_choice"":""report_1"",""share_choice"":""report_1"",""comment_choice"":""support_report_1"",""like_choice"":""report_1"",""reason"":""报道1中更具体、更连贯地描述了咳嗽拖久、复诊增加和家庭照护负担上升等具体风险线索，这些细节让我更倾向于相信这一边。""}"
main,mycoplasma_pneumonia,low_feedback,main_baseline_neutral,none,positive,negative,115,1,True,,positive,positive,positive,support_positive,positive,报道1和评论中的具体恢复线索更连贯，医院应对措施和大多数病例的逐步恢复情况让我更倾向于相信整体可控。,,0.0,0,0,0,0,"{""final_choice"":""report_1"",""credible_choice"":""report_1"",""share_choice"":""report_1"",""comment_choice"":""support_report_1"",""like_choice"":""report_1"",""reason"":""报道1和评论中的具体恢复线索更连贯，医院应对措施和大多数病例的逐步恢复情况让我更倾向于相信整体可控。""}"
main,mycoplasma_pneumonia,low_feedback,main_baseline_neutral,none,negative,positive,116,1,True,,negative,negative,negative,support_negative,negative,报道1中更具体地描述了病程拖长、复诊次数增加和夜间咳嗽反复等连续风险线索，这些细节在评论1和评论4中也得到了部分印证，让我更倾向于认为恢复过程可能比预期更长。,,1.0,1,1,1,4,"{""final_choice"":""report_1"",""credible_choice"":""report_1"",""share_choice"":""report_1"",""comment_choice"":""support_report_1"",""like_choice"":""report_1"",""reason"":""报道1中更具体地描述了病程拖长、复诊次数增加和夜间咳嗽反复等连续风险线索，这些细节在评论1和评论4中也得到了部分印证，让我更倾向于认为恢复过程可能比预期更长。""}"
main,mycoplasma_pneumonia,low_feedback,main_baseline_neutral,none,positive,negative,117,1,True,,positive,positive,positive,support_positive,positive,报道1和可见评论都提供了更具体的医院应对措施和恢复过程描述，让我觉得医疗系统应对更有序。,,0.0,0,0,0,0,"{""final_choice"":""report_1"",""credible_choice"":""report_1"",""share_choice"":""report_1"",""comment_choice"":""support_report_1"",""like_choice"":""report_1"",""reason"":""报道1和可见评论都提供了更具体的医院应对措施和恢复过程描述，让我觉得医疗系统应对更有序。""}"
main,mycoplasma_pneumonia,low_feedback,main_baseline_neutral,none,negative,positive,118,1,True,,negative,negative,negative,support_negative,negative,报道1中更具体地描述了咳嗽拖长、复诊增加和家庭负担上升等连续性风险线索，这些具体经历与评论中提到的'恢复过程需要继续观察'相互印证，让我更关注这些实际压力。,,1.0,1,1,1,4,"{""final_choice"":""report_1"",""credible_choice"":""report_1"",""share_choice"":""report_1"",""comment_choice"":""support_report_1"",""like_choice"":""report_1"",""reason"":""报道1中更具体地描述了咳嗽拖长、复诊增加和家庭负担上升等连续性风险线索，这些具体经历与评论中提到的'恢复过程需要继续观察'相互印证，让我更关注这些实际压力。""}"
main,mycoplasma_pneumonia,low_feedback,main_baseline_neutral,none,positive,negative,119,1,True,,positive,positive,positive,support_positive,positive,报道1和评论中的恢复过程、医院应对措施和恢复节奏差异等具体线索更为连贯一致，让我更倾向于相信这一边。,,0.0,0,0,0,0,"{""final_choice"":""report_1"",""credible_choice"":""report_1"",""share_choice"":""report_1"",""comment_choice"":""support_report_1"",""like_choice"":""report_1"",""reason"":""报道1和评论中的恢复过程、医院应对措施和恢复节奏差异等具体线索更为连贯一致，让我更倾向于相信这一边。""}"
main,mycoplasma_pneumonia,low_feedback,main_baseline_neutral,none,negative,positive,120,1,True,,negative,negative,negative,support_negative,negative,报道1中更具体描述了病程拖长、复诊增加和家庭负担上升的连续线索，这些细节与评论中提到的'恢复过程需要继续观察'相呼应。,,1.0,1,1,1,4,"{""final_choice"":""report_1"",""credible_choice"":""report_1"",""share_choice"":""report_1"",""comment_choice"":""support_report_1"",""like_choice"":""report_1"",""reason"":""报道1中更具体描述了病程拖长、复诊增加和家庭负担上升的连续线索，这些细节与评论中提到的'恢复过程需要继续观察'相呼应。""}"
main,mycoplasma_pneumonia,low_feedback,main_baseline_neutral,none,positive,negative,121,1,True,,positive,positive,positive,support_positive,positive,报道1和评论中更具体地描述了大多数孩子按医嘱治疗后逐步恢复的情况，同时也承认个体差异，这种平衡的描述更符合我的理解。,,0.0,0,0,0,0,"{""final_choice"":""report_1"",""credible_choice"":""report_1"",""share_choice"":""report_1"",""comment_choice"":""support_report_1"",""like_choice"":""report_1"",""reason"":""报道1和评论中更具体地描述了大多数孩子按医嘱治疗后逐步恢复的情况，同时也承认个体差异，这种平衡的描述更符合我的理解。""}"
main,mycoplasma_pneumonia,low_feedback,main_baseline_neutral,none,negative,positive,122,1,True,,negative,negative,negative,support_negative,negative,报道1中反复出现的恢复慢、复诊次数增加和家庭照护负担上升等具体线索，与评论3、4提到的个别恢复慢需要关注的情况相互印证，让我更倾向于相信当前压力确实比表面看起来更强。,,1.0,1,1,1,4,"{""final_choice"":""report_1"",""credible_choice"":""report_1"",""share_choice"":""report_1"",""comment_choice"":""support_report_1"",""like_choice"":""report_1"",""reason"":""报道1中反复出现的恢复慢、复诊次数增加和家庭照护负担上升等具体线索，与评论3、4提到的个别恢复慢需要关注的情况相互印证，让我更倾向于相信当前压力确实比表面看起来更强。""}"
main,mycoplasma_pneumonia,low_feedback,main_baseline_neutral,none,positive,negative,123,1,True,,positive,positive,positive,support_positive,positive,报道1和评论中关于大多数孩子几天到一两周内恢复的具体描述，以及医院已采取的应对措施，让我更相信这一边。,,0.0,0,0,0,0,"{""final_choice"":""report_1"",""credible_choice"":""report_1"",""share_choice"":""report_1"",""comment_choice"":""support_report_1"",""like_choice"":""report_1"",""reason"":""报道1和评论中关于大多数孩子几天到一两周内恢复的具体描述，以及医院已采取的应对措施，让我更相信这一边。""}"
main,mycoplasma_pneumonia,low_feedback,main_baseline_neutral,none,negative,positive,124,1,True,,negative,negative,negative,support_negative,negative,报道1中关于病程拖长、复诊次数增加和夜间咳嗽反复的具体描述与评论1、4中的个别恢复慢的提醒更一致，形成更具体的风险线索。,,1.0,1,1,1,4,"{""final_choice"":""report_1"",""credible_choice"":""report_1"",""share_choice"":""report_1"",""comment_choice"":""support_report_1"",""like_choice"":""report_1"",""reason"":""报道1中关于病程拖长、复诊次数增加和夜间咳嗽反复的具体描述与评论1、4中的个别恢复慢的提醒更一致，形成更具体的风险线索。""}"
main,mycoplasma_pneumonia,low_feedback,main_baseline_neutral,none,positive,negative,125,1,True,,positive,positive,positive,support_positive,positive,报道1和评论中提到的具体应对措施和恢复路径更具体连贯，而报道2的风险线索虽然存在但缺乏更具体的细节支持。,,0.0,0,0,0,0,"{""final_choice"":""report_1"",""credible_choice"":""report_1"",""share_choice"":""report_1"",""comment_choice"":""support_report_1"",""like_choice"":""report_1"",""reason"":""报道1和评论中提到的具体应对措施和恢复路径更具体连贯，而报道2的风险线索虽然存在但缺乏更具体的细节支持。""}"
main,mycoplasma_pneumonia,low_feedback,main_baseline_neutral,none,negative,positive,126,1,True,,negative,negative,negative,support_negative,negative,报道1中反复提到的咳嗽拖长、复诊次数增加和家庭照护负担上升，与评论2和评论4中关于恢复需要继续观察、个别恢复慢的情况相互印证，形成更具体的风险线索。,,1.0,1,1,1,4,"{""final_choice"":""report_1"",""credible_choice"":""report_1"",""share_choice"":""report_1"",""comment_choice"":""support_report_1"",""like_choice"":""report_1"",""reason"":""报道1中反复提到的咳嗽拖长、复诊次数增加和家庭照护负担上升，与评论2和评论4中关于恢复需要继续观察、个别恢复慢的情况相互印证，形成更具体的风险线索。""}"
main,mycoplasma_pneumonia,low_feedback,main_baseline_neutral,none,positive,negative,127,1,True,,positive,positive,positive,support_positive,positive,报道1和评论中提到的医院应对措施和多数病例按预期恢复的线索，让我更倾向于认为情况虽然紧张但整体可控。,,0.0,0,0,0,0,"{""final_choice"":""report_1"",""credible_choice"":""report_1"",""share_choice"":""report_1"",""comment_choice"":""support_report_1"",""like_choice"":""report_1"",""reason"":""报道1和评论中提到的医院应对措施和多数病例按预期恢复的线索，让我更倾向于认为情况虽然紧张但整体可控。""}"
main,mycoplasma_pneumonia,low_feedback,main_baseline_neutral,none,negative,positive,128,1,True,,negative,negative,negative,support_negative,negative,报道1中的具体风险线索更连贯且与评论中的恢复观察、复诊提醒形成呼应，而报道2的官方应对描述虽然存在但具体性相对较弱。,,1.0,1,1,1,4,"{""final_choice"":""report_1"",""credible_choice"":""report_1"",""share_choice"":""report_1"",""comment_choice"":""support_report_1"",""like_choice"":""report_1"",""reason"":""报道1中的具体风险线索更连贯且与评论中的恢复观察、复诊提醒形成呼应，而报道2的官方应对描述虽然存在但具体性相对较弱。""}"
main,mycoplasma_pneumonia,low_feedback,main_baseline_neutral,none,positive,negative,129,1,True,,positive,positive,positive,support_positive,positive,报道1中提到的恢复时间范围和医院应对措施更具体，评论1和2也支持多数病例按常规治疗可逐步恢复。,,0.0,0,0,0,0,"{""final_choice"":""report_1"",""credible_choice"":""report_1"",""share_choice"":""report_1"",""comment_choice"":""support_report_1"",""like_choice"":""report_1"",""reason"":""报道1中提到的恢复时间范围和医院应对措施更具体，评论1和2也支持多数病例按常规治疗可逐步恢复。""}"
main,mycoplasma_pneumonia,low_feedback,main_baseline_neutral,none,negative,positive,130,1,True,,negative,negative,negative,support_negative,negative,报道1中更具体描述了恢复慢、复诊次数增加等持续压力线索，与评论4提到的需要继续观察、按医生建议复查的担忧形成呼应。,,1.0,1,1,1,4,"{""final_choice"":""report_1"",""credible_choice"":""report_1"",""share_choice"":""report_1"",""comment_choice"":""support_report_1"",""like_choice"":""report_1"",""reason"":""报道1中更具体描述了恢复慢、复诊次数增加等持续压力线索，与评论4提到的需要继续观察、按医生建议复查的担忧形成呼应。""}"
main,mycoplasma_pneumonia,low_feedback,main_baseline_neutral,none,positive,negative,131,1,True,,positive,positive,positive,support_positive,positive,报道1中提到的具体应对措施和恢复节奏差异，与评论中多数家长分享的按医嘱治疗后逐步恢复的情况更一致。,,0.0,0,0,0,0,"{""final_choice"":""report_1"",""credible_choice"":""report_1"",""share_choice"":""report_1"",""comment_choice"":""support_report_1"",""like_choice"":""report_1"",""reason"":""报道1中提到的具体应对措施和恢复节奏差异，与评论中多数家长分享的按医嘱治疗后逐步恢复的情况更一致。""}"
main,mycoplasma_pneumonia,low_feedback,main_baseline_neutral,none,negative,positive,132,1,True,,negative,negative,negative,support_negative,negative,报道1中更具体的病程拖长、复诊次数增加和家庭负担上升的线索，与评论中提到的'需要继续观察'和'恢复节奏差异不小'相互印证。,,1.0,1,1,1,4,"{""final_choice"":""report_1"",""credible_choice"":""report_1"",""share_choice"":""report_1"",""comment_choice"":""support_report_1"",""like_choice"":""report_1"",""reason"":""报道1中更具体的病程拖长、复诊次数增加和家庭负担上升的线索，与评论中提到的'需要继续观察'和'恢复节奏差异不小'相互印证。""}"
main,mycoplasma_pneumonia,low_feedback,main_baseline_neutral,none,positive,negative,133,1,True,,positive,positive,positive,support_positive,positive,报道1和评论里提到的规范治疗、逐步恢复、医院应对措施等具体线索更连贯一致。,,0.0,0,0,0,0,"{""final_choice"":""report_1"",""credible_choice"":""report_1"",""share_choice"":""report_1"",""comment_choice"":""support_report_1"",""like_choice"":""report_1"",""reason"":""报道1和评论里提到的规范治疗、逐步恢复、医院应对措施等具体线索更连贯一致。""}"
main,mycoplasma_pneumonia,low_feedback,main_baseline_neutral,none,negative,positive,134,1,True,,negative,negative,negative,support_negative,negative,报道1中关于病程拖长、复诊次数增加和家庭照护负担上升的描述比报道2的'大多数孩子几天到一两周恢复'更具体且连续，评论3和4也提到需要继续观察和个别恢复慢的情况，这些具体风险线索让我更接近报道1的叙事。,,1.0,1,1,1,4,"{""final_choice"":""report_1"",""credible_choice"":""report_1"",""share_choice"":""report_1"",""comment_choice"":""support_report_1"",""like_choice"":""report_1"",""reason"":""报道1中关于病程拖长、复诊次数增加和家庭照护负担上升的描述比报道2的'大多数孩子几天到一两周恢复'更具体且连续，评论3和4也提到需要继续观察和个别恢复慢的情况，这些具体风险线索让我更接近报道1的叙事。""}"
main,mycoplasma_pneumonia,low_feedback,main_baseline_neutral,none,positive,negative,135,1,True,,positive,positive,positive,support_positive,positive,报道1和评论中提到的医院应对措施和恢复过程更具体、更连贯，且与多数家长反馈一致。,,0.0,0,0,0,0,"{""final_choice"":""report_1"",""credible_choice"":""report_1"",""share_choice"":""report_1"",""comment_choice"":""support_report_1"",""like_choice"":""report_1"",""reason"":""报道1和评论中提到的医院应对措施和恢复过程更具体、更连贯，且与多数家长反馈一致。""}"
main,mycoplasma_pneumonia,low_feedback,main_baseline_neutral,none,negative,positive,136,1,True,,negative,negative,negative,support_negative,negative,报道1中关于病程拖长、复诊次数增加和家庭照护负担的具体描述更符合当前评论中提到的恢复节奏差异和需要继续观察的线索。,,1.0,1,1,1,4,"{""final_choice"":""report_1"",""credible_choice"":""report_1"",""share_choice"":""report_1"",""comment_choice"":""support_report_1"",""like_choice"":""report_1"",""reason"":""报道1中关于病程拖长、复诊次数增加和家庭照护负担的具体描述更符合当前评论中提到的恢复节奏差异和需要继续观察的线索。""}"
main,mycoplasma_pneumonia,low_feedback,main_baseline_neutral,none,positive,negative,137,1,True,,positive,positive,positive,support_positive,positive,报道1和评论中提到的医院应对措施和大多数病例的恢复路径更具体，让我感觉整体情况在可控范围内。,,0.0,0,0,0,0,"{""final_choice"":""report_1"",""credible_choice"":""report_1"",""share_choice"":""report_1"",""comment_choice"":""support_report_1"",""like_choice"":""report_1"",""reason"":""报道1和评论中提到的医院应对措施和大多数病例的恢复路径更具体，让我感觉整体情况在可控范围内。""}"
main,mycoplasma_pneumonia,low_feedback,main_baseline_neutral,none,negative,positive,138,1,True,,negative,negative,negative,support_negative,negative,报道1中反复出现的恢复慢、复诊次数增加和家庭照护负担上升等具体线索，与评论4强调的继续观察和复查更稳妥的观点相互印证。,,1.0,1,1,1,4,"{""final_choice"":""report_1"",""credible_choice"":""report_1"",""share_choice"":""report_1"",""comment_choice"":""support_report_1"",""like_choice"":""report_1"",""reason"":""报道1中反复出现的恢复慢、复诊次数增加和家庭照护负担上升等具体线索，与评论4强调的继续观察和复查更稳妥的观点相互印证。""}"
main,mycoplasma_pneumonia,low_feedback,main_baseline_neutral,none,positive,negative,139,1,True,,positive,positive,positive,support_positive,positive,报道1中提到的恢复时间范围和医院应对措施更具体，评论也多数支持这种可控叙事。,,0.0,0,0,0,0,"{""final_choice"":""report_1"",""credible_choice"":""report_1"",""share_choice"":""report_1"",""comment_choice"":""support_report_1"",""like_choice"":""report_1"",""reason"":""报道1中提到的恢复时间范围和医院应对措施更具体，评论也多数支持这种可控叙事。""}"
main,mycoplasma_pneumonia,low_feedback,main_baseline_neutral,none,negative,positive,140,1,True,,negative,negative,negative,support_negative,negative,报道1里关于病程拖长、复诊增加和夜间咳嗽反复的具体经验描述，与评论中提到的恢复节奏差异形成了相互印证的线索，这些具体风险点让我更倾向于相信这一边。,,1.0,1,1,1,4,"{""final_choice"":""report_1"",""credible_choice"":""report_1"",""share_choice"":""report_1"",""comment_choice"":""support_report_1"",""like_choice"":""report_1"",""reason"":""报道1里关于病程拖长、复诊增加和夜间咳嗽反复的具体经验描述，与评论中提到的恢复节奏差异形成了相互印证的线索，这些具体风险点让我更倾向于相信这一边。""}"
main,mycoplasma_pneumonia,low_feedback,main_baseline_neutral,none,positive,negative,141,1,True,,positive,positive,positive,support_positive,positive,报道1和评论都提到了大多数孩子能在几天到一两周内恢复，医院已采取措施缓解压力，这些具体线索让我更相信整体可控。,,0.0,0,0,0,0,"{""final_choice"":""report_1"",""credible_choice"":""report_1"",""share_choice"":""report_1"",""comment_choice"":""support_report_1"",""like_choice"":""report_1"",""reason"":""报道1和评论都提到了大多数孩子能在几天到一两周内恢复，医院已采取措施缓解压力，这些具体线索让我更相信整体可控。""}"
main,mycoplasma_pneumonia,low_feedback,main_baseline_neutral,none,negative,positive,142,1,True,,positive,positive,positive,support_positive,positive,报道2和评论中提到的医院应对措施与多数病例可预期恢复的具体性让我更倾向于这一边。,,0.0,0,0,0,0,"{""final_choice"":""report_2"",""credible_choice"":""report_2"",""share_choice"":""report_2"",""comment_choice"":""support_report_2"",""like_choice"":""report_2"",""reason"":""报道2和评论中提到的医院应对措施与多数病例可预期恢复的具体性让我更倾向于这一边。""}"
main,mycoplasma_pneumonia,low_feedback,main_baseline_neutral,none,positive,negative,143,1,True,,positive,positive,positive,support_positive,positive,报道1和评论中提到的规范治疗、恢复时间范围和医院应对措施更具体连贯，让我更倾向于相信大多数病例是可控的。,,0.0,0,0,0,0,"{""final_choice"":""report_1"",""credible_choice"":""report_1"",""share_choice"":""report_1"",""comment_choice"":""support_report_1"",""like_choice"":""report_1"",""reason"":""报道1和评论中提到的规范治疗、恢复时间范围和医院应对措施更具体连贯，让我更倾向于相信大多数病例是可控的。""}"
main,mycoplasma_pneumonia,low_feedback,main_baseline_neutral,none,negative,positive,144,1,True,,negative,negative,negative,support_negative,negative,报道1中关于病程拖长、复诊次数增加和家庭照护负担上升的描述更具体，与评论1和评论3提到的恢复慢、需继续观察的情况相呼应。,,1.0,1,1,1,4,"{""final_choice"":""report_1"",""credible_choice"":""report_1"",""share_choice"":""report_1"",""comment_choice"":""support_report_1"",""like_choice"":""report_1"",""reason"":""报道1中关于病程拖长、复诊次数增加和家庭照护负担上升的描述更具体，与评论1和评论3提到的恢复慢、需继续观察的情况相呼应。""}"
main,mycoplasma_pneumonia,low_feedback,main_baseline_neutral,none,positive,negative,145,1,True,,positive,positive,positive,support_positive,positive,报道1中提到的医院应对措施和恢复时间更具体，与评论中提到的分诊、延时门诊等应对措施相互印证，让我更倾向于相信大多数孩子能在预期内恢复。,,0.0,0,0,0,0,"{""final_choice"":""report_1"",""credible_choice"":""report_1"",""share_choice"":""report_1"",""comment_choice"":""support_report_1"",""like_choice"":""report_1"",""reason"":""报道1中提到的医院应对措施和恢复时间更具体，与评论中提到的分诊、延时门诊等应对措施相互印证，让我更倾向于相信大多数孩子能在预期内恢复。""}"
main,mycoplasma_pneumonia,low_feedback,main_baseline_neutral,none,negative,positive,146,1,True,,negative,negative,negative,support_negative,negative,报道1中更具体描述了恢复慢、复诊次数增加和夜间咳嗽反复等连续风险线索，这些在评论中也得到一定印证。,,1.0,1,1,1,4,"{""final_choice"":""report_1"",""credible_choice"":""report_1"",""share_choice"":""report_1"",""comment_choice"":""support_report_1"",""like_choice"":""report_1"",""reason"":""报道1中更具体描述了恢复慢、复诊次数增加和夜间咳嗽反复等连续风险线索，这些在评论中也得到一定印证。""}"
main,mycoplasma_pneumonia,low_feedback,main_baseline_neutral,none,positive,negative,147,1,True,,positive,positive,positive,support_positive,positive,报道1中的医院应对措施和恢复路径更具体，评论1和评论4也提到医院已采取分诊、延时门诊等应对措施，多数病例按常规处理。,,0.0,0,0,0,0,"{""final_choice"":""report_1"",""credible_choice"":""report_1"",""share_choice"":""report_1"",""comment_choice"":""support_report_1"",""like_choice"":""report_1"",""reason"":""报道1中的医院应对措施和恢复路径更具体，评论1和评论4也提到医院已采取分诊、延时门诊等应对措施，多数病例按常规处理。""}"
main,mycoplasma_pneumonia,low_feedback,main_baseline_neutral,none,negative,positive,148,1,True,,negative,negative,negative,support_negative,negative,报道1里更具体描述了咳嗽拖久、复诊增加和家庭负担上升等连续风险线索，与当前可见评论中'恢复过程需要继续观察'的提醒更为一致。,,1.0,1,1,1,4,"{""final_choice"":""report_1"",""credible_choice"":""report_1"",""share_choice"":""report_1"",""comment_choice"":""support_report_1"",""like_choice"":""report_1"",""reason"":""报道1里更具体描述了咳嗽拖久、复诊增加和家庭负担上升等连续风险线索，与当前可见评论中'恢复过程需要继续观察'的提醒更为一致。""}"
main,mycoplasma_pneumonia,low_feedback,main_baseline_neutral,none,positive,negative,149,1,True,,positive,positive,positive,support_positive,positive,报道1和评论中关于恢复过程的具体观察与应对措施比报道2更连贯具体，让我更倾向于相信多数病例在规范治疗后可预期恢复。,,0.0,0,0,0,0,"{""final_choice"":""report_1"",""credible_choice"":""report_1"",""share_choice"":""report_1"",""comment_choice"":""support_report_1"",""like_choice"":""report_1"",""reason"":""报道1和评论中关于恢复过程的具体观察与应对措施比报道2更连贯具体，让我更倾向于相信多数病例在规范治疗后可预期恢复。""}"
main,mycoplasma_pneumonia,low_feedback,main_baseline_neutral,none,negative,positive,150,1,True,,negative,negative,negative,support_negative,negative,报道1中更具体、更连续的恢复慢、复诊次数增加和家庭照护负担上升的线索让我更关注这些实际困难。,,1.0,1,1,1,4,"{""final_choice"":""report_1"",""credible_choice"":""report_1"",""share_choice"":""report_1"",""comment_choice"":""support_report_1"",""like_choice"":""report_1"",""reason"":""报道1中更具体、更连续的恢复慢、复诊次数增加和家庭照护负担上升的线索让我更关注这些实际困难。""}"
main,mycoplasma_pneumonia,low_feedback,main_baseline_neutral,none,positive,negative,151,1,True,,positive,positive,positive,support_positive,positive,报道1和评论中提到的分诊、延时门诊等应对措施，以及多数孩子在几天到一两周内逐步恢复的描述，让我觉得情况相对可控。,,0.0,0,0,0,0,"{""final_choice"":""report_1"",""credible_choice"":""report_1"",""share_choice"":""report_1"",""comment_choice"":""support_report_1"",""like_choice"":""report_1"",""reason"":""报道1和评论中提到的分诊、延时门诊等应对措施，以及多数孩子在几天到一两周内逐步恢复的描述，让我觉得情况相对可控。""}"
main,mycoplasma_pneumonia,low_feedback,main_baseline_neutral,none,negative,positive,152,1,True,,negative,negative,negative,support_negative,negative,报道1和评论中更具体的恢复慢、复诊次数增加和夜间咳嗽反复等连续线索，让我更关注实际家庭负担和病程拖长的现实压力。,,1.0,1,1,1,4,"{""final_choice"":""report_1"",""credible_choice"":""report_1"",""share_choice"":""report_1"",""comment_choice"":""support_report_1"",""like_choice"":""report_1"",""reason"":""报道1和评论中更具体的恢复慢、复诊次数增加和夜间咳嗽反复等连续线索，让我更关注实际家庭负担和病程拖长的现实压力。""}"
main,mycoplasma_pneumonia,low_feedback,main_baseline_neutral,none,positive,negative,153,1,True,,positive,positive,positive,support_positive,positive,报道1中关于大多数孩子在规范治疗后几天到一两周内恢复的具体描述，以及评论1和评论3中提到的多数病例可按常规处理和恢复节奏差异的线索，让我更倾向于相信整体情况可控。,,0.0,0,0,0,0,"{""final_choice"":""report_1"",""credible_choice"":""report_1"",""share_choice"":""report_1"",""comment_choice"":""support_report_1"",""like_choice"":""report_1"",""reason"":""报道1中关于大多数孩子在规范治疗后几天到一两周内恢复的具体描述，以及评论1和评论3中提到的多数病例可按常规处理和恢复节奏差异的线索，让我更倾向于相信整体情况可控。""}"
main,mycoplasma_pneumonia,low_feedback,main_baseline_neutral,none,negative,positive,154,1,True,,negative,negative,negative,support_negative,negative,报道1和评论中提到的恢复慢、复诊次数增加、家庭负担上升等具体风险线索比报道2的缓解描述更具体、更连续。,,1.0,1,1,1,4,"{""final_choice"":""report_1"",""credible_choice"":""report_1"",""share_choice"":""report_1"",""comment_choice"":""support_report_1"",""like_choice"":""report_1"",""reason"":""报道1和评论中提到的恢复慢、复诊次数增加、家庭负担上升等具体风险线索比报道2的缓解描述更具体、更连续。""}"
main,mycoplasma_pneumonia,low_feedback,main_baseline_neutral,none,positive,negative,155,1,True,,positive,positive,positive,support_positive,positive,报道1和评论中提到的具体应对措施和多数病例恢复情况更符合我的理解。,,0.0,0,0,0,0,"{""final_choice"":""report_1"",""credible_choice"":""report_1"",""share_choice"":""report_1"",""comment_choice"":""support_report_1"",""like_choice"":""report_1"",""reason"":""报道1和评论中提到的具体应对措施和多数病例恢复情况更符合我的理解。""}"
main,mycoplasma_pneumonia,low_feedback,main_baseline_neutral,none,negative,positive,156,1,True,,negative,negative,negative,support_negative,negative,报道1中更具体描述了咳嗽拖久、复诊增加和家庭负担上升等连续线索，这些细节比报道2中的一般性恢复描述更能引起共鸣。,,1.0,1,1,1,4,"{""final_choice"":""report_1"",""credible_choice"":""report_1"",""share_choice"":""report_1"",""comment_choice"":""support_report_1"",""like_choice"":""report_1"",""reason"":""报道1中更具体描述了咳嗽拖久、复诊增加和家庭负担上升等连续线索，这些细节比报道2中的一般性恢复描述更能引起共鸣。""}"
main,mycoplasma_pneumonia,low_feedback,main_baseline_neutral,none,positive,negative,157,1,True,,positive,positive,positive,support_positive,positive,报道1和评论中提到的医院应对措施和大多数孩子在规范治疗后恢复的具体线索，让我更倾向于认为整体可控。,,0.0,0,0,0,0,"{""final_choice"":""report_1"",""credible_choice"":""report_1"",""share_choice"":""report_1"",""comment_choice"":""support_report_1"",""like_choice"":""report_1"",""reason"":""报道1和评论中提到的医院应对措施和大多数孩子在规范治疗后恢复的具体线索，让我更倾向于认为整体可控。""}"
main,mycoplasma_pneumonia,low_feedback,main_baseline_neutral,none,negative,positive,158,1,True,,negative,negative,negative,support_negative,negative,报道1中更具体、更连续的关于病程拖长、复诊次数增加和夜间咳嗽反复的线索，与当前可见评论中家长需要持续观察和医院分诊应对的内容更吻合。,,1.0,1,1,1,4,"{""final_choice"":""report_1"",""credible_choice"":""report_1"",""share_choice"":""report_1"",""comment_choice"":""support_report_1"",""like_choice"":""report_1"",""reason"":""报道1中更具体、更连续的关于病程拖长、复诊次数增加和夜间咳嗽反复的线索，与当前可见评论中家长需要持续观察和医院分诊应对的内容更吻合。""}"
main,mycoplasma_pneumonia,low_feedback,main_baseline_neutral,none,positive,negative,159,1,True,,positive,positive,positive,support_positive,positive,报道1中的具体治疗流程和恢复时间范围更明确，与评论中提到的分诊、延时门诊等应对措施相互印证。,,0.0,0,0,0,0,"{""final_choice"":""report_1"",""credible_choice"":""report_1"",""share_choice"":""report_1"",""comment_choice"":""support_report_1"",""like_choice"":""report_1"",""reason"":""报道1中的具体治疗流程和恢复时间范围更明确，与评论中提到的分诊、延时门诊等应对措施相互印证。""}"
main,mycoplasma_pneumonia,low_feedback,main_baseline_neutral,none,negative,positive,160,1,True,,negative,negative,negative,support_negative,negative,报道1中更具体描述了病程拖长、复诊增加和家庭负担上升等连续性风险线索，这些具体性更高的观察让我更倾向于相信这一边。,,1.0,1,1,1,4,"{""final_choice"":""report_1"",""credible_choice"":""report_1"",""share_choice"":""report_1"",""comment_choice"":""support_report_1"",""like_choice"":""report_1"",""reason"":""报道1中更具体描述了病程拖长、复诊增加和家庭负担上升等连续性风险线索，这些具体性更高的观察让我更倾向于相信这一边。""}"
main,mycoplasma_pneumonia,low_feedback,main_baseline_neutral,none,positive,negative,161,1,True,,positive,positive,positive,support_positive,positive,报道1中提到的规范治疗后恢复较快和医院应对措施更具体，评论1和评论4也印证了多数病例可按常规处理。,,0.0,0,0,0,0,"{""final_choice"":""report_1"",""credible_choice"":""report_1"",""share_choice"":""report_1"",""comment_choice"":""support_report_1"",""like_choice"":""report_1"",""reason"":""报道1中提到的规范治疗后恢复较快和医院应对措施更具体，评论1和评论4也印证了多数病例可按常规处理。""}"
main,mycoplasma_pneumonia,low_feedback,main_baseline_neutral,none,negative,positive,162,1,True,,negative,negative,negative,support_negative,negative,报道1中关于咳嗽拖久、复诊次数增加和家庭照护负担上升的描述与评论1和评论2提到的恢复慢、需要继续观察的线索相互印证。,,1.0,1,1,1,4,"{""final_choice"":""report_1"",""credible_choice"":""report_1"",""share_choice"":""report_1"",""comment_choice"":""support_report_1"",""like_choice"":""report_1"",""reason"":""报道1中关于咳嗽拖久、复诊次数增加和家庭照护负担上升的描述与评论1和评论2提到的恢复慢、需要继续观察的线索相互印证。""}"
main,mycoplasma_pneumonia,low_feedback,main_baseline_neutral,none,positive,negative,163,1,True,,positive,positive,positive,support_positive,positive,报道1和评论中提到的具体恢复路径和医院应对措施更充分，多数病例按医嘱治疗后逐步恢复的线索更有说服力。,,0.0,0,0,0,0,"{""final_choice"":""report_1"",""credible_choice"":""report_1"",""share_choice"":""report_1"",""comment_choice"":""support_report_1"",""like_choice"":""report_1"",""reason"":""报道1和评论中提到的具体恢复路径和医院应对措施更充分，多数病例按医嘱治疗后逐步恢复的线索更有说服力。""}"
main,mycoplasma_pneumonia,low_feedback,main_baseline_neutral,none,negative,positive,164,1,True,,negative,negative,negative,support_negative,negative,报道1中关于病程拖长、复诊增加和家庭负担上升的线索更具体且连续，这些风险提醒在当前评论中也有呼应。,,1.0,1,1,1,4,"{""final_choice"":""report_1"",""credible_choice"":""report_1"",""share_choice"":""report_1"",""comment_choice"":""support_report_1"",""like_choice"":""report_1"",""reason"":""报道1中关于病程拖长、复诊增加和家庭负担上升的线索更具体且连续，这些风险提醒在当前评论中也有呼应。""}"
main,mycoplasma_pneumonia,low_feedback,main_baseline_neutral,none,positive,negative,165,1,True,,positive,positive,positive,support_positive,positive,报道1和评论中的正式应对与恢复路径更具体，而报道2的风险描述缺乏同样明确的官方支持证据。,,0.0,0,0,0,0,"{""final_choice"":""report_1"",""credible_choice"":""report_1"",""share_choice"":""report_1"",""comment_choice"":""support_report_1"",""like_choice"":""report_1"",""reason"":""报道1和评论中的正式应对与恢复路径更具体，而报道2的风险描述缺乏同样明确的官方支持证据。""}"
main,mycoplasma_pneumonia,low_feedback,main_baseline_neutral,none,negative,positive,166,1,True,,negative,negative,negative,support_negative,negative,报道1中更具体地描述了咳嗽拖长、复诊增加和家庭负担上升等连续线索，与评论中提到的恢复观察和复查需求更吻合。,,1.0,1,1,1,4,"{""final_choice"":""report_1"",""credible_choice"":""report_1"",""share_choice"":""report_1"",""comment_choice"":""support_report_1"",""like_choice"":""report_1"",""reason"":""报道1中更具体地描述了咳嗽拖长、复诊增加和家庭负担上升等连续线索，与评论中提到的恢复观察和复查需求更吻合。""}"
main,mycoplasma_pneumonia,low_feedback,main_baseline_neutral,none,positive,negative,167,1,True,,positive,positive,positive,support_positive,positive,报道1中提到的医院应对措施和大多数孩子恢复的具体时间线，与评论中强调的按医嘱处理和分诊措施相互印证。,,0.0,0,0,0,0,"{""final_choice"":""report_1"",""credible_choice"":""report_1"",""share_choice"":""report_1"",""comment_choice"":""support_report_1"",""like_choice"":""report_1"",""reason"":""报道1中提到的医院应对措施和大多数孩子恢复的具体时间线，与评论中强调的按医嘱处理和分诊措施相互印证。""}"
main,mycoplasma_pneumonia,low_feedback,main_baseline_neutral,none,negative,positive,168,1,True,,negative,negative,negative,support_negative,negative,报道1中反复出现的咳嗽拖久、复诊增加和家庭负担线索更具体连贯，与评论1和4的观察形成呼应。,,1.0,1,1,1,4,"{""final_choice"":""report_1"",""credible_choice"":""report_1"",""share_choice"":""report_1"",""comment_choice"":""support_report_1"",""like_choice"":""report_1"",""reason"":""报道1中反复出现的咳嗽拖久、复诊增加和家庭负担线索更具体连贯，与评论1和4的观察形成呼应。""}"
main,mycoplasma_pneumonia,low_feedback,main_baseline_neutral,none,positive,negative,169,1,True,,positive,positive,positive,support_positive,positive,报道1和评论中提到的分诊、延时门诊等具体应对措施，以及大多数孩子在规范治疗后几天到一两周内恢复的具体时间线，让我更倾向于相信这一边。,,0.0,0,0,0,0,"{""final_choice"":""report_1"",""credible_choice"":""report_1"",""share_choice"":""report_1"",""comment_choice"":""support_report_1"",""like_choice"":""report_1"",""reason"":""报道1和评论中提到的分诊、延时门诊等具体应对措施，以及大多数孩子在规范治疗后几天到一两周内恢复的具体时间线，让我更倾向于相信这一边。""}"
main,mycoplasma_pneumonia,low_feedback,main_baseline_neutral,none,negative,positive,170,1,True,,negative,negative,negative,support_negative,negative,报道1中关于病程拖长、复诊次数增加和家庭照护负担上升的具体描述，与评论中提到的恢复节奏差异和需要持续观察的线索相互印证，让我更关注这些风险提示。,,1.0,1,1,1,4,"{""final_choice"":""report_1"",""credible_choice"":""report_1"",""share_choice"":""report_1"",""comment_choice"":""support_report_1"",""like_choice"":""report_1"",""reason"":""报道1中关于病程拖长、复诊次数增加和家庭照护负担上升的具体描述，与评论中提到的恢复节奏差异和需要持续观察的线索相互印证，让我更关注这些风险提示。""}"
main,mycoplasma_pneumonia,low_feedback,main_baseline_neutral,none,positive,negative,171,1,True,,positive,positive,positive,support_positive,positive,报道1中提到的规范治疗后几天到一两周恢复的具体时间线，以及医院已采取的分诊和延时门诊等应对措施，让我更倾向于相信这是更普遍的情况。,,0.0,0,0,0,0,"{""final_choice"":""report_1"",""credible_choice"":""report_1"",""share_choice"":""report_1"",""comment_choice"":""support_report_1"",""like_choice"":""report_1"",""reason"":""报道1中提到的规范治疗后几天到一两周恢复的具体时间线，以及医院已采取的分诊和延时门诊等应对措施，让我更倾向于相信这是更普遍的情况。""}"
main,mycoplasma_pneumonia,low_feedback,main_baseline_neutral,none,negative,positive,172,1,True,,negative,negative,negative,support_negative,negative,报道1中反复提到的恢复慢、复诊次数增加和家庭照护负担上升，与评论中需要继续观察和不同孩子恢复节奏差异不小的线索相互印证，让我更关注这一边。,,1.0,1,1,1,4,"{""final_choice"":""report_1"",""credible_choice"":""report_1"",""share_choice"":""report_1"",""comment_choice"":""support_report_1"",""like_choice"":""report_1"",""reason"":""报道1中反复提到的恢复慢、复诊次数增加和家庭照护负担上升，与评论中需要继续观察和不同孩子恢复节奏差异不小的线索相互印证，让我更关注这一边。""}"
main,mycoplasma_pneumonia,low_feedback,main_baseline_neutral,none,positive,negative,173,1,True,,positive,positive,positive,support_positive,positive,报道1和可见评论中更具体地展示了规范治疗后的恢复过程，以及医院通过分诊、延时门诊等实际缓解措施，这些具体线索让我更倾向于相信大多数病例在可控范围内。,,0.0,0,0,0,0,"{""final_choice"":""report_1"",""credible_choice"":""report_1"",""share_choice"":""report_1"",""comment_choice"":""support_report_1"",""like_choice"":""report_1"",""reason"":""报道1和可见评论中更具体地展示了规范治疗后的恢复过程，以及医院通过分诊、延时门诊等实际缓解措施，这些具体线索让我更倾向于相信大多数病例在可控范围内。""}"
main,mycoplasma_pneumonia,low_feedback,main_baseline_neutral,none,negative,positive,174,1,True,,negative,negative,negative,support_negative,negative,报道1中提到的'咳嗽拖得更久、复诊次数增加、家庭照护负担上升'等具体风险线索更连贯且重复出现，而评论4虽提到多数病例可常规处理，但'恢复慢'的提醒也印证了报道1的担忧点。,,1.0,1,1,1,4,"{""final_choice"":""report_1"",""credible_choice"":""report_1"",""share_choice"":""report_1"",""comment_choice"":""support_report_1"",""like_choice"":""report_1"",""reason"":""报道1中提到的'咳嗽拖得更久、复诊次数增加、家庭照护负担上升'等具体风险线索更连贯且重复出现，而评论4虽提到多数病例可常规处理，但'恢复慢'的提醒也印证了报道1的担忧点。""}"
main,mycoplasma_pneumonia,low_feedback,main_baseline_neutral,none,positive,negative,175,1,True,,positive,positive,positive,support_positive,positive,报道1和评论中提到的具体应对措施和常规治疗恢复路径更具体，让我更倾向于相信大多数病例在规范治疗后可预期恢复。,,0.0,0,0,0,0,"{""final_choice"":""report_1"",""credible_choice"":""report_1"",""share_choice"":""report_1"",""comment_choice"":""support_report_1"",""like_choice"":""report_1"",""reason"":""报道1和评论中提到的具体应对措施和常规治疗恢复路径更具体，让我更倾向于相信大多数病例在规范治疗后可预期恢复。""}"
main,mycoplasma_pneumonia,low_feedback,main_baseline_neutral,none,negative,positive,176,1,True,,negative,negative,negative,support_negative,negative,报道1里提到的恢复慢、复诊次数增加和夜间咳嗽反复等具体风险线索，与评论中家长提到的需要继续观察和关注精神状态的提醒更为一致。,,1.0,1,1,1,4,"{""final_choice"":""report_1"",""credible_choice"":""report_1"",""share_choice"":""report_1"",""comment_choice"":""support_report_1"",""like_choice"":""report_1"",""reason"":""报道1里提到的恢复慢、复诊次数增加和夜间咳嗽反复等具体风险线索，与评论中家长提到的需要继续观察和关注精神状态的提醒更为一致。""}"
main,mycoplasma_pneumonia,low_feedback,main_baseline_neutral,none,positive,negative,177,1,True,,positive,positive,positive,support_positive,positive,报道1里提到的医院应对措施和多数孩子可预期恢复的线索更具体，评论也印证了分诊和延时门诊等实际应对。,,0.0,0,0,0,0,"{""final_choice"":""report_1"",""credible_choice"":""report_1"",""share_choice"":""report_1"",""comment_choice"":""support_report_1"",""like_choice"":""report_1"",""reason"":""报道1里提到的医院应对措施和多数孩子可预期恢复的线索更具体，评论也印证了分诊和延时门诊等实际应对。""}"
main,mycoplasma_pneumonia,low_feedback,main_baseline_neutral,none,negative,positive,178,1,True,,negative,negative,negative,support_negative,negative,报道1中反复出现的恢复慢、复诊次数增加、夜间咳嗽反复等具体线索与评论4提到的需要继续观察、按医生建议复查等提示相互印证，形成更连贯的风险体验链条。,,1.0,1,1,1,4,"{""final_choice"":""report_1"",""credible_choice"":""report_1"",""share_choice"":""report_1"",""comment_choice"":""support_report_1"",""like_choice"":""report_1"",""reason"":""报道1中反复出现的恢复慢、复诊次数增加、夜间咳嗽反复等具体线索与评论4提到的需要继续观察、按医生建议复查等提示相互印证，形成更连贯的风险体验链条。""}"
main,mycoplasma_pneumonia,low_feedback,main_baseline_neutral,none,positive,negative,179,1,True,,positive,positive,positive,support_positive,positive,报道1和评论中提到的恢复时间和应对措施更具体，而报道2的风险描述相对模糊且缺乏具体数据支持。,,0.0,0,0,0,0,"{""final_choice"":""report_1"",""credible_choice"":""report_1"",""share_choice"":""report_1"",""comment_choice"":""support_report_1"",""like_choice"":""report_1"",""reason"":""报道1和评论中提到的恢复时间和应对措施更具体，而报道2的风险描述相对模糊且缺乏具体数据支持。""}"
main,mycoplasma_pneumonia,low_feedback,main_baseline_neutral,none,negative,positive,180,1,True,,negative,negative,negative,support_negative,negative,报道1中更具体、更连贯的风险线索（咳嗽拖久、复诊增加、家庭负担上升）与评论中反复提到的恢复观察需求相互印证。,,1.0,1,1,1,4,"{""final_choice"":""report_1"",""credible_choice"":""report_1"",""share_choice"":""report_1"",""comment_choice"":""support_report_1"",""like_choice"":""report_1"",""reason"":""报道1中更具体、更连贯的风险线索（咳嗽拖久、复诊增加、家庭负担上升）与评论中反复提到的恢复观察需求相互印证。""}"
main,mycoplasma_pneumonia,low_feedback,main_baseline_neutral,none,positive,negative,181,1,True,,positive,positive,positive,support_positive,positive,报道1和评论中提到的恢复节奏差异和医院应对措施更具体，且多个评论都提到了多数病例按医嘱治疗后的恢复过程。,,0.0,0,0,0,0,"{""final_choice"":""report_1"",""credible_choice"":""report_1"",""share_choice"":""report_1"",""comment_choice"":""support_report_1"",""like_choice"":""report_1"",""reason"":""报道1和评论中提到的恢复节奏差异和医院应对措施更具体，且多个评论都提到了多数病例按医嘱治疗后的恢复过程。""}"
main,mycoplasma_pneumonia,low_feedback,main_baseline_neutral,none,negative,positive,182,1,True,,negative,negative,negative,support_negative,negative,报道1中反复提到的恢复慢、复诊次数增加和家庭照护负担上升这些具体线索，与当前可见评论中强调的个体差异和需要持续观察的内容形成了互相印证，让我更关注这一边。,,1.0,1,1,1,4,"{""final_choice"":""report_1"",""credible_choice"":""report_1"",""share_choice"":""report_1"",""comment_choice"":""support_report_1"",""like_choice"":""report_1"",""reason"":""报道1中反复提到的恢复慢、复诊次数增加和家庭照护负担上升这些具体线索，与当前可见评论中强调的个体差异和需要持续观察的内容形成了互相印证，让我更关注这一边。""}"
main,mycoplasma_pneumonia,low_feedback,main_baseline_neutral,none,positive,negative,183,1,True,,positive,positive,positive,support_positive,positive,报道1和评论中的具体恢复案例、医院应对措施和可控治疗路径提供了更连贯、更具体的线索，而报道2的风险线索虽然存在但相对分散。,,0.0,0,0,0,0,"{""final_choice"":""report_1"",""credible_choice"":""report_1"",""share_choice"":""report_1"",""comment_choice"":""support_report_1"",""like_choice"":""report_1"",""reason"":""报道1和评论中的具体恢复案例、医院应对措施和可控治疗路径提供了更连贯、更具体的线索，而报道2的风险线索虽然存在但相对分散。""}"
main,mycoplasma_pneumonia,low_feedback,main_baseline_neutral,none,negative,positive,184,1,True,,negative,negative,negative,support_negative,negative,报道1中提到的病程拖长、复诊次数增加和夜间咳嗽反复等具体风险线索更连贯，与评论中关于恢复需要持续观察的内容相互印证。,,1.0,1,1,1,4,"{""final_choice"":""report_1"",""credible_choice"":""report_1"",""share_choice"":""report_1"",""comment_choice"":""support_report_1"",""like_choice"":""report_1"",""reason"":""报道1中提到的病程拖长、复诊次数增加和夜间咳嗽反复等具体风险线索更连贯，与评论中关于恢复需要持续观察的内容相互印证。""}"
main,mycoplasma_pneumonia,low_feedback,main_baseline_neutral,none,positive,negative,185,1,True,,positive,positive,positive,support_positive,positive,报道1和评论中提到的分诊、延时门诊等具体应对措施，以及大多数孩子在规范治疗后逐步恢复的线索，让我更倾向于相信这一边。,,0.0,0,0,0,0,"{""final_choice"":""report_1"",""credible_choice"":""report_1"",""share_choice"":""report_1"",""comment_choice"":""support_report_1"",""like_choice"":""report_1"",""reason"":""报道1和评论中提到的分诊、延时门诊等具体应对措施，以及大多数孩子在规范治疗后逐步恢复的线索，让我更倾向于相信这一边。""}"
main,mycoplasma_pneumonia,low_feedback,main_baseline_neutral,none,negative,positive,186,1,True,,negative,negative,negative,support_negative,negative,报道1中反复提到的咳嗽拖久、复诊增加和家庭照护负担等具体风险线索，与评论2和评论4中的'需要继续观察'和'个别恢复慢'相互印证，形成了更连贯的风险叙事。,,1.0,1,1,1,4,"{""final_choice"":""report_1"",""credible_choice"":""report_1"",""share_choice"":""report_1"",""comment_choice"":""support_report_1"",""like_choice"":""report_1"",""reason"":""报道1中反复提到的咳嗽拖久、复诊增加和家庭照护负担等具体风险线索，与评论2和评论4中的'需要继续观察'和'个别恢复慢'相互印证，形成了更连贯的风险叙事。""}"
main,mycoplasma_pneumonia,low_feedback,main_baseline_neutral,none,positive,negative,187,1,True,,positive,positive,positive,support_positive,positive,报道1和评论中提到的医院应对措施和大多数病例的恢复过程更具体，让我更倾向于相信情况总体可控。,,0.0,0,0,0,0,"{""final_choice"":""report_1"",""credible_choice"":""report_1"",""share_choice"":""report_1"",""comment_choice"":""support_report_1"",""like_choice"":""report_1"",""reason"":""报道1和评论中提到的医院应对措施和大多数病例的恢复过程更具体，让我更倾向于相信情况总体可控。""}"
main,mycoplasma_pneumonia,low_feedback,main_baseline_neutral,none,negative,positive,188,1,True,,negative,negative,negative,support_negative,negative,报道1中更具体地描述了病程拖长、复诊次数增加和家庭负担上升等风险线索，与评论3和评论4中提到的恢复需要继续观察和个别恢复慢的情况相互印证。,,1.0,1,1,1,4,"{""final_choice"":""report_1"",""credible_choice"":""report_1"",""share_choice"":""report_1"",""comment_choice"":""support_report_1"",""like_choice"":""report_1"",""reason"":""报道1中更具体地描述了病程拖长、复诊次数增加和家庭负担上升等风险线索，与评论3和评论4中提到的恢复需要继续观察和个别恢复慢的情况相互印证。""}"
main,mycoplasma_pneumonia,low_feedback,main_baseline_neutral,none,positive,negative,189,1,True,,positive,positive,positive,support_positive,positive,报道1和评论中提到的分诊、延时门诊等具体应对措施，以及多数孩子在规范治疗后可预期恢复的线索，让我更倾向于这一边。,,0.0,0,0,0,0,"{""final_choice"":""report_1"",""credible_choice"":""report_1"",""share_choice"":""report_1"",""comment_choice"":""support_report_1"",""like_choice"":""report_1"",""reason"":""报道1和评论中提到的分诊、延时门诊等具体应对措施，以及多数孩子在规范治疗后可预期恢复的线索，让我更倾向于这一边。""}"
main,mycoplasma_pneumonia,low_feedback,main_baseline_neutral,none,negative,positive,190,1,True,,negative,negative,negative,support_negative,negative,报道1中提到的'咳嗽拖得更久、复诊次数增加、家庭照护负担上升'等具体风险线索与评论1和评论4中提到的'恢复节奏差异'和'需要继续观察'相互印证，让我更关注这些持续存在的风险信号。,,1.0,1,1,1,4,"{""final_choice"":""report_1"",""credible_choice"":""report_1"",""share_choice"":""report_1"",""comment_choice"":""support_report_1"",""like_choice"":""report_1"",""reason"":""报道1中提到的'咳嗽拖得更久、复诊次数增加、家庭照护负担上升'等具体风险线索与评论1和评论4中提到的'恢复节奏差异'和'需要继续观察'相互印证，让我更关注这些持续存在的风险信号。""}"
main,mycoplasma_pneumonia,low_feedback,main_baseline_neutral,none,positive,negative,191,1,True,,positive,positive,positive,support_positive,positive,报道1和评论中更具体的恢复路径和医院应对措施让我更倾向于相信大多数情况是可控的。,,0.0,0,0,0,0,"{""final_choice"":""report_1"",""credible_choice"":""report_1"",""share_choice"":""report_1"",""comment_choice"":""support_report_1"",""like_choice"":""report_1"",""reason"":""报道1和评论中更具体的恢复路径和医院应对措施让我更倾向于相信大多数情况是可控的。""}"
main,mycoplasma_pneumonia,low_feedback,main_baseline_neutral,none,negative,positive,192,1,True,,positive,positive,positive,support_positive,positive,报道2和评论中更具体的医院应对措施和恢复节奏描述，让我觉得虽然存在个别恢复慢的情况，但整体医疗系统应对和大多数孩子的恢复情况是可控的。,,0.0,0,0,0,0,"{""final_choice"":""report_2"",""credible_choice"":""report_2"",""share_choice"":""report_2"",""comment_choice"":""support_report_2"",""like_choice"":""report_2"",""reason"":""报道2和评论中更具体的医院应对措施和恢复节奏描述，让我觉得虽然存在个别恢复慢的情况，但整体医疗系统应对和大多数孩子的恢复情况是可控的。""}"
main,mycoplasma_pneumonia,low_feedback,main_baseline_neutral,none,positive,negative,193,1,True,,positive,positive,positive,support_positive,positive,报道1和评论中提供的具体恢复路径和医院应对措施更为连贯，多数孩子几天到一两周内恢复的描述让我更倾向于相信这一边。,,0.0,0,0,0,0,"{""final_choice"":""report_1"",""credible_choice"":""report_1"",""share_choice"":""report_1"",""comment_choice"":""support_report_1"",""like_choice"":""report_1"",""reason"":""报道1和评论中提供的具体恢复路径和医院应对措施更为连贯，多数孩子几天到一两周内恢复的描述让我更倾向于相信这一边。""}"
main,mycoplasma_pneumonia,low_feedback,main_baseline_neutral,none,negative,positive,194,1,True,,negative,negative,negative,support_negative,negative,报道1中关于病程拖长、复诊增加和家庭负担的具体描述更连贯，与评论中'恢复过程需要继续观察'的线索相互印证。,,1.0,1,1,1,4,"{""final_choice"":""report_1"",""credible_choice"":""report_1"",""share_choice"":""report_1"",""comment_choice"":""support_report_1"",""like_choice"":""report_1"",""reason"":""报道1中关于病程拖长、复诊增加和家庭负担的具体描述更连贯，与评论中'恢复过程需要继续观察'的线索相互印证。""}"
main,mycoplasma_pneumonia,low_feedback,main_baseline_neutral,none,positive,negative,195,1,True,,positive,positive,positive,support_positive,positive,报道1和评论中提到的规范治疗和逐步恢复的具体路径更让我信服，医院采取的应对措施也提供了实际支持。,,0.0,0,0,0,0,"{""final_choice"":""report_1"",""credible_choice"":""report_1"",""share_choice"":""report_1"",""comment_choice"":""support_report_1"",""like_choice"":""report_1"",""reason"":""报道1和评论中提到的规范治疗和逐步恢复的具体路径更让我信服，医院采取的应对措施也提供了实际支持。""}"
main,mycoplasma_pneumonia,low_feedback,main_baseline_neutral,none,negative,positive,196,1,True,,negative,negative,negative,support_negative,negative,报道1中反复提到的恢复慢、复诊次数增加和夜间咳嗽反复等具体现象，与评论2提到的需要持续观察和复查更一致，让我更倾向于相信病程可能比预期更长。,,1.0,1,1,1,4,"{""final_choice"":""report_1"",""credible_choice"":""report_1"",""share_choice"":""report_1"",""comment_choice"":""support_report_1"",""like_choice"":""report_1"",""reason"":""报道1中反复提到的恢复慢、复诊次数增加和夜间咳嗽反复等具体现象，与评论2提到的需要持续观察和复查更一致，让我更倾向于相信病程可能比预期更长。""}"
main,mycoplasma_pneumonia,low_feedback,main_baseline_neutral,none,positive,negative,197,1,True,,positive,positive,positive,support_positive,positive,报道1提到的医院应对措施和大多数孩子恢复情况更具体，评论也印证了分诊、延时门诊等实际缓解措施。,,0.0,0,0,0,0,"{""final_choice"":""report_1"",""credible_choice"":""report_1"",""share_choice"":""report_1"",""comment_choice"":""support_report_1"",""like_choice"":""report_1"",""reason"":""报道1提到的医院应对措施和大多数孩子恢复情况更具体，评论也印证了分诊、延时门诊等实际缓解措施。""}"
main,mycoplasma_pneumonia,low_feedback,main_baseline_neutral,none,negative,positive,198,1,True,,negative,negative,negative,support_negative,negative,报道1中关于咳嗽拖久、复诊增加和家庭负担的具体线索更连贯，与评论1和评论3中的'恢复慢需要关注'相互印证。,,1.0,1,1,1,4,"{""final_choice"":""report_1"",""credible_choice"":""report_1"",""share_choice"":""report_1"",""comment_choice"":""support_report_1"",""like_choice"":""report_1"",""reason"":""报道1中关于咳嗽拖久、复诊增加和家庭负担的具体线索更连贯，与评论1和评论3中的'恢复慢需要关注'相互印证。""}"
main,mycoplasma_pneumonia,low_feedback,main_baseline_neutral,none,positive,negative,199,1,True,,negative,negative,negative,support_negative,negative,报道2中关于病程拖长、复诊次数增加和家庭照护负担的具体描述与评论2和评论4中提到的恢复节奏差异和需继续观察的线索相互印证。,,1.0,1,1,1,4,"{""final_choice"":""report_2"",""credible_choice"":""report_2"",""share_choice"":""report_2"",""comment_choice"":""support_report_2"",""like_choice"":""report_2"",""reason"":""报道2中关于病程拖长、复诊次数增加和家庭照护负担的具体描述与评论2和评论4中提到的恢复节奏差异和需继续观察的线索相互印证。""}"
main,mycoplasma_pneumonia,low_feedback,main_baseline_neutral,none,negative,positive,200,1,True,,negative,negative,negative,support_negative,negative,报道1里更具体地描述了恢复慢、复诊次数增加和夜间咳嗽反复等细节，与评论中家长需要继续观察和复查的提醒相互印证。,,1.0,1,1,1,4,"{""final_choice"":""report_1"",""credible_choice"":""report_1"",""share_choice"":""report_1"",""comment_choice"":""support_report_1"",""like_choice"":""report_1"",""reason"":""报道1里更具体地描述了恢复慢、复诊次数增加和夜间咳嗽反复等细节，与评论中家长需要继续观察和复查的提醒相互印证。""}"
main,mycoplasma_pneumonia,low_feedback,main_baseline_neutral,none,positive,negative,201,1,True,,positive,positive,positive,support_positive,positive,报道1和评论中提到的规范治疗后几天到一两周内恢复的具体时间框架，以及医院已采取的分诊、延时门诊等实际应对措施，让我更倾向于认为大多数病例是可控且可预期的。,,0.0,0,0,0,0,"{""final_choice"":""report_1"",""credible_choice"":""report_1"",""share_choice"":""report_1"",""comment_choice"":""support_report_1"",""like_choice"":""report_1"",""reason"":""报道1和评论中提到的规范治疗后几天到一两周内恢复的具体时间框架，以及医院已采取的分诊、延时门诊等实际应对措施，让我更倾向于认为大多数病例是可控且可预期的。""}"
main,mycoplasma_pneumonia,low_feedback,main_baseline_neutral,none,negative,positive,202,1,True,,negative,negative,negative,support_negative,negative,报道1和评论中提到的恢复慢、复诊增加、夜间咳嗽反复等具体风险线索更让我担忧，这些现象虽然不代表整体，但比报道2中笼统的'大多数恢复良好'描述更能引起我的警觉。,,1.0,1,1,1,4,"{""final_choice"":""report_1"",""credible_choice"":""report_1"",""share_choice"":""report_1"",""comment_choice"":""support_report_1"",""like_choice"":""report_1"",""reason"":""报道1和评论中提到的恢复慢、复诊增加、夜间咳嗽反复等具体风险线索更让我担忧，这些现象虽然不代表整体，但比报道2中笼统的'大多数恢复良好'描述更能引起我的警觉。""}"
main,mycoplasma_pneumonia,low_feedback,main_baseline_neutral,none,positive,negative,203,1,True,,positive,positive,positive,support_positive,positive,报道1中提到的规范治疗后大多几天到一两周内恢复，以及医院已采取分诊、延时门诊等具体应对措施，与多条评论中提到的逐步恢复和按医嘱复查相呼应。,,0.0,0,0,0,0,"{""final_choice"":""report_1"",""credible_choice"":""report_1"",""share_choice"":""report_1"",""comment_choice"":""support_report_1"",""like_choice"":""report_1"",""reason"":""报道1中提到的规范治疗后大多几天到一两周内恢复，以及医院已采取分诊、延时门诊等具体应对措施，与多条评论中提到的逐步恢复和按医嘱复查相呼应。""}"
main,mycoplasma_pneumonia,low_feedback,main_baseline_neutral,none,negative,positive,204,1,True,,negative,negative,negative,support_negative,negative,报道1中关于咳嗽拖长、复诊增加和家庭负担的具体描述比报道2的常规恢复解释更具体连贯，更贴近当前可见评论中提到的恢复差异和观察需求。,,1.0,1,1,1,4,"{""final_choice"":""report_1"",""credible_choice"":""report_1"",""share_choice"":""report_1"",""comment_choice"":""support_report_1"",""like_choice"":""report_1"",""reason"":""报道1中关于咳嗽拖长、复诊增加和家庭负担的具体描述比报道2的常规恢复解释更具体连贯，更贴近当前可见评论中提到的恢复差异和观察需求。""}"
main,mycoplasma_pneumonia,low_feedback,main_baseline_neutral,none,positive,negative,205,1,True,,positive,positive,positive,support_positive,positive,报道1中提到的规范治疗和恢复路径与评论1、2、3中的具体观察更一致，这些增量线索让我更倾向于相信大多数情况是可控的。,,0.0,0,0,0,0,"{""final_choice"":""report_1"",""credible_choice"":""report_1"",""share_choice"":""report_1"",""comment_choice"":""support_report_1"",""like_choice"":""report_1"",""reason"":""报道1中提到的规范治疗和恢复路径与评论1、2、3中的具体观察更一致，这些增量线索让我更倾向于相信大多数情况是可控的。""}"
main,mycoplasma_pneumonia,low_feedback,main_baseline_neutral,none,negative,positive,206,1,True,,positive,positive,positive,support_positive,positive,报道2和评论中更具体地描述了大多数孩子在规范治疗后几天到一两周内恢复的积极线索，且医院已采取分诊、延时门诊等应对措施，这些具体应对和恢复路径让我更倾向于相信这一边。,,0.0,0,0,0,0,"{""final_choice"":""report_2"",""credible_choice"":""report_2"",""share_choice"":""report_2"",""comment_choice"":""support_report_2"",""like_choice"":""report_2"",""reason"":""报道2和评论中更具体地描述了大多数孩子在规范治疗后几天到一两周内恢复的积极线索，且医院已采取分诊、延时门诊等应对措施，这些具体应对和恢复路径让我更倾向于相信这一边。""}"
main,mycoplasma_pneumonia,low_feedback,main_baseline_neutral,none,positive,negative,207,1,True,,positive,positive,positive,support_positive,positive,报道1和评论中提到的医院应对措施和常规恢复路径更具体，让我觉得整体情况相对可控。,,0.0,0,0,0,0,"{""final_choice"":""report_1"",""credible_choice"":""report_1"",""share_choice"":""report_1"",""comment_choice"":""support_report_1"",""like_choice"":""report_1"",""reason"":""报道1和评论中提到的医院应对措施和常规恢复路径更具体，让我觉得整体情况相对可控。""}"
main,mycoplasma_pneumonia,low_feedback,main_baseline_neutral,none,negative,positive,208,1,True,,negative,negative,negative,support_negative,negative,报道1中更具体、更连贯的风险线索(如咳嗽拖久、复诊增加、家庭负担上升)与评论中提到的'恢复过程需要继续观察'形成了相互印证。,,1.0,1,1,1,4,"{""final_choice"":""report_1"",""credible_choice"":""report_1"",""share_choice"":""report_1"",""comment_choice"":""support_report_1"",""like_choice"":""report_1"",""reason"":""报道1中更具体、更连贯的风险线索(如咳嗽拖久、复诊增加、家庭负担上升)与评论中提到的'恢复过程需要继续观察'形成了相互印证。""}"
main,mycoplasma_pneumonia,low_feedback,main_baseline_neutral,none,positive,negative,209,1,True,,positive,positive,positive,support_positive,positive,报道1和评论中更具体地描述了规范治疗后的恢复过程和医院的应对措施，而报道2的风险线索相对笼统。,,0.0,0,0,0,0,"{""final_choice"":""report_1"",""credible_choice"":""report_1"",""share_choice"":""report_1"",""comment_choice"":""support_report_1"",""like_choice"":""report_1"",""reason"":""报道1和评论中更具体地描述了规范治疗后的恢复过程和医院的应对措施，而报道2的风险线索相对笼统。""}"
main,mycoplasma_pneumonia,low_feedback,main_baseline_neutral,none,negative,positive,210,1,True,,positive,positive,positive,support_positive,positive,报道2和评论中提到的分诊、延时门诊等具体应对措施，以及大多数孩子在规范治疗后逐步恢复的线索，让我更倾向于相信这一边。,,0.0,0,0,0,0,"{""final_choice"":""report_2"",""credible_choice"":""report_2"",""share_choice"":""report_2"",""comment_choice"":""support_report_2"",""like_choice"":""report_2"",""reason"":""报道2和评论中提到的分诊、延时门诊等具体应对措施，以及大多数孩子在规范治疗后逐步恢复的线索，让我更倾向于相信这一边。""}"
main,mycoplasma_pneumonia,low_feedback,main_baseline_neutral,none,positive,negative,211,1,True,,positive,positive,positive,support_positive,positive,报道1和评论中提到的规范治疗后恢复较快、医院应对措施更具体，让我更倾向于这一边。,,0.0,0,0,0,0,"{""final_choice"":""report_1"",""credible_choice"":""report_1"",""share_choice"":""report_1"",""comment_choice"":""support_report_1"",""like_choice"":""report_1"",""reason"":""报道1和评论中提到的规范治疗后恢复较快、医院应对措施更具体，让我更倾向于这一边。""}"
main,mycoplasma_pneumonia,low_feedback,main_baseline_neutral,none,negative,positive,212,1,True,,positive,positive,positive,support_positive,positive,报道2和评论中的具体应对措施(如分诊、延时门诊)和多数病例的恢复情况(几天到一两周)比报道1的模糊风险描述更有说服力。,,0.0,0,0,0,0,"{""final_choice"":""report_2"",""credible_choice"":""report_2"",""share_choice"":""report_2"",""comment_choice"":""support_report_2"",""like_choice"":""report_2"",""reason"":""报道2和评论中的具体应对措施(如分诊、延时门诊)和多数病例的恢复情况(几天到一两周)比报道1的模糊风险描述更有说服力。""}"
main,mycoplasma_pneumonia,low_feedback,main_baseline_neutral,none,positive,negative,213,1,True,,positive,positive,positive,support_positive,positive,报道1和评论中关于大多数孩子可预期恢复、医院已采取措施缓解压力的具体线索更充分。,,0.0,0,0,0,0,"{""final_choice"":""report_1"",""credible_choice"":""report_1"",""share_choice"":""report_1"",""comment_choice"":""support_report_1"",""like_choice"":""report_1"",""reason"":""报道1和评论中关于大多数孩子可预期恢复、医院已采取措施缓解压力的具体线索更充分。""}"
main,mycoplasma_pneumonia,low_feedback,main_baseline_neutral,none,negative,positive,214,1,True,,negative,negative,negative,support_negative,negative,报道1和评论中更具体地描述了恢复慢、复诊增加和家庭负担上升的持续风险线索，这些具体经历让我更关注长期影响。,,1.0,1,1,1,4,"{""final_choice"":""report_1"",""credible_choice"":""report_1"",""share_choice"":""report_1"",""comment_choice"":""support_report_1"",""like_choice"":""report_1"",""reason"":""报道1和评论中更具体地描述了恢复慢、复诊增加和家庭负担上升的持续风险线索，这些具体经历让我更关注长期影响。""}"
main,mycoplasma_pneumonia,low_feedback,main_baseline_neutral,none,positive,negative,215,1,True,,positive,positive,positive,support_positive,positive,报道1中提到的医院应对措施和恢复过程的具体性，加上评论中提到的多数病例按医嘱治疗后逐步恢复的线索，让我更倾向于相信这一边。,,0.0,0,0,0,0,"{""final_choice"":""report_1"",""credible_choice"":""report_1"",""share_choice"":""report_1"",""comment_choice"":""support_report_1"",""like_choice"":""report_1"",""reason"":""报道1中提到的医院应对措施和恢复过程的具体性，加上评论中提到的多数病例按医嘱治疗后逐步恢复的线索，让我更倾向于相信这一边。""}"
main,mycoplasma_pneumonia,low_feedback,main_baseline_neutral,none,negative,positive,216,1,True,,negative,negative,negative,support_negative,negative,报道1中关于咳嗽拖长、复诊增加和家庭负担上升的具体描述与评论中恢复节奏差异大的观察相互印证，让我更关注持续影响的风险。,,1.0,1,1,1,4,"{""final_choice"":""report_1"",""credible_choice"":""report_1"",""share_choice"":""report_1"",""comment_choice"":""support_report_1"",""like_choice"":""report_1"",""reason"":""报道1中关于咳嗽拖长、复诊增加和家庭负担上升的具体描述与评论中恢复节奏差异大的观察相互印证，让我更关注持续影响的风险。""}"
main,mycoplasma_pneumonia,low_feedback,main_baseline_neutral,none,positive,negative,217,1,True,,positive,positive,positive,support_positive,positive,报道1提到医院通过分诊、延时门诊等应对措施缓解压力，且大多数孩子能在规范治疗后几天到一两周内恢复，这与评论1和评论4的描述更为一致。,,0.0,0,0,0,0,"{""final_choice"":""report_1"",""credible_choice"":""report_1"",""share_choice"":""report_1"",""comment_choice"":""support_report_1"",""like_choice"":""report_1"",""reason"":""报道1提到医院通过分诊、延时门诊等应对措施缓解压力，且大多数孩子能在规范治疗后几天到一两周内恢复，这与评论1和评论4的描述更为一致。""}"
main,mycoplasma_pneumonia,low_feedback,main_baseline_neutral,none,negative,positive,218,1,True,,negative,negative,negative,support_negative,negative,报道1中关于病程拖长、复诊增加和家庭负担的具体描述与评论1和评论4中个别恢复慢的情况相互印证，让我更关注这些持续风险线索。,,1.0,1,1,1,4,"{""final_choice"":""report_1"",""credible_choice"":""report_1"",""share_choice"":""report_1"",""comment_choice"":""support_report_1"",""like_choice"":""report_1"",""reason"":""报道1中关于病程拖长、复诊增加和家庭负担的具体描述与评论1和评论4中个别恢复慢的情况相互印证，让我更关注这些持续风险线索。""}"
main,mycoplasma_pneumonia,low_feedback,main_baseline_neutral,none,positive,negative,219,1,True,,negative,negative,negative,support_negative,negative,报道2和评论中更具体地描述了恢复慢、复诊增加和家庭负担上升的风险线索，这些具体性更强的描述让我更倾向于这一边。,,1.0,1,1,1,4,"{""final_choice"":""report_2"",""credible_choice"":""report_2"",""share_choice"":""report_2"",""comment_choice"":""support_report_2"",""like_choice"":""report_2"",""reason"":""报道2和评论中更具体地描述了恢复慢、复诊增加和家庭负担上升的风险线索，这些具体性更强的描述让我更倾向于这一边。""}"
main,mycoplasma_pneumonia,low_feedback,main_baseline_neutral,none,negative,positive,220,1,True,,negative,negative,negative,support_negative,negative,报道1中提到的病程拖长、复诊次数增加和家庭照护负担上升的具体线索，与评论中提到的恢复需要继续观察、不同孩子恢复节奏差异大的情况相互印证，让我更倾向于相信这边的叙事。,,1.0,1,1,1,4,"{""final_choice"":""report_1"",""credible_choice"":""report_1"",""share_choice"":""report_1"",""comment_choice"":""support_report_1"",""like_choice"":""report_1"",""reason"":""报道1中提到的病程拖长、复诊次数增加和家庭照护负担上升的具体线索，与评论中提到的恢复需要继续观察、不同孩子恢复节奏差异大的情况相互印证，让我更倾向于相信这边的叙事。""}"
main,mycoplasma_pneumonia,low_feedback,main_baseline_neutral,none,positive,negative,221,1,True,,positive,positive,positive,support_positive,positive,报道1和评论中提到的大多数孩子在几天到一两周内恢复，以及医院已采取分诊、延时门诊等应对措施，这些具体线索让我更倾向于相信整体情况相对可控。,,0.0,0,0,0,0,"{""final_choice"":""report_1"",""credible_choice"":""report_1"",""share_choice"":""report_1"",""comment_choice"":""support_report_1"",""like_choice"":""report_1"",""reason"":""报道1和评论中提到的大多数孩子在几天到一两周内恢复，以及医院已采取分诊、延时门诊等应对措施，这些具体线索让我更倾向于相信整体情况相对可控。""}"
main,mycoplasma_pneumonia,low_feedback,main_baseline_neutral,none,negative,positive,222,1,True,,negative,negative,negative,support_negative,negative,报道1中提到的病程拖长、复诊次数增加和夜间咳嗽反复等具体现象与评论4中描述的门诊忙碌和家庭关注度提高相互印证，让我更倾向于这一边。,,1.0,1,1,1,4,"{""final_choice"":""report_1"",""credible_choice"":""report_1"",""share_choice"":""report_1"",""comment_choice"":""support_report_1"",""like_choice"":""report_1"",""reason"":""报道1中提到的病程拖长、复诊次数增加和夜间咳嗽反复等具体现象与评论4中描述的门诊忙碌和家庭关注度提高相互印证，让我更倾向于这一边。""}"
main,mycoplasma_pneumonia,low_feedback,main_baseline_neutral,none,positive,negative,223,1,True,,positive,positive,positive,support_positive,positive,报道1中提到的规范治疗后大多在几天到一两周内恢复的具体时间线索，加上评论1和评论3中对恢复节奏差异的描述，让我更倾向于相信大多数病例是可控的。,,0.0,0,0,0,0,"{""final_choice"":""report_1"",""credible_choice"":""report_1"",""share_choice"":""report_1"",""comment_choice"":""support_report_1"",""like_choice"":""report_1"",""reason"":""报道1中提到的规范治疗后大多在几天到一两周内恢复的具体时间线索，加上评论1和评论3中对恢复节奏差异的描述，让我更倾向于相信大多数病例是可控的。""}"
main,mycoplasma_pneumonia,low_feedback,main_baseline_neutral,none,negative,positive,224,1,True,,negative,negative,negative,support_negative,negative,报道1中关于咳嗽拖久、复诊增加和家庭负担上升的具体描述与评论中恢复观察的提醒更一致，形成了更具体的风险线索。,,1.0,1,1,1,4,"{""final_choice"":""report_1"",""credible_choice"":""report_1"",""share_choice"":""report_1"",""comment_choice"":""support_report_1"",""like_choice"":""report_1"",""reason"":""报道1中关于咳嗽拖久、复诊增加和家庭负担上升的具体描述与评论中恢复观察的提醒更一致，形成了更具体的风险线索。""}"
main,mycoplasma_pneumonia,low_feedback,main_baseline_neutral,none,positive,negative,225,1,True,,positive,positive,positive,support_positive,positive,报道1和评论中都提到大多数孩子治疗后会逐步恢复，医院已有应对措施，这些具体线索比报道2中更模糊的'持续影响更强'描述更有说服力。,,0.0,0,0,0,0,"{""final_choice"":""report_1"",""credible_choice"":""report_1"",""share_choice"":""report_1"",""comment_choice"":""support_report_1"",""like_choice"":""report_1"",""reason"":""报道1和评论中都提到大多数孩子治疗后会逐步恢复，医院已有应对措施，这些具体线索比报道2中更模糊的'持续影响更强'描述更有说服力。""}"
main,mycoplasma_pneumonia,low_feedback,main_baseline_neutral,none,negative,positive,226,1,True,,negative,negative,negative,support_negative,negative,报道1中更具体描述的恢复慢、复诊增加和夜间反复咳嗽等连续性线索，与评论1和评论3中提到的恢复观察需求相互印证，让我更倾向于相信这一边。,,1.0,1,1,1,4,"{""final_choice"":""report_1"",""credible_choice"":""report_1"",""share_choice"":""report_1"",""comment_choice"":""support_report_1"",""like_choice"":""report_1"",""reason"":""报道1中更具体描述的恢复慢、复诊增加和夜间反复咳嗽等连续性线索，与评论1和评论3中提到的恢复观察需求相互印证，让我更倾向于相信这一边。""}"
main,mycoplasma_pneumonia,low_feedback,main_baseline_neutral,none,positive,negative,227,1,True,,positive,positive,positive,support_positive,positive,报道1和评论都提到了医院通过分诊、延时门诊等具体应对措施，以及大多数孩子按医嘱治疗后几天到一两周内恢复的明确线索，这些具体措施和恢复时间表让我更倾向于相信情况是可控的。,,0.0,0,0,0,0,"{""final_choice"":""report_1"",""credible_choice"":""report_1"",""share_choice"":""report_1"",""comment_choice"":""support_report_1"",""like_choice"":""report_1"",""reason"":""报道1和评论都提到了医院通过分诊、延时门诊等具体应对措施，以及大多数孩子按医嘱治疗后几天到一两周内恢复的明确线索，这些具体措施和恢复时间表让我更倾向于相信情况是可控的。""}"
main,mycoplasma_pneumonia,low_feedback,main_baseline_neutral,none,negative,positive,228,1,True,,negative,negative,negative,support_negative,negative,报道1中的持续咳嗽、复诊增加和家庭负担等具体风险线索更充分，且与评论3和4中提到的'恢复慢需要关注'相互印证。,,1.0,1,1,1,4,"{""final_choice"":""report_1"",""credible_choice"":""report_1"",""share_choice"":""report_1"",""comment_choice"":""support_report_1"",""like_choice"":""report_1"",""reason"":""报道1中的持续咳嗽、复诊增加和家庭负担等具体风险线索更充分，且与评论3和4中提到的'恢复慢需要关注'相互印证。""}"
main,mycoplasma_pneumonia,low_feedback,main_baseline_neutral,none,positive,negative,229,1,True,,negative,negative,negative,support_negative,negative,报道2和可见评论中更具体描述了恢复慢、复诊增加和家庭负担上升等持续影响，这些细节让我更倾向于认为风险可能被低估。,,1.0,1,1,1,4,"{""final_choice"":""report_2"",""credible_choice"":""report_2"",""share_choice"":""report_2"",""comment_choice"":""support_report_2"",""like_choice"":""report_2"",""reason"":""报道2和可见评论中更具体描述了恢复慢、复诊增加和家庭负担上升等持续影响，这些细节让我更倾向于认为风险可能被低估。""}"
main,mycoplasma_pneumonia,low_feedback,main_baseline_neutral,none,negative,positive,230,1,True,,negative,negative,negative,support_negative,negative,报道1中反复提到的恢复慢、复诊次数增加和家庭照护负担上升等具体风险线索，与评论3和评论4中提及的恢复过程需继续观察和个别恢复慢的情况相互印证，形成更具体的风险提示。,,1.0,1,1,1,4,"{""final_choice"":""report_1"",""credible_choice"":""report_1"",""share_choice"":""report_1"",""comment_choice"":""support_report_1"",""like_choice"":""report_1"",""reason"":""报道1中反复提到的恢复慢、复诊次数增加和家庭照护负担上升等具体风险线索，与评论3和评论4中提及的恢复过程需继续观察和个别恢复慢的情况相互印证，形成更具体的风险提示。""}"
main,mycoplasma_pneumonia,low_feedback,main_baseline_neutral,none,positive,negative,231,1,True,,positive,positive,positive,support_positive,positive,报道1和评论中提到的具体恢复路径、医院应对措施以及多数病例可预期改善的描述更连贯一致。,,0.0,0,0,0,0,"{""final_choice"":""report_1"",""credible_choice"":""report_1"",""share_choice"":""report_1"",""comment_choice"":""support_report_1"",""like_choice"":""report_1"",""reason"":""报道1和评论中提到的具体恢复路径、医院应对措施以及多数病例可预期改善的描述更连贯一致。""}"
main,mycoplasma_pneumonia,low_feedback,main_baseline_neutral,none,negative,positive,232,1,True,,negative,negative,negative,support_negative,negative,报道1更具体地描述了门诊拥挤、夜间咳嗽反复和恢复慢等实际压力，与评论中提到的'恢复过程需要继续观察'形成呼应，这些具体线索让我更相信当前医疗压力确实存在。,,1.0,1,1,1,4,"{""final_choice"":""report_1"",""credible_choice"":""report_1"",""share_choice"":""report_1"",""comment_choice"":""support_report_1"",""like_choice"":""report_1"",""reason"":""报道1更具体地描述了门诊拥挤、夜间咳嗽反复和恢复慢等实际压力，与评论中提到的'恢复过程需要继续观察'形成呼应，这些具体线索让我更相信当前医疗压力确实存在。""}"
main,mycoplasma_pneumonia,low_feedback,main_baseline_neutral,none,positive,negative,233,1,True,,positive,positive,positive,support_positive,positive,报道1中提到大多数孩子在规范治疗后几天到一两周内恢复，且医院已采取分诊、延时门诊等具体应对措施，这些具体线索与评论中提到的'逐步恢复'和'分诊、延时门诊'相互印证，让我更倾向于相信这一边。,,0.0,0,0,0,0,"{""final_choice"":""report_1"",""credible_choice"":""report_1"",""share_choice"":""report_1"",""comment_choice"":""support_report_1"",""like_choice"":""report_1"",""reason"":""报道1中提到大多数孩子在规范治疗后几天到一两周内恢复，且医院已采取分诊、延时门诊等具体应对措施，这些具体线索与评论中提到的'逐步恢复'和'分诊、延时门诊'相互印证，让我更倾向于相信这一边。""}"
main,mycoplasma_pneumonia,low_feedback,main_baseline_neutral,none,negative,positive,234,1,True,,negative,negative,negative,support_negative,negative,报道1中关于恢复慢、复诊次数增加和夜间咳嗽反复的描述更具体，与评论1和评论4中的观察相呼应。,,1.0,1,1,1,4,"{""final_choice"":""report_1"",""credible_choice"":""report_1"",""share_choice"":""report_1"",""comment_choice"":""support_report_1"",""like_choice"":""report_1"",""reason"":""报道1中关于恢复慢、复诊次数增加和夜间咳嗽反复的描述更具体，与评论1和评论4中的观察相呼应。""}"
main,mycoplasma_pneumonia,low_feedback,main_baseline_neutral,none,positive,negative,235,1,True,,positive,positive,positive,support_positive,positive,报道1和评论中提到的具体应对措施和恢复节奏差异，比报道2的笼统风险描述更符合我此刻看到的具体线索。,,0.0,0,0,0,0,"{""final_choice"":""report_1"",""credible_choice"":""report_1"",""share_choice"":""report_1"",""comment_choice"":""support_report_1"",""like_choice"":""report_1"",""reason"":""报道1和评论中提到的具体应对措施和恢复节奏差异，比报道2的笼统风险描述更符合我此刻看到的具体线索。""}"
main,mycoplasma_pneumonia,low_feedback,main_baseline_neutral,none,negative,positive,236,1,True,,negative,negative,negative,support_negative,negative,报道1中关于病程拖长、复诊增加和家庭负担的具体描述与评论1、4中的关注点更吻合。,,1.0,1,1,1,4,"{""final_choice"":""report_1"",""credible_choice"":""report_1"",""share_choice"":""report_1"",""comment_choice"":""support_report_1"",""like_choice"":""report_1"",""reason"":""报道1中关于病程拖长、复诊增加和家庭负担的具体描述与评论1、4中的关注点更吻合。""}"
main,mycoplasma_pneumonia,low_feedback,main_baseline_neutral,none,positive,negative,237,1,True,,positive,positive,positive,support_positive,positive,报道1中提到的医院应对措施和大多数孩子的恢复情况，与评论1和评论3的内容更具体地相互印证，让我更倾向于相信医疗系统有能力应对当前压力。,,0.0,0,0,0,0,"{""final_choice"":""report_1"",""credible_choice"":""report_1"",""share_choice"":""report_1"",""comment_choice"":""support_report_1"",""like_choice"":""report_1"",""reason"":""报道1中提到的医院应对措施和大多数孩子的恢复情况，与评论1和评论3的内容更具体地相互印证，让我更倾向于相信医疗系统有能力应对当前压力。""}"
main,mycoplasma_pneumonia,low_feedback,main_baseline_neutral,none,negative,positive,238,1,True,,negative,negative,negative,support_negative,negative,报道1中关于病程拖长、复诊次数增加和家庭负担上升的具体线索更为连贯，且与评论中提到的恢复节奏差异和持续观察需求相互印证。,,1.0,1,1,1,4,"{""final_choice"":""report_1"",""credible_choice"":""report_1"",""share_choice"":""report_1"",""comment_choice"":""support_report_1"",""like_choice"":""report_1"",""reason"":""报道1中关于病程拖长、复诊次数增加和家庭负担上升的具体线索更为连贯，且与评论中提到的恢复节奏差异和持续观察需求相互印证。""}"
main,mycoplasma_pneumonia,low_feedback,main_baseline_neutral,none,positive,negative,239,1,True,,negative,negative,negative,support_negative,negative,报道2和评论中关于病程拖长、复诊增加和夜间咳嗽反复的具体描述更连贯，让我更倾向于认为风险可能比表面看起来更强。,,1.0,1,1,1,4,"{""final_choice"":""report_2"",""credible_choice"":""report_2"",""share_choice"":""report_2"",""comment_choice"":""support_report_2"",""like_choice"":""report_2"",""reason"":""报道2和评论中关于病程拖长、复诊增加和夜间咳嗽反复的具体描述更连贯，让我更倾向于认为风险可能比表面看起来更强。""}"
main,mycoplasma_pneumonia,low_feedback,main_baseline_neutral,none,negative,positive,240,1,True,,negative,negative,negative,support_negative,negative,报道1中更具体描述了恢复慢、复诊增加等实际负担，而评论1和评论3也提到恢复节奏差异和需要继续观察，这些具体线索让我更倾向于相信风险累积的叙事。,,1.0,1,1,1,4,"{""final_choice"":""report_1"",""credible_choice"":""report_1"",""share_choice"":""report_1"",""comment_choice"":""support_report_1"",""like_choice"":""report_1"",""reason"":""报道1中更具体描述了恢复慢、复诊增加等实际负担，而评论1和评论3也提到恢复节奏差异和需要继续观察，这些具体线索让我更倾向于相信风险累积的叙事。""}"
main,mycoplasma_pneumonia,low_feedback,main_baseline_neutral,none,positive,negative,241,1,True,,positive,positive,positive,support_positive,positive,报道1和评论中更具体地描述了大多数孩子按医嘱治疗后可在几天到一两周内恢复，医院已采取措施缓解压力，这些细节让我更相信整体情况可控。,,0.0,0,0,0,0,"{""final_choice"":""report_1"",""credible_choice"":""report_1"",""share_choice"":""report_1"",""comment_choice"":""support_report_1"",""like_choice"":""report_1"",""reason"":""报道1和评论中更具体地描述了大多数孩子按医嘱治疗后可在几天到一两周内恢复，医院已采取措施缓解压力，这些细节让我更相信整体情况可控。""}"
main,mycoplasma_pneumonia,low_feedback,main_baseline_neutral,none,negative,positive,242,1,True,,negative,negative,negative,support_negative,negative,报道1中关于病程拖长、复诊次数增加和家庭照护负担上升的具体描述，与评论中提到的'需要继续观察'和'恢复节奏差异不小'的线索相互印证，让我更关注实际压力累积问题。,,1.0,1,1,1,4,"{""final_choice"":""report_1"",""credible_choice"":""report_1"",""share_choice"":""report_1"",""comment_choice"":""support_report_1"",""like_choice"":""report_1"",""reason"":""报道1中关于病程拖长、复诊次数增加和家庭照护负担上升的具体描述，与评论中提到的'需要继续观察'和'恢复节奏差异不小'的线索相互印证，让我更关注实际压力累积问题。""}"
main,mycoplasma_pneumonia,low_feedback,main_baseline_neutral,none,positive,negative,243,1,True,,positive,positive,positive,support_positive,positive,报道1和评论里提到的规范治疗、逐步恢复和医院应对措施更具体，且与评论中家长反馈的复查建议一致。,,0.0,0,0,0,0,"{""final_choice"":""report_1"",""credible_choice"":""report_1"",""share_choice"":""report_1"",""comment_choice"":""support_report_1"",""like_choice"":""report_1"",""reason"":""报道1和评论里提到的规范治疗、逐步恢复和医院应对措施更具体，且与评论中家长反馈的复查建议一致。""}"
main,mycoplasma_pneumonia,low_feedback,main_baseline_neutral,none,negative,positive,244,1,True,,negative,negative,negative,support_negative,negative,报道1中关于咳嗽拖久、复诊增加和家庭负担的描述更具体，评论也提到了恢复需要继续观察，这些更具体的风险线索让我更倾向于这一边。,,1.0,1,1,1,4,"{""final_choice"":""report_1"",""credible_choice"":""report_1"",""share_choice"":""report_1"",""comment_choice"":""support_report_1"",""like_choice"":""report_1"",""reason"":""报道1中关于咳嗽拖久、复诊增加和家庭负担的描述更具体，评论也提到了恢复需要继续观察，这些更具体的风险线索让我更倾向于这一边。""}"
main,mycoplasma_pneumonia,low_feedback,main_baseline_neutral,none,positive,negative,245,1,True,,positive,positive,positive,support_positive,positive,报道1中提到的具体应对措施和恢复节奏差异，与评论1、3、4中的观察相互印证，形成更连贯的叙事线索。,,0.0,0,0,0,0,"{""final_choice"":""report_1"",""credible_choice"":""report_1"",""share_choice"":""report_1"",""comment_choice"":""support_report_1"",""like_choice"":""report_1"",""reason"":""报道1中提到的具体应对措施和恢复节奏差异，与评论1、3、4中的观察相互印证，形成更连贯的叙事线索。""}"
main,mycoplasma_pneumonia,low_feedback,main_baseline_neutral,none,negative,positive,246,1,True,,negative,negative,negative,support_negative,negative,报道1中关于咳嗽拖得更久、复诊次数增加和家庭照护负担上升的具体描述，与评论2中提到的需要继续观察精神状态、发热变化和咳嗽缓解情况的建议更为一致。,,1.0,1,1,1,4,"{""final_choice"":""report_1"",""credible_choice"":""report_1"",""share_choice"":""report_1"",""comment_choice"":""support_report_1"",""like_choice"":""report_1"",""reason"":""报道1中关于咳嗽拖得更久、复诊次数增加和家庭照护负担上升的具体描述，与评论2中提到的需要继续观察精神状态、发热变化和咳嗽缓解情况的建议更为一致。""}"
main,mycoplasma_pneumonia,low_feedback,main_baseline_neutral,none,positive,negative,247,1,True,,positive,positive,positive,support_positive,positive,报道1中提到的医院应对措施和大多数孩子恢复的具体时间范围，加上评论中医生对常规处理的肯定，让我更相信整体可控。,,0.0,0,0,0,0,"{""final_choice"":""report_1"",""credible_choice"":""report_1"",""share_choice"":""report_1"",""comment_choice"":""support_report_1"",""like_choice"":""report_1"",""reason"":""报道1中提到的医院应对措施和大多数孩子恢复的具体时间范围，加上评论中医生对常规处理的肯定，让我更相信整体可控。""}"
main,mycoplasma_pneumonia,low_feedback,main_baseline_neutral,none,negative,positive,248,1,True,,negative,negative,negative,support_negative,negative,报道1中关于病程拖长、复诊增加和夜间咳嗽反复的具体线索更连贯，与评论中家长需要持续观察的担忧相呼应。,,1.0,1,1,1,4,"{""final_choice"":""report_1"",""credible_choice"":""report_1"",""share_choice"":""report_1"",""comment_choice"":""support_report_1"",""like_choice"":""report_1"",""reason"":""报道1中关于病程拖长、复诊增加和夜间咳嗽反复的具体线索更连贯，与评论中家长需要持续观察的担忧相呼应。""}"
main,mycoplasma_pneumonia,low_feedback,main_baseline_neutral,none,positive,negative,249,1,True,,positive,positive,positive,support_positive,positive,报道1和可见评论中更具体、更连贯的恢复线索和应对措施，让我此刻更倾向于相信整体情况相对可控。,,0.0,0,0,0,0,"{""final_choice"":""report_1"",""credible_choice"":""report_1"",""share_choice"":""report_1"",""comment_choice"":""support_report_1"",""like_choice"":""report_1"",""reason"":""报道1和可见评论中更具体、更连贯的恢复线索和应对措施，让我此刻更倾向于相信整体情况相对可控。""}"
main,mycoplasma_pneumonia,low_feedback,main_baseline_neutral,none,negative,positive,250,1,True,,negative,negative,negative,support_negative,negative,报道1和评论中提到的恢复慢、复诊次数增加和夜间咳嗽反复等具体风险线索比报道2中的一般性恢复描述更让我感到担忧。,,1.0,1,1,1,4,"{""final_choice"":""report_1"",""credible_choice"":""report_1"",""share_choice"":""report_1"",""comment_choice"":""support_report_1"",""like_choice"":""report_1"",""reason"":""报道1和评论中提到的恢复慢、复诊次数增加和夜间咳嗽反复等具体风险线索比报道2中的一般性恢复描述更让我感到担忧。""}"
main,mycoplasma_pneumonia,low_feedback,main_baseline_neutral,none,positive,negative,251,1,True,,positive,positive,positive,support_positive,positive,报道1和评论中提到的规范治疗后逐步恢复、医院应对措施更具体，让我认为整体情况相对可控。,,0.0,0,0,0,0,"{""final_choice"":""report_1"",""credible_choice"":""report_1"",""share_choice"":""report_1"",""comment_choice"":""support_report_1"",""like_choice"":""report_1"",""reason"":""报道1和评论中提到的规范治疗后逐步恢复、医院应对措施更具体，让我认为整体情况相对可控。""}"
main,mycoplasma_pneumonia,low_feedback,main_baseline_neutral,none,negative,positive,252,1,True,,negative,negative,negative,support_negative,negative,报道1中关于病程拖长、复诊增加和家庭负担的具体描述与评论里提到'恢复过程需要继续观察'和'不同孩子咳嗽缓解节奏差异不小'相互印证，让我更倾向于这一边。,,1.0,1,1,1,4,"{""final_choice"":""report_1"",""credible_choice"":""report_1"",""share_choice"":""report_1"",""comment_choice"":""support_report_1"",""like_choice"":""report_1"",""reason"":""报道1中关于病程拖长、复诊增加和家庭负担的具体描述与评论里提到'恢复过程需要继续观察'和'不同孩子咳嗽缓解节奏差异不小'相互印证，让我更倾向于这一边。""}"
main,mycoplasma_pneumonia,low_feedback,main_baseline_neutral,none,positive,negative,253,1,True,,positive,positive,positive,support_positive,positive,报道1和评论中提到的分诊、延时门诊等具体应对措施，以及多数孩子几天到一两周内逐步恢复的更具体线索，让我更倾向于相信这一边。,,0.0,0,0,0,0,"{""final_choice"":""report_1"",""credible_choice"":""report_1"",""share_choice"":""report_1"",""comment_choice"":""support_report_1"",""like_choice"":""report_1"",""reason"":""报道1和评论中提到的分诊、延时门诊等具体应对措施，以及多数孩子几天到一两周内逐步恢复的更具体线索，让我更倾向于相信这一边。""}"
main,mycoplasma_pneumonia,low_feedback,main_baseline_neutral,none,negative,positive,254,1,True,,negative,negative,negative,support_negative,negative,报道1中提到的'咳嗽拖得更久、复诊次数增加、家庭照护负担上升'等具体风险线索，与评论1和评论3中提到的'恢复过程需要继续观察'和'个别恢复慢的情况需要关注'相互印证，形成了更具体的风险图景。,,1.0,1,1,1,4,"{""final_choice"":""report_1"",""credible_choice"":""report_1"",""share_choice"":""report_1"",""comment_choice"":""support_report_1"",""like_choice"":""report_1"",""reason"":""报道1中提到的'咳嗽拖得更久、复诊次数增加、家庭照护负担上升'等具体风险线索，与评论1和评论3中提到的'恢复过程需要继续观察'和'个别恢复慢的情况需要关注'相互印证，形成了更具体的风险图景。""}"
main,mycoplasma_pneumonia,low_feedback,main_baseline_neutral,none,positive,negative,255,1,True,,positive,positive,positive,support_positive,positive,报道1和评论中提到的规范治疗、分诊措施以及大多数孩子在一两周内恢复的具体线索，让我更倾向于认为大多数病例是可控的。,,0.0,0,0,0,0,"{""final_choice"":""report_1"",""credible_choice"":""report_1"",""share_choice"":""report_1"",""comment_choice"":""support_report_1"",""like_choice"":""report_1"",""reason"":""报道1和评论中提到的规范治疗、分诊措施以及大多数孩子在一两周内恢复的具体线索，让我更倾向于认为大多数病例是可控的。""}"
main,mycoplasma_pneumonia,low_feedback,main_baseline_neutral,none,negative,positive,256,1,True,,negative,negative,negative,support_negative,negative,报道1和评论中提到的咳嗽拖久、复诊增加、夜间反复等具体连续风险线索让我更倾向于相信恢复过程可能比预期更长。,,1.0,1,1,1,4,"{""final_choice"":""report_1"",""credible_choice"":""report_1"",""share_choice"":""report_1"",""comment_choice"":""support_report_1"",""like_choice"":""report_1"",""reason"":""报道1和评论中提到的咳嗽拖久、复诊增加、夜间反复等具体连续风险线索让我更倾向于相信恢复过程可能比预期更长。""}"
main,mycoplasma_pneumonia,low_feedback,main_baseline_neutral,none,positive,negative,257,1,True,,positive,positive,positive,support_positive,positive,报道1和评论中提到的分诊、延时门诊等具体应对措施，以及多数孩子在规范治疗后几天到一两周内恢复的连续线索，让我更倾向于认为医院有能力应对当前压力。,,0.0,0,0,0,0,"{""final_choice"":""report_1"",""credible_choice"":""report_1"",""share_choice"":""report_1"",""comment_choice"":""support_report_1"",""like_choice"":""report_1"",""reason"":""报道1和评论中提到的分诊、延时门诊等具体应对措施，以及多数孩子在规范治疗后几天到一两周内恢复的连续线索，让我更倾向于认为医院有能力应对当前压力。""}"
main,mycoplasma_pneumonia,low_feedback,main_baseline_neutral,none,negative,positive,258,1,True,,negative,negative,negative,support_negative,negative,报道1中反复出现的恢复慢、复诊次数增加和家庭照护负担上升等具体线索，与评论2和评论4中提到的需要继续观察和个别恢复慢的情况相互印证，形成了更具体的风险线索网络。,,1.0,1,1,1,4,"{""final_choice"":""report_1"",""credible_choice"":""report_1"",""share_choice"":""report_1"",""comment_choice"":""support_report_1"",""like_choice"":""report_1"",""reason"":""报道1中反复出现的恢复慢、复诊次数增加和家庭照护负担上升等具体线索，与评论2和评论4中提到的需要继续观察和个别恢复慢的情况相互印证，形成了更具体的风险线索网络。""}"
main,mycoplasma_pneumonia,low_feedback,main_baseline_neutral,none,positive,negative,259,1,True,,positive,positive,positive,support_positive,positive,报道1中关于规范治疗后几天到一两周内逐步恢复的描述与评论中提到的按医嘱治疗逐步恢复相互印证，形成了更具体、更连贯的恢复路径线索。,,0.0,0,0,0,0,"{""final_choice"":""report_1"",""credible_choice"":""report_1"",""share_choice"":""report_1"",""comment_choice"":""support_report_1"",""like_choice"":""report_1"",""reason"":""报道1中关于规范治疗后几天到一两周内逐步恢复的描述与评论中提到的按医嘱治疗逐步恢复相互印证，形成了更具体、更连贯的恢复路径线索。""}"
main,mycoplasma_pneumonia,low_feedback,main_baseline_neutral,none,negative,positive,260,1,True,,negative,negative,negative,support_negative,negative,报道1中提到的恢复慢、复诊次数增加和家庭照护负担上升等具体线索更贴近我看到的评论中家长们的担忧。,,1.0,1,1,1,4,"{""final_choice"":""report_1"",""credible_choice"":""report_1"",""share_choice"":""report_1"",""comment_choice"":""support_report_1"",""like_choice"":""report_1"",""reason"":""报道1中提到的恢复慢、复诊次数增加和家庭照护负担上升等具体线索更贴近我看到的评论中家长们的担忧。""}"
main,mycoplasma_pneumonia,low_feedback,main_baseline_neutral,none,positive,negative,261,1,True,,positive,positive,positive,support_positive,positive,报道1中提到的恢复时间更具体（几天到一两周），且与评论1和3中提到的按医嘱逐步恢复相互印证，更符合我的理解。,,0.0,0,0,0,0,"{""final_choice"":""report_1"",""credible_choice"":""report_1"",""share_choice"":""report_1"",""comment_choice"":""support_report_1"",""like_choice"":""report_1"",""reason"":""报道1中提到的恢复时间更具体（几天到一两周），且与评论1和3中提到的按医嘱逐步恢复相互印证，更符合我的理解。""}"
main,mycoplasma_pneumonia,low_feedback,main_baseline_neutral,none,negative,positive,262,1,True,,negative,negative,negative,support_negative,negative,报道1中关于病程拖长、复诊次数增加和家庭照护负担上升的具体线索，与评论中提到的'不同孩子咳嗽缓解和体力恢复的节奏差异不小'相互印证，让我更倾向于相信现实压力确实存在。,,1.0,1,1,1,4,"{""final_choice"":""report_1"",""credible_choice"":""report_1"",""share_choice"":""report_1"",""comment_choice"":""support_report_1"",""like_choice"":""report_1"",""reason"":""报道1中关于病程拖长、复诊次数增加和家庭照护负担上升的具体线索，与评论中提到的'不同孩子咳嗽缓解和体力恢复的节奏差异不小'相互印证，让我更倾向于相信现实压力确实存在。""}"
main,mycoplasma_pneumonia,low_feedback,main_baseline_neutral,none,positive,negative,263,1,True,,positive,positive,positive,support_positive,positive,报道1和评论中提供的医院应对措施、恢复时间框架和个体差异的具体描述更连贯一致，形成更完整的可控叙事。,,0.0,0,0,0,0,"{""final_choice"":""report_1"",""credible_choice"":""report_1"",""share_choice"":""report_1"",""comment_choice"":""support_report_1"",""like_choice"":""report_1"",""reason"":""报道1和评论中提供的医院应对措施、恢复时间框架和个体差异的具体描述更连贯一致，形成更完整的可控叙事。""}"
main,mycoplasma_pneumonia,low_feedback,main_baseline_neutral,none,negative,positive,264,1,True,,negative,negative,negative,support_negative,negative,报道1中关于病程拖长、复诊次数增加和家庭照护负担上升的具体描述更连贯，与评论4中提到的'恢复过程需要继续观察'相互印证，让我更倾向于相信这一边。,,1.0,1,1,1,4,"{""final_choice"":""report_1"",""credible_choice"":""report_1"",""share_choice"":""report_1"",""comment_choice"":""support_report_1"",""like_choice"":""report_1"",""reason"":""报道1中关于病程拖长、复诊次数增加和家庭照护负担上升的具体描述更连贯，与评论4中提到的'恢复过程需要继续观察'相互印证，让我更倾向于相信这一边。""}"
main,mycoplasma_pneumonia,low_feedback,main_baseline_neutral,none,positive,negative,265,1,True,,positive,positive,positive,support_positive,positive,报道1中提到的医院应对措施和大多数孩子在规范治疗后几天到一两周内恢复的具体时间线索，加上评论1和评论4中提到的分诊、延时门诊和按医嘱治疗后的逐步改善，让我更相信这一边。,,0.0,0,0,0,0,"{""final_choice"":""report_1"",""credible_choice"":""report_1"",""share_choice"":""report_1"",""comment_choice"":""support_report_1"",""like_choice"":""report_1"",""reason"":""报道1中提到的医院应对措施和大多数孩子在规范治疗后几天到一两周内恢复的具体时间线索，加上评论1和评论4中提到的分诊、延时门诊和按医嘱治疗后的逐步改善，让我更相信这一边。""}"
main,mycoplasma_pneumonia,low_feedback,main_baseline_neutral,none,negative,positive,266,1,True,,negative,negative,negative,support_negative,negative,报道1中更具体描述了咳嗽拖长、复诊增加和家庭负担上升的连续线索，与评论2和评论4中提到的'恢复需要继续观察'和'不同孩子咳嗽缓解节奏差异'相互印证。,,1.0,1,1,1,4,"{""final_choice"":""report_1"",""credible_choice"":""report_1"",""share_choice"":""report_1"",""comment_choice"":""support_report_1"",""like_choice"":""report_1"",""reason"":""报道1中更具体描述了咳嗽拖长、复诊增加和家庭负担上升的连续线索，与评论2和评论4中提到的'恢复需要继续观察'和'不同孩子咳嗽缓解节奏差异'相互印证。""}"
main,mycoplasma_pneumonia,low_feedback,main_baseline_neutral,none,positive,negative,267,1,True,,positive,positive,positive,support_positive,positive,报道1和评论中提到的医院应对措施和大多数孩子可预期恢复的线索更具体，让我更倾向于相信整体情况可控。,,0.0,0,0,0,0,"{""final_choice"":""report_1"",""credible_choice"":""report_1"",""share_choice"":""report_1"",""comment_choice"":""support_report_1"",""like_choice"":""report_1"",""reason"":""报道1和评论中提到的医院应对措施和大多数孩子可预期恢复的线索更具体，让我更倾向于相信整体情况可控。""}"
main,mycoplasma_pneumonia,low_feedback,main_baseline_neutral,none,negative,positive,268,1,True,,negative,negative,negative,support_negative,negative,报道1中反复出现的恢复慢、复诊次数增加、夜间咳嗽反复等具体线索在评论中得到了呼应，这些更具体的风险线索让我更倾向于相信这一边。,,1.0,1,1,1,4,"{""final_choice"":""report_1"",""credible_choice"":""report_1"",""share_choice"":""report_1"",""comment_choice"":""support_report_1"",""like_choice"":""report_1"",""reason"":""报道1中反复出现的恢复慢、复诊次数增加、夜间咳嗽反复等具体线索在评论中得到了呼应，这些更具体的风险线索让我更倾向于相信这一边。""}"
main,mycoplasma_pneumonia,low_feedback,main_baseline_neutral,none,positive,negative,269,1,True,,positive,positive,positive,support_positive,positive,报道1中提到了医院已采取分诊、延时门诊等具体应对措施，多数孩子治疗后几天到一两周内恢复，这些具体缓解线索让我更倾向于相信整体可控。,,0.0,0,0,0,0,"{""final_choice"":""report_1"",""credible_choice"":""report_1"",""share_choice"":""report_1"",""comment_choice"":""support_report_1"",""like_choice"":""report_1"",""reason"":""报道1中提到了医院已采取分诊、延时门诊等具体应对措施，多数孩子治疗后几天到一两周内恢复，这些具体缓解线索让我更倾向于相信整体可控。""}"
main,mycoplasma_pneumonia,low_feedback,main_baseline_neutral,none,negative,positive,270,1,True,,negative,negative,negative,support_negative,negative,报道1中更具体描述了恢复慢、复诊增加和夜间咳嗽反复等连续风险线索，与评论2提到需继续观察复查的情况相互印证。,,1.0,1,1,1,4,"{""final_choice"":""report_1"",""credible_choice"":""report_1"",""share_choice"":""report_1"",""comment_choice"":""support_report_1"",""like_choice"":""report_1"",""reason"":""报道1中更具体描述了恢复慢、复诊增加和夜间咳嗽反复等连续风险线索，与评论2提到需继续观察复查的情况相互印证。""}"
main,mycoplasma_pneumonia,low_feedback,main_baseline_neutral,none,positive,negative,271,1,True,,positive,positive,positive,support_positive,positive,报道1和评论中更具体地描述了大多数孩子按医嘱治疗后几天到一两周内恢复的情况，以及医院采取的分诊和延时门诊等实际应对措施，这些细节让我更倾向于相信整体恢复较快。,,0.0,0,0,0,0,"{""final_choice"":""report_1"",""credible_choice"":""report_1"",""share_choice"":""report_1"",""comment_choice"":""support_report_1"",""like_choice"":""report_1"",""reason"":""报道1和评论中更具体地描述了大多数孩子按医嘱治疗后几天到一两周内恢复的情况，以及医院采取的分诊和延时门诊等实际应对措施，这些细节让我更倾向于相信整体恢复较快。""}"
main,mycoplasma_pneumonia,low_feedback,main_baseline_neutral,none,negative,positive,272,1,True,,positive,positive,positive,support_positive,positive,报道2和评论中提到的医院应对措施与大多数可预期恢复的案例，比报道1中持续恢复慢的个案更符合当前可见线索。,,0.0,0,0,0,0,"{""final_choice"":""report_2"",""credible_choice"":""report_2"",""share_choice"":""report_2"",""comment_choice"":""support_report_2"",""like_choice"":""report_2"",""reason"":""报道2和评论中提到的医院应对措施与大多数可预期恢复的案例，比报道1中持续恢复慢的个案更符合当前可见线索。""}"
main,mycoplasma_pneumonia,low_feedback,main_baseline_neutral,none,positive,negative,273,1,True,,positive,positive,positive,support_positive,positive,报道1和评论中关于规范治疗和逐步恢复的具体线索更连贯，且医院已采取应对措施，让我更倾向于相信大多数情况是可控的。,,0.0,0,0,0,0,"{""final_choice"":""report_1"",""credible_choice"":""report_1"",""share_choice"":""report_1"",""comment_choice"":""support_report_1"",""like_choice"":""report_1"",""reason"":""报道1和评论中关于规范治疗和逐步恢复的具体线索更连贯，且医院已采取应对措施，让我更倾向于相信大多数情况是可控的。""}"
main,mycoplasma_pneumonia,low_feedback,main_baseline_neutral,none,negative,positive,274,1,True,,negative,negative,negative,support_negative,negative,报道1中关于咳嗽拖久、复诊次数增加和家庭负担上升的描述更具体连贯，与部分评论提到的恢复节奏差异和需要持续观察的情况相互印证。,,1.0,1,1,1,4,"{""final_choice"":""report_1"",""credible_choice"":""report_1"",""share_choice"":""report_1"",""comment_choice"":""support_report_1"",""like_choice"":""report_1"",""reason"":""报道1中关于咳嗽拖久、复诊次数增加和家庭负担上升的描述更具体连贯，与部分评论提到的恢复节奏差异和需要持续观察的情况相互印证。""}"
main,mycoplasma_pneumonia,low_feedback,main_baseline_neutral,none,positive,negative,275,1,True,,positive,positive,positive,support_positive,positive,报道1和评论中提到的医院应对措施和多数病例恢复节奏更具体连贯，让我更倾向于相信整体情况可控。,,0.0,0,0,0,0,"{""final_choice"":""report_1"",""credible_choice"":""report_1"",""share_choice"":""report_1"",""comment_choice"":""support_report_1"",""like_choice"":""report_1"",""reason"":""报道1和评论中提到的医院应对措施和多数病例恢复节奏更具体连贯，让我更倾向于相信整体情况可控。""}"
main,mycoplasma_pneumonia,low_feedback,main_baseline_neutral,none,negative,positive,276,1,True,,negative,negative,negative,support_negative,negative,报道1里反复提到的咳嗽拖长、复诊次数增加和夜间反复咳嗽等具体症状描述，比报道2的'大多数几天到一两周恢复'更贴近我看到的评论中家长的实际体验。,,1.0,1,1,1,4,"{""final_choice"":""report_1"",""credible_choice"":""report_1"",""share_choice"":""report_1"",""comment_choice"":""support_report_1"",""like_choice"":""report_1"",""reason"":""报道1里反复提到的咳嗽拖长、复诊次数增加和夜间反复咳嗽等具体症状描述，比报道2的'大多数几天到一两周恢复'更贴近我看到的评论中家长的实际体验。""}"
main,mycoplasma_pneumonia,low_feedback,main_baseline_neutral,none,positive,negative,277,1,True,,positive,positive,positive,support_positive,positive,报道1和评论中提到的医院应对措施与大多数孩子按预期恢复的线索更具体且相互印证。,,0.0,0,0,0,0,"{""final_choice"":""report_1"",""credible_choice"":""report_1"",""share_choice"":""report_1"",""comment_choice"":""support_report_1"",""like_choice"":""report_1"",""reason"":""报道1和评论中提到的医院应对措施与大多数孩子按预期恢复的线索更具体且相互印证。""}"
main,mycoplasma_pneumonia,low_feedback,main_baseline_neutral,none,negative,positive,278,1,True,,negative,negative,negative,support_negative,negative,报道1中的恢复慢、复诊次数增加和家庭照护负担上升等具体线索，与评论2中提到的恢复过程需要继续观察的观点相互印证，让我更关注这些更具体的持续风险。,,1.0,1,1,1,4,"{""final_choice"":""report_1"",""credible_choice"":""report_1"",""share_choice"":""report_1"",""comment_choice"":""support_report_1"",""like_choice"":""report_1"",""reason"":""报道1中的恢复慢、复诊次数增加和家庭照护负担上升等具体线索，与评论2中提到的恢复过程需要继续观察的观点相互印证，让我更关注这些更具体的持续风险。""}"
main,mycoplasma_pneumonia,low_feedback,main_baseline_neutral,none,positive,negative,279,1,True,,positive,positive,positive,support_positive,positive,报道1中关于大多数孩子几天到一两周内逐步恢复的具体描述，与评论中提到的'按医嘱治疗后逐步恢复'更一致，这些具体恢复线索让我更倾向于相信整体可控。,,0.0,0,0,0,0,"{""final_choice"":""report_1"",""credible_choice"":""report_1"",""share_choice"":""report_1"",""comment_choice"":""support_report_1"",""like_choice"":""report_1"",""reason"":""报道1中关于大多数孩子几天到一两周内逐步恢复的具体描述，与评论中提到的'按医嘱治疗后逐步恢复'更一致，这些具体恢复线索让我更倾向于相信整体可控。""}"
main,mycoplasma_pneumonia,low_feedback,main_baseline_neutral,none,negative,positive,280,1,True,,negative,negative,negative,support_negative,negative,报道1中关于病程拖长、复诊增加和夜间咳嗽反复的具体案例与评论1和评论4中提到的'恢复慢需要关注'的线索更一致。,,1.0,1,1,1,4,"{""final_choice"":""report_1"",""credible_choice"":""report_1"",""share_choice"":""report_1"",""comment_choice"":""support_report_1"",""like_choice"":""report_1"",""reason"":""报道1中关于病程拖长、复诊增加和夜间咳嗽反复的具体案例与评论1和评论4中提到的'恢复慢需要关注'的线索更一致。""}"
main,mycoplasma_pneumonia,low_feedback,main_baseline_neutral,none,positive,negative,281,1,True,,positive,positive,positive,support_positive,positive,报道1和评论中更具体地描述了大多数孩子按医嘱治疗后恢复较快，且医院已采取措施缓解压力，这些线索比报道2中描述的'恢复慢'更有说服力。,,0.0,0,0,0,0,"{""final_choice"":""report_1"",""credible_choice"":""report_1"",""share_choice"":""report_1"",""comment_choice"":""support_report_1"",""like_choice"":""report_1"",""reason"":""报道1和评论中更具体地描述了大多数孩子按医嘱治疗后恢复较快，且医院已采取措施缓解压力，这些线索比报道2中描述的'恢复慢'更有说服力。""}"
main,mycoplasma_pneumonia,low_feedback,main_baseline_neutral,none,negative,positive,282,1,True,,negative,negative,negative,support_negative,negative,报道1和评论中更具体地描述了恢复慢、复诊增加和夜间咳嗽反复等现实压力，这些多点风险线索让我更倾向于认为问题可能比表面更复杂。,,1.0,1,1,1,4,"{""final_choice"":""report_1"",""credible_choice"":""report_1"",""share_choice"":""report_1"",""comment_choice"":""support_report_1"",""like_choice"":""report_1"",""reason"":""报道1和评论中更具体地描述了恢复慢、复诊增加和夜间咳嗽反复等现实压力，这些多点风险线索让我更倾向于认为问题可能比表面更复杂。""}"
main,mycoplasma_pneumonia,low_feedback,main_baseline_neutral,none,positive,negative,283,1,True,,positive,positive,positive,support_positive,positive,报道1和可见评论中的恢复路径、医院应对措施和多数病例常规处理的线索更具体连贯，让我更愿意相信可控性。,,0.0,0,0,0,0,"{""final_choice"":""report_1"",""credible_choice"":""report_1"",""share_choice"":""report_1"",""comment_choice"":""support_report_1"",""like_choice"":""report_1"",""reason"":""报道1和可见评论中的恢复路径、医院应对措施和多数病例常规处理的线索更具体连贯，让我更愿意相信可控性。""}"
main,mycoplasma_pneumonia,low_feedback,main_baseline_neutral,none,negative,positive,284,1,True,,negative,negative,negative,support_negative,negative,报道1和评论中关于恢复慢、复诊次数增加和夜间咳嗽反复的具体线索更连续、更具体，让我更关注这些风险提醒。,,1.0,1,1,1,4,"{""final_choice"":""report_1"",""credible_choice"":""report_1"",""share_choice"":""report_1"",""comment_choice"":""support_report_1"",""like_choice"":""report_1"",""reason"":""报道1和评论中关于恢复慢、复诊次数增加和夜间咳嗽反复的具体线索更连续、更具体，让我更关注这些风险提醒。""}"
main,mycoplasma_pneumonia,low_feedback,main_baseline_neutral,none,positive,negative,285,1,True,,positive,positive,positive,support_positive,positive,报道1和评论中提到的分诊、延时门诊等具体应对措施，以及大多数孩子按医嘱治疗后逐步恢复的线索，让我更倾向于相信整体情况是可控的。,,0.0,0,0,0,0,"{""final_choice"":""report_1"",""credible_choice"":""report_1"",""share_choice"":""report_1"",""comment_choice"":""support_report_1"",""like_choice"":""report_1"",""reason"":""报道1和评论中提到的分诊、延时门诊等具体应对措施，以及大多数孩子按医嘱治疗后逐步恢复的线索，让我更倾向于相信整体情况是可控的。""}"
main,mycoplasma_pneumonia,low_feedback,main_baseline_neutral,none,negative,positive,286,1,True,,negative,negative,negative,support_negative,negative,报道1中提到的咳嗽拖久、复诊增加和家庭负担上升的具体描述，与评论里恢复慢、需要持续观察的线索更一致。,,1.0,1,1,1,4,"{""final_choice"":""report_1"",""credible_choice"":""report_1"",""share_choice"":""report_1"",""comment_choice"":""support_report_1"",""like_choice"":""report_1"",""reason"":""报道1中提到的咳嗽拖久、复诊增加和家庭负担上升的具体描述，与评论里恢复慢、需要持续观察的线索更一致。""}"
main,mycoplasma_pneumonia,low_feedback,main_baseline_neutral,none,positive,negative,287,1,True,,positive,positive,positive,support_positive,positive,报道1和评论都提供了更具体的医院应对措施和恢复路径，让我觉得整体情况虽然紧张但可控。,,0.0,0,0,0,0,"{""final_choice"":""report_1"",""credible_choice"":""report_1"",""share_choice"":""report_1"",""comment_choice"":""support_report_1"",""like_choice"":""report_1"",""reason"":""报道1和评论都提供了更具体的医院应对措施和恢复路径，让我觉得整体情况虽然紧张但可控。""}"
main,mycoplasma_pneumonia,low_feedback,main_baseline_neutral,none,negative,positive,288,1,True,,negative,negative,negative,support_negative,negative,报道1中关于病程拖长、复诊增加和家庭负担的具体描述，与评论中恢复节奏差异大、需要继续观察的线索形成了更连贯的匹配。,,1.0,1,1,1,4,"{""final_choice"":""report_1"",""credible_choice"":""report_1"",""share_choice"":""report_1"",""comment_choice"":""support_report_1"",""like_choice"":""report_1"",""reason"":""报道1中关于病程拖长、复诊增加和家庭负担的具体描述，与评论中恢复节奏差异大、需要继续观察的线索形成了更连贯的匹配。""}"
main,mycoplasma_pneumonia,low_feedback,main_baseline_neutral,none,positive,negative,289,1,True,,positive,positive,positive,support_positive,positive,报道1和评论中关于多数孩子逐步恢复、医院采取具体应对措施的线索更为具体连贯。,,0.0,0,0,0,0,"{""final_choice"":""report_1"",""credible_choice"":""report_1"",""share_choice"":""report_1"",""comment_choice"":""support_report_1"",""like_choice"":""report_1"",""reason"":""报道1和评论中关于多数孩子逐步恢复、医院采取具体应对措施的线索更为具体连贯。""}"
main,mycoplasma_pneumonia,low_feedback,main_baseline_neutral,none,negative,positive,290,1,True,,negative,negative,negative,support_negative,negative,报道1中更具体、更连续的恢复慢、复诊次数增加和家庭照护负担上升的线索，与评论里家长提到的'咳嗽缓解和体力恢复节奏差异不小'形成呼应，让我更倾向于这一边。,,1.0,1,1,1,4,"{""final_choice"":""report_1"",""credible_choice"":""report_1"",""share_choice"":""report_1"",""comment_choice"":""support_report_1"",""like_choice"":""report_1"",""reason"":""报道1中更具体、更连续的恢复慢、复诊次数增加和家庭照护负担上升的线索，与评论里家长提到的'咳嗽缓解和体力恢复节奏差异不小'形成呼应，让我更倾向于这一边。""}"
main,mycoplasma_pneumonia,low_feedback,main_baseline_neutral,none,positive,negative,291,1,True,,positive,positive,positive,support_positive,positive,报道1中提到了具体应对措施和大多数病例的可预期恢复过程，评论也印证了这一点，让我更倾向于相信这一边。,,0.0,0,0,0,0,"{""final_choice"":""report_1"",""credible_choice"":""report_1"",""share_choice"":""report_1"",""comment_choice"":""support_report_1"",""like_choice"":""report_1"",""reason"":""报道1中提到了具体应对措施和大多数病例的可预期恢复过程，评论也印证了这一点，让我更倾向于相信这一边。""}"
main,mycoplasma_pneumonia,low_feedback,main_baseline_neutral,none,negative,positive,292,1,True,,negative,negative,negative,support_negative,negative,报道1和评论中关于恢复慢、复诊增加和夜间咳嗽反复的具体线索更符合我此刻看到的情况，这些连续的观察让我更关注实际压力而非乐观预期。,,1.0,1,1,1,4,"{""final_choice"":""report_1"",""credible_choice"":""report_1"",""share_choice"":""report_1"",""comment_choice"":""support_report_1"",""like_choice"":""report_1"",""reason"":""报道1和评论中关于恢复慢、复诊增加和夜间咳嗽反复的具体线索更符合我此刻看到的情况，这些连续的观察让我更关注实际压力而非乐观预期。""}"
main,mycoplasma_pneumonia,low_feedback,main_baseline_neutral,none,positive,negative,293,1,True,,positive,positive,positive,support_positive,positive,报道1中具体提到医院通过分诊、延时门诊等措施应对压力，且大多数孩子在规范治疗后几天到一两周内恢复，这些具体应对措施和恢复时间线比报道2中的模糊描述更有说服力。,,0.0,0,0,0,0,"{""final_choice"":""report_1"",""credible_choice"":""report_1"",""share_choice"":""report_1"",""comment_choice"":""support_report_1"",""like_choice"":""report_1"",""reason"":""报道1中具体提到医院通过分诊、延时门诊等措施应对压力，且大多数孩子在规范治疗后几天到一两周内恢复，这些具体应对措施和恢复时间线比报道2中的模糊描述更有说服力。""}"
main,mycoplasma_pneumonia,low_feedback,main_baseline_neutral,none,negative,positive,294,1,True,,negative,negative,negative,support_negative,negative,报道1中关于病程拖长、复诊增加和家庭照护负担的具体描述，与评论中提到的'不同孩子咳嗽缓解和体力恢复节奏差异不小'和'恢复过程需要继续观察'等线索相互印证，形成了更具体的风险提示。,,1.0,1,1,1,4,"{""final_choice"":""report_1"",""credible_choice"":""report_1"",""share_choice"":""report_1"",""comment_choice"":""support_report_1"",""like_choice"":""report_1"",""reason"":""报道1中关于病程拖长、复诊增加和家庭照护负担的具体描述，与评论中提到的'不同孩子咳嗽缓解和体力恢复节奏差异不小'和'恢复过程需要继续观察'等线索相互印证，形成了更具体的风险提示。""}"
main,mycoplasma_pneumonia,low_feedback,main_baseline_neutral,none,positive,negative,295,1,True,,positive,positive,positive,support_positive,positive,报道1中的具体治疗流程和恢复时间线与评论中的分诊、延时门诊等应对措施相互印证，形成更连贯的叙事。,,0.0,0,0,0,0,"{""final_choice"":""report_1"",""credible_choice"":""report_1"",""share_choice"":""report_1"",""comment_choice"":""support_report_1"",""like_choice"":""report_1"",""reason"":""报道1中的具体治疗流程和恢复时间线与评论中的分诊、延时门诊等应对措施相互印证，形成更连贯的叙事。""}"
main,mycoplasma_pneumonia,low_feedback,main_baseline_neutral,none,negative,positive,296,1,True,,negative,negative,negative,support_negative,negative,报道1中提到的'咳嗽拖得更久、复诊次数增加、家庭照护负担上升'这些具体且连贯的风险线索，加上评论中'恢复过程需要继续观察'的提醒，让我更倾向于认为恢复确实存在困难。,,1.0,1,1,1,4,"{""final_choice"":""report_1"",""credible_choice"":""report_1"",""share_choice"":""report_1"",""comment_choice"":""support_report_1"",""like_choice"":""report_1"",""reason"":""报道1中提到的'咳嗽拖得更久、复诊次数增加、家庭照护负担上升'这些具体且连贯的风险线索，加上评论中'恢复过程需要继续观察'的提醒，让我更倾向于认为恢复确实存在困难。""}"
main,mycoplasma_pneumonia,low_feedback,main_baseline_neutral,none,positive,negative,297,1,True,,positive,positive,positive,support_positive,positive,报道1里提到的医院应对措施和恢复节奏，以及评论中逐步恢复和分诊应对的具体线索，让我更相信这一边。,,0.0,0,0,0,0,"{""final_choice"":""report_1"",""credible_choice"":""report_1"",""share_choice"":""report_1"",""comment_choice"":""support_report_1"",""like_choice"":""report_1"",""reason"":""报道1里提到的医院应对措施和恢复节奏，以及评论中逐步恢复和分诊应对的具体线索，让我更相信这一边。""}"
main,mycoplasma_pneumonia,low_feedback,main_baseline_neutral,none,negative,positive,298,1,True,,negative,negative,negative,support_negative,negative,报道1中更具体、更连贯的关于恢复慢、复诊增加和家庭负担上升的线索，与评论中提到的'恢复过程需要继续观察'和'不同孩子咳嗽缓解节奏差异不小'相互印证，让我更倾向于相信这一边。,,1.0,1,1,1,4,"{""final_choice"":""report_1"",""credible_choice"":""report_1"",""share_choice"":""report_1"",""comment_choice"":""support_report_1"",""like_choice"":""report_1"",""reason"":""报道1中更具体、更连贯的关于恢复慢、复诊增加和家庭负担上升的线索，与评论中提到的'恢复过程需要继续观察'和'不同孩子咳嗽缓解节奏差异不小'相互印证，让我更倾向于相信这一边。""}"
main,mycoplasma_pneumonia,low_feedback,main_baseline_neutral,none,positive,negative,299,1,True,,positive,positive,positive,support_positive,positive,报道1和可见评论中关于大多数孩子逐步恢复、医院应对措施的具体描述更连贯一致。,,0.0,0,0,0,0,"{""final_choice"":""report_1"",""credible_choice"":""report_1"",""share_choice"":""report_1"",""comment_choice"":""support_report_1"",""like_choice"":""report_1"",""reason"":""报道1和可见评论中关于大多数孩子逐步恢复、医院应对措施的具体描述更连贯一致。""}"
main,mycoplasma_pneumonia,low_feedback,main_baseline_neutral,none,negative,positive,300,1,True,,negative,negative,negative,support_negative,negative,报道1和评论中提到的恢复慢、复诊次数增加、夜间咳嗽反复等具体风险线索更具体且连续，让我更关注这一边。,,1.0,1,1,1,4,"{""final_choice"":""report_1"",""credible_choice"":""report_1"",""share_choice"":""report_1"",""comment_choice"":""support_report_1"",""like_choice"":""report_1"",""reason"":""报道1和评论中提到的恢复慢、复诊次数增加、夜间咳嗽反复等具体风险线索更具体且连续，让我更关注这一边。""}"
